-- phpMyAdmin SQL Dump
-- version 5.1.0
-- https://www.phpmyadmin.net/
--
-- Host: 127.0.0.1
-- Generation Time: Jun 16, 2021 at 05:02 PM
-- Server version: 10.4.18-MariaDB
-- PHP Version: 8.0.3

SET SQL_MODE = "NO_AUTO_VALUE_ON_ZERO";
START TRANSACTION;
SET time_zone = "+00:00";


/*!40101 SET @OLD_CHARACTER_SET_CLIENT=@@CHARACTER_SET_CLIENT */;
/*!40101 SET @OLD_CHARACTER_SET_RESULTS=@@CHARACTER_SET_RESULTS */;
/*!40101 SET @OLD_COLLATION_CONNECTION=@@COLLATION_CONNECTION */;
/*!40101 SET NAMES utf8mb4 */;

--
-- Database: `quanlydanhgia`
--

-- --------------------------------------------------------

--
-- Table structure for table `bomon`
--

CREATE TABLE `bomon` (
  `MaBoMon` int(11) NOT NULL,
  `MaKhoa` int(11) NOT NULL,
  `TenBoMon` varchar(100) COLLATE utf8_unicode_ci NOT NULL
) ENGINE=InnoDB DEFAULT CHARSET=utf8 COLLATE=utf8_unicode_ci;

--
-- Dumping data for table `bomon`
--

INSERT INTO `bomon` (`MaBoMon`, `MaKhoa`, `TenBoMon`) VALUES
(1, 1, 'lập trình'),
(2, 2, 'toán'),
(3, 1, 'lập trình II'),
(4, 1, 'lập trình III'),
(5, 2, 'toán 2'),
(6, 2, 'toán 3'),
(7, 1, 'lập trình mạng');

-- --------------------------------------------------------

--
-- Table structure for table `cauhoicuahoatdong`
--

CREATE TABLE `cauhoicuahoatdong` (
  `MaHoatDongCauHoi` int(11) NOT NULL,
  `MaHoatDongKhaoSat` int(11) NOT NULL,
  `MaCauHoi` int(11) NOT NULL
) ENGINE=InnoDB DEFAULT CHARSET=utf8 COLLATE=utf8_unicode_ci;

--
-- Dumping data for table `cauhoicuahoatdong`
--

INSERT INTO `cauhoicuahoatdong` (`MaHoatDongCauHoi`, `MaHoatDongKhaoSat`, `MaCauHoi`) VALUES
(39, 1, 1),
(40, 1, 2),
(41, 1, 3),
(42, 1, 4),
(43, 1, 5),
(44, 1, 6),
(45, 1, 7),
(46, 1, 8),
(47, 1, 9),
(48, 1, 10),
(49, 1, 11),
(50, 1, 12),
(51, 1, 13),
(52, 1, 14),
(53, 1, 15),
(54, 1, 16),
(55, 1, 17),
(56, 1, 18),
(57, 1, 19),
(58, 2, 1),
(59, 2, 2),
(60, 2, 3),
(61, 2, 4),
(62, 2, 5),
(63, 2, 6),
(64, 2, 7),
(65, 2, 8),
(66, 2, 9),
(67, 2, 10),
(68, 2, 11),
(69, 2, 12),
(70, 2, 13),
(71, 2, 14),
(72, 2, 15),
(73, 2, 16),
(74, 2, 17),
(75, 2, 18),
(76, 2, 19);

-- --------------------------------------------------------

--
-- Table structure for table `chitietkhaosatcauhoimo`
--

CREATE TABLE `chitietkhaosatcauhoimo` (
  `MaChiTietPhieuCauHoiMo` int(11) NOT NULL,
  `MaLopHocPhan` int(11) NOT NULL,
  `MaTieuChiDanhGia` int(11) NOT NULL,
  `MaHoatDongKhaoSat` int(11) NOT NULL,
  `ThuTuCauHoi` int(11) NOT NULL,
  `NoiDungGopY` varchar(500) COLLATE utf8_unicode_ci NOT NULL,
  `PhanLop` varchar(500) COLLATE utf8_unicode_ci NOT NULL,
  `DanhGia` varchar(100) COLLATE utf8_unicode_ci NOT NULL
) ENGINE=InnoDB DEFAULT CHARSET=utf8 COLLATE=utf8_unicode_ci;

--
-- Dumping data for table `chitietkhaosatcauhoimo`
--

INSERT INTO `chitietkhaosatcauhoimo` (`MaChiTietPhieuCauHoiMo`, `MaLopHocPhan`, `MaTieuChiDanhGia`, `MaHoatDongKhaoSat`, `ThuTuCauHoi`, `NoiDungGopY`, `PhanLop`, `DanhGia`) VALUES
(1, 43, 20, 1, 85, 'thầy dạy tốt', 'Phương pháp', 'Positive'),
(2, 43, 20, 1, 86, 'không', 'Phương pháp', 'Negative'),
(3, 43, 20, 1, 87, 'dạy dễ hiểu', 'Phương pháp', 'Positive'),
(4, 43, 20, 1, 88, 'tích cực giảng dạy', 'Thái độ', 'Positive'),
(5, 43, 21, 1, 89, 'cần quan tâm sv hơn nửa', 'Thái độ', 'Negative'),
(6, 43, 21, 1, 90, 'yêu cầu về kiến thức của thầy quá cao nên cho đề kiểm tra đơn giản hơn ', 'Phương pháp', 'Negative'),
(7, 43, 21, 1, 91, 'không có', 'Phương pháp', 'Positive'),
(8, 43, 21, 1, 92, 'thầy giảng bài hơi khó hiểu cho các sinh viên khác ngành và ít giải thích các bài tập đặt ra', 'Phương pháp', 'Negative'),
(9, 43, 22, 1, 93, 'cần có nhiều phươg pháp giảng dạy tốt hơn', 'Phương pháp', 'Negative'),
(10, 43, 22, 1, 94, 'học phần này chủ yếu được chạy trên máy tính nên khi kết nối máy tính với máy chiếu thường rất mờ', 'Cơ sở vật chất', 'Negative'),
(11, 42, 20, 1, 85, 'thầy dạy tốt', 'Phương pháp', 'Positive'),
(12, 42, 20, 1, 86, 'không', 'Phương pháp', 'Negative'),
(13, 42, 20, 1, 87, 'dạy dễ hiểu', 'Phương pháp', 'Positive'),
(14, 42, 20, 1, 88, 'tích cực giảng dạy', 'Thái độ', 'Positive'),
(15, 42, 21, 1, 89, 'cần quan tâm sv hơn nửa', 'Thái độ', 'Negative'),
(16, 42, 21, 1, 90, 'yêu cầu về kiến thức của thầy quá cao nên cho đề kiểm tra đơn giản hơn ', 'Phương pháp', 'Negative'),
(17, 42, 21, 1, 91, 'không có', 'Phương pháp', 'Positive'),
(18, 42, 21, 1, 92, 'thầy giảng bài hơi khó hiểu cho các sinh viên khác ngành và ít giải thích các bài tập đặt ra', 'Phương pháp', 'Negative'),
(19, 42, 22, 1, 93, 'cần có nhiều phươg pháp giảng dạy tốt hơn', 'Phương pháp', 'Negative'),
(20, 42, 22, 1, 94, 'học phần này chủ yếu được chạy trên máy tính nên khi kết nối máy tính với máy chiếu thường rất mờ', 'Cơ sở vật chất', 'Negative'),
(21, 40, 20, 1, 118, 'tốt', 'Phương pháp', 'Positive'),
(22, 40, 20, 1, 119, 'thầy dạy rất hòa đồng gần gũi ', 'Thái độ', 'Positive'),
(23, 40, 20, 1, 120, 'nhiệt tình', 'Thái độ', 'Positive'),
(24, 40, 20, 1, 121, 'không có', 'Phương pháp', 'Positive'),
(25, 40, 20, 1, 122, 'giảng rất kĩ từng nội dung', 'Phương pháp', 'Positive'),
(26, 40, 20, 1, 123, 'gia ng viên râ t nhiê t ti nh em ca m ơn thâ y ', 'Cơ sở vật chất', 'Negative'),
(27, 40, 20, 1, 124, 'giáo viên nhiệt tình giảng dạy vui vẻ với học sinh', 'Thái độ', 'Positive'),
(28, 40, 20, 1, 125, 'giảng bài dễ hiểu', 'Phương pháp', 'Positive'),
(29, 40, 20, 1, 126, 'nhiệt tình', 'Thái độ', 'Positive'),
(30, 40, 21, 1, 127, 'vui vẻ hơn', 'Thái độ', 'Positive'),
(31, 40, 21, 1, 128, 'không có góp ý', 'Phương pháp', 'None'),
(32, 40, 22, 1, 129, 'tốt', 'Phương pháp', 'Positive'),
(33, 40, 22, 1, 130, 'không có góp ý', 'Phương pháp', 'None'),
(34, 40, 22, 1, 131, 'không có', 'Phương pháp', 'Positive'),
(35, 40, 22, 1, 132, 'cần giúp sinh viên có cơ hội tiếp cận thực tiễn vì đa phần chỉ là lý thuyết và sinh viên phải tự tưởng tượng không cơ sở vì chưa được tiếp xúc quy trình thực tiễn gây hoang mang và khó hiểu khi học học phần', 'Khác', 'Negative');

-- --------------------------------------------------------

--
-- Table structure for table `chitietkhaosatphieu`
--

CREATE TABLE `chitietkhaosatphieu` (
  `MaChiTietKhaoSatPhieu` int(11) NOT NULL,
  `MaPhieuKhaoSat` int(11) NOT NULL,
  `MaTieuChiDanhGia` int(11) NOT NULL,
  `MaHinhThucPhanLoai` int(11) NOT NULL,
  `DiemSo` int(11) NOT NULL
) ENGINE=InnoDB DEFAULT CHARSET=utf8 COLLATE=utf8_unicode_ci;

--
-- Dumping data for table `chitietkhaosatphieu`
--

INSERT INTO `chitietkhaosatphieu` (`MaChiTietKhaoSatPhieu`, `MaPhieuKhaoSat`, `MaTieuChiDanhGia`, `MaHinhThucPhanLoai`, `DiemSo`) VALUES
(1, 1, 1, 1, 5),
(2, 1, 2, 6, 5),
(3, 1, 3, 11, 5),
(4, 1, 4, 16, 5),
(5, 1, 5, 21, 5),
(6, 1, 6, 26, 5),
(7, 1, 7, 31, 5),
(8, 1, 8, 36, 5),
(9, 1, 9, 41, 5),
(10, 1, 10, 46, 5),
(11, 1, 11, 52, 4),
(12, 1, 12, 57, 4),
(13, 1, 13, 61, 5),
(14, 1, 14, 66, 5),
(15, 1, 15, 71, 5),
(16, 1, 16, 76, 5),
(17, 1, 17, 81, 1),
(18, 1, 18, 83, 1),
(19, 1, 19, 89, 2),
(20, 2, 1, 2, 4),
(21, 2, 2, 7, 4),
(22, 2, 3, 11, 5),
(23, 2, 4, 17, 4),
(24, 2, 5, 22, 4),
(25, 2, 6, 27, 4),
(26, 2, 7, 31, 5),
(27, 2, 8, 36, 5),
(28, 2, 9, 42, 4),
(29, 2, 10, 47, 4),
(30, 2, 11, 51, 5),
(31, 2, 12, 57, 4),
(32, 2, 13, 62, 4),
(33, 2, 14, 66, 5),
(34, 2, 15, 72, 4),
(35, 2, 16, 77, 4),
(36, 2, 17, 81, 1),
(37, 2, 18, 83, 1),
(38, 2, 19, 89, 2),
(39, 3, 1, 1, 5),
(40, 3, 2, 6, 5),
(41, 3, 3, 11, 5),
(42, 3, 4, 16, 5),
(43, 3, 5, 21, 5),
(44, 3, 6, 26, 5),
(45, 3, 7, 31, 5),
(46, 3, 8, 36, 5),
(47, 3, 9, 41, 5),
(48, 3, 10, 46, 5),
(49, 3, 11, 52, 4),
(50, 3, 12, 57, 4),
(51, 3, 13, 61, 5),
(52, 3, 14, 66, 5),
(53, 3, 15, 71, 5),
(54, 3, 16, 76, 5),
(55, 3, 17, 81, 1),
(56, 3, 18, 83, 1),
(57, 3, 19, 89, 2),
(58, 4, 1, 2, 4),
(59, 4, 2, 7, 4),
(60, 4, 3, 11, 5),
(61, 4, 4, 17, 4),
(62, 4, 5, 22, 4),
(63, 4, 6, 27, 4),
(64, 4, 7, 31, 5),
(65, 4, 8, 36, 5),
(66, 4, 9, 42, 4),
(67, 4, 10, 47, 4),
(68, 4, 11, 51, 5),
(69, 4, 12, 57, 4),
(70, 4, 13, 62, 4),
(71, 4, 14, 66, 5),
(72, 4, 15, 72, 4),
(73, 4, 16, 77, 4),
(74, 4, 17, 81, 1),
(75, 4, 18, 83, 1),
(76, 4, 19, 89, 2),
(77, 5, 1, 1, 5),
(78, 5, 2, 6, 5),
(79, 5, 3, 11, 5),
(80, 5, 4, 16, 5),
(81, 5, 5, 21, 5),
(82, 5, 6, 26, 5),
(83, 5, 7, 31, 5),
(84, 5, 8, 37, 4),
(85, 5, 9, 41, 5),
(86, 5, 10, 46, 5),
(87, 5, 11, 51, 5),
(88, 5, 12, 56, 5),
(89, 5, 13, 61, 5),
(90, 5, 14, 66, 5),
(91, 5, 15, 71, 5),
(92, 5, 16, 76, 5),
(93, 5, 17, 81, 1),
(94, 5, 18, 83, 1),
(95, 5, 19, 89, 2),
(96, 6, 1, 2, 4),
(97, 6, 2, 7, 4),
(98, 6, 3, 12, 4),
(99, 6, 4, 17, 4),
(100, 6, 5, 22, 4),
(101, 6, 6, 27, 4),
(102, 6, 7, 32, 4),
(103, 6, 8, 37, 4),
(104, 6, 9, 42, 4),
(105, 6, 10, 47, 4),
(106, 6, 11, 52, 4),
(107, 6, 12, 57, 4),
(108, 6, 13, 62, 4),
(109, 6, 14, 67, 4),
(110, 6, 15, 72, 4),
(111, 6, 16, 77, 4),
(112, 6, 17, 81, 1),
(113, 6, 18, 83, 1),
(114, 6, 19, 88, 3),
(115, 7, 1, 1, 5),
(116, 7, 2, 7, 4),
(117, 7, 3, 12, 4),
(118, 7, 4, 18, 3),
(119, 7, 5, 23, 3),
(120, 7, 6, 27, 4),
(121, 7, 7, 32, 4),
(122, 7, 8, 36, 5),
(123, 7, 9, 42, 4),
(124, 7, 10, 47, 4),
(125, 7, 11, 53, 3),
(126, 7, 12, 58, 3),
(127, 7, 13, 62, 4),
(128, 7, 14, 68, 3),
(129, 7, 15, 73, 3),
(130, 7, 16, 76, 5),
(131, 7, 17, 81, 1),
(132, 7, 18, 83, 1),
(133, 7, 19, 88, 3),
(134, 8, 1, 1, 5),
(135, 8, 2, 6, 5),
(136, 8, 3, 11, 5),
(137, 8, 4, 16, 5),
(138, 8, 5, 21, 5),
(139, 8, 6, 26, 5),
(140, 8, 7, 31, 5),
(141, 8, 8, 36, 5),
(142, 8, 9, 41, 5),
(143, 8, 10, 46, 5),
(144, 8, 11, 51, 5),
(145, 8, 12, 56, 5),
(146, 8, 13, 61, 5),
(147, 8, 14, 66, 5),
(148, 8, 15, 71, 5),
(149, 8, 16, 76, 5),
(150, 8, 17, 81, 1),
(151, 8, 18, 83, 1),
(152, 8, 19, 89, 2),
(153, 9, 1, 3, 3),
(154, 9, 2, 7, 4),
(155, 9, 3, 13, 3),
(156, 9, 4, 17, 4),
(157, 9, 5, 23, 3),
(158, 9, 6, 28, 3),
(159, 9, 7, 33, 3),
(160, 9, 8, 38, 3),
(161, 9, 9, 42, 4),
(162, 9, 10, 48, 3),
(163, 9, 11, 53, 3),
(164, 9, 12, 58, 3),
(165, 9, 13, 62, 4),
(166, 9, 14, 68, 3),
(167, 9, 15, 72, 4),
(168, 9, 16, 77, 4),
(169, 9, 17, 81, 1),
(170, 9, 18, 83, 1),
(171, 9, 19, 90, 1),
(172, 10, 1, 2, 4),
(173, 10, 2, 7, 4),
(174, 10, 3, 12, 4),
(175, 10, 4, 17, 4),
(176, 10, 5, 22, 4),
(177, 10, 6, 27, 4),
(178, 10, 7, 32, 4),
(179, 10, 8, 37, 4),
(180, 10, 9, 42, 4),
(181, 10, 10, 47, 4),
(182, 10, 11, 52, 4),
(183, 10, 12, 57, 4),
(184, 10, 13, 62, 4),
(185, 10, 14, 67, 4),
(186, 10, 15, 72, 4),
(187, 10, 16, 77, 4),
(188, 10, 17, 81, 1),
(189, 10, 18, 83, 1),
(190, 10, 19, 90, 1),
(191, 11, 1, 1, 5),
(192, 11, 2, 6, 5),
(193, 11, 3, 12, 4),
(194, 11, 4, 16, 5),
(195, 11, 5, 21, 5),
(196, 11, 6, 26, 5),
(197, 11, 7, 31, 5),
(198, 11, 8, 36, 5),
(199, 11, 9, 42, 4),
(200, 11, 10, 46, 5),
(201, 11, 11, 51, 5),
(202, 11, 12, 57, 4),
(203, 11, 13, 62, 4),
(204, 11, 14, 66, 5),
(205, 11, 15, 71, 5),
(206, 11, 16, 76, 5),
(207, 11, 17, 81, 1),
(208, 11, 18, 83, 1),
(209, 11, 19, 88, 3),
(210, 12, 1, 1, 5),
(211, 12, 2, 6, 5),
(212, 12, 3, 11, 5),
(213, 12, 4, 16, 5),
(214, 12, 5, 21, 5),
(215, 12, 6, 26, 5),
(216, 12, 7, 31, 5),
(217, 12, 8, 36, 5),
(218, 12, 9, 41, 5),
(219, 12, 10, 46, 5),
(220, 12, 11, 51, 5),
(221, 12, 12, 56, 5),
(222, 12, 13, 61, 5),
(223, 12, 14, 66, 5),
(224, 12, 15, 71, 5),
(225, 12, 16, 76, 5),
(226, 12, 17, 81, 1),
(227, 12, 18, 83, 1),
(228, 12, 19, 90, 1),
(229, 13, 1, 2, 4),
(230, 13, 2, 7, 4),
(231, 13, 3, 12, 4),
(232, 13, 4, 17, 4),
(233, 13, 5, 22, 4),
(234, 13, 6, 27, 4),
(235, 13, 7, 32, 4),
(236, 13, 8, 37, 4),
(237, 13, 9, 42, 4),
(238, 13, 10, 47, 4),
(239, 13, 11, 52, 4),
(240, 13, 12, 57, 4),
(241, 13, 13, 62, 4),
(242, 13, 14, 67, 4),
(243, 13, 15, 72, 4),
(244, 13, 16, 77, 4),
(245, 13, 17, 81, 1),
(246, 13, 18, 83, 1),
(247, 13, 19, 89, 2),
(248, 14, 1, 3, 3),
(249, 14, 2, 8, 3),
(250, 14, 3, 13, 3),
(251, 14, 4, 18, 3),
(252, 14, 5, 23, 3),
(253, 14, 6, 28, 3),
(254, 14, 7, 33, 3),
(255, 14, 8, 38, 3),
(256, 14, 9, 43, 3),
(257, 14, 10, 48, 3),
(258, 14, 11, 53, 3),
(259, 14, 12, 58, 3),
(260, 14, 13, 63, 3),
(261, 14, 14, 68, 3),
(262, 14, 15, 73, 3),
(263, 14, 16, 77, 4),
(264, 14, 17, 81, 1),
(265, 14, 18, 83, 1),
(266, 14, 19, 89, 2),
(267, 15, 1, 1, 5),
(268, 15, 2, 6, 5),
(269, 15, 3, 11, 5),
(270, 15, 4, 16, 5),
(271, 15, 5, 21, 5),
(272, 15, 6, 26, 5),
(273, 15, 7, 31, 5),
(274, 15, 8, 36, 5),
(275, 15, 9, 41, 5),
(276, 15, 10, 46, 5),
(277, 15, 11, 51, 5),
(278, 15, 12, 56, 5),
(279, 15, 13, 61, 5),
(280, 15, 14, 66, 5),
(281, 15, 15, 71, 5),
(282, 15, 16, 76, 5),
(283, 15, 17, 81, 1),
(284, 15, 18, 83, 1),
(285, 15, 19, 88, 3),
(286, 16, 1, 3, 3),
(287, 16, 2, 7, 4),
(288, 16, 3, 12, 4),
(289, 16, 4, 16, 5),
(290, 16, 5, 23, 3),
(291, 16, 6, 27, 4),
(292, 16, 7, 33, 3),
(293, 16, 8, 37, 4),
(294, 16, 9, 42, 4),
(295, 16, 10, 47, 4),
(296, 16, 11, 52, 4),
(297, 16, 12, 58, 3),
(298, 16, 13, 64, 2),
(299, 16, 14, 67, 4),
(300, 16, 15, 71, 5),
(301, 16, 16, 77, 4),
(302, 16, 17, 81, 1),
(303, 16, 18, 83, 1),
(304, 16, 19, 88, 3),
(305, 17, 1, 3, 3),
(306, 17, 2, 8, 3),
(307, 17, 3, 13, 3),
(308, 17, 4, 18, 3),
(309, 17, 5, 23, 3),
(310, 17, 6, 28, 3),
(311, 17, 7, 33, 3),
(312, 17, 8, 38, 3),
(313, 17, 9, 43, 3),
(314, 17, 10, 48, 3),
(315, 17, 11, 53, 3),
(316, 17, 12, 58, 3),
(317, 17, 13, 63, 3),
(318, 17, 14, 68, 3),
(319, 17, 15, 73, 3),
(320, 17, 16, 78, 3),
(321, 17, 17, 81, 1),
(322, 17, 18, 83, 1),
(323, 17, 19, 89, 2),
(324, 18, 1, 2, 4),
(325, 18, 2, 6, 5),
(326, 18, 3, 12, 4),
(327, 18, 4, 16, 5),
(328, 18, 5, 21, 5),
(329, 18, 6, 26, 5),
(330, 18, 7, 31, 5),
(331, 18, 8, 36, 5),
(332, 18, 9, 42, 4),
(333, 18, 10, 47, 4),
(334, 18, 11, 52, 4),
(335, 18, 12, 57, 4),
(336, 18, 13, 62, 4),
(337, 18, 14, 67, 4),
(338, 18, 15, 71, 5),
(339, 18, 16, 76, 5),
(340, 18, 17, 81, 1),
(341, 18, 18, 83, 1),
(342, 18, 19, 89, 2),
(343, 19, 1, 2, 4),
(344, 19, 2, 6, 5),
(345, 19, 3, 11, 5),
(346, 19, 4, 16, 5),
(347, 19, 5, 21, 5),
(348, 19, 6, 26, 5),
(349, 19, 7, 31, 5),
(350, 19, 8, 37, 4),
(351, 19, 9, 41, 5),
(352, 19, 10, 47, 4),
(353, 19, 11, 51, 5),
(354, 19, 12, 56, 5),
(355, 19, 13, 61, 5),
(356, 19, 14, 66, 5),
(357, 19, 15, 73, 3),
(358, 19, 16, 78, 3),
(359, 19, 17, 81, 1),
(360, 19, 18, 83, 1),
(361, 19, 19, 88, 3),
(362, 20, 1, 2, 4),
(363, 20, 2, 7, 4),
(364, 20, 3, 12, 4),
(365, 20, 4, 17, 4),
(366, 20, 5, 22, 4),
(367, 20, 6, 27, 4),
(368, 20, 7, 32, 4),
(369, 20, 8, 38, 3),
(370, 20, 9, 42, 4),
(371, 20, 10, 47, 4),
(372, 20, 11, 52, 4),
(373, 20, 12, 57, 4),
(374, 20, 13, 62, 4),
(375, 20, 14, 66, 5),
(376, 20, 15, 73, 3),
(377, 20, 16, 78, 3),
(378, 20, 17, 81, 1),
(379, 20, 18, 83, 1),
(380, 20, 19, 87, 4),
(381, 21, 1, 1, 5),
(382, 21, 2, 6, 5),
(383, 21, 3, 11, 5),
(384, 21, 4, 16, 5),
(385, 21, 5, 21, 5),
(386, 21, 6, 26, 5),
(387, 21, 7, 31, 5),
(388, 21, 8, 36, 5),
(389, 21, 9, 41, 5),
(390, 21, 10, 46, 5),
(391, 21, 11, 51, 5),
(392, 21, 12, 56, 5),
(393, 21, 13, 61, 5),
(394, 21, 14, 66, 5),
(395, 21, 15, 71, 5),
(396, 21, 16, 76, 5),
(397, 21, 17, 81, 1),
(398, 21, 18, 83, 1),
(399, 21, 19, 88, 3),
(400, 22, 1, 1, 5),
(401, 22, 2, 6, 5),
(402, 22, 3, 11, 5),
(403, 22, 4, 16, 5),
(404, 22, 5, 21, 5),
(405, 22, 6, 26, 5),
(406, 22, 7, 31, 5),
(407, 22, 8, 36, 5),
(408, 22, 9, 41, 5),
(409, 22, 10, 46, 5),
(410, 22, 11, 51, 5),
(411, 22, 12, 56, 5),
(412, 22, 13, 61, 5),
(413, 22, 14, 66, 5),
(414, 22, 15, 71, 5),
(415, 22, 16, 76, 5),
(416, 22, 17, 81, 1),
(417, 22, 18, 83, 1),
(418, 22, 19, 90, 1),
(419, 23, 1, 2, 4),
(420, 23, 2, 7, 4),
(421, 23, 3, 12, 4),
(422, 23, 4, 17, 4),
(423, 23, 5, 22, 4),
(424, 23, 6, 27, 4),
(425, 23, 7, 32, 4),
(426, 23, 8, 37, 4),
(427, 23, 9, 42, 4),
(428, 23, 10, 47, 4),
(429, 23, 11, 52, 4),
(430, 23, 12, 57, 4),
(431, 23, 13, 62, 4),
(432, 23, 14, 67, 4),
(433, 23, 15, 72, 4),
(434, 23, 16, 77, 4),
(435, 23, 17, 81, 1),
(436, 23, 18, 83, 1),
(437, 23, 19, 88, 3),
(438, 24, 1, 1, 5),
(439, 24, 2, 6, 5),
(440, 24, 3, 11, 5),
(441, 24, 4, 16, 5),
(442, 24, 5, 21, 5),
(443, 24, 6, 26, 5),
(444, 24, 7, 31, 5),
(445, 24, 8, 36, 5),
(446, 24, 9, 41, 5),
(447, 24, 10, 46, 5),
(448, 24, 11, 51, 5),
(449, 24, 12, 56, 5),
(450, 24, 13, 61, 5),
(451, 24, 14, 66, 5),
(452, 24, 15, 71, 5),
(453, 24, 16, 76, 5),
(454, 24, 17, 81, 1),
(455, 24, 18, 83, 1),
(456, 24, 19, 91, 0),
(457, 25, 1, 1, 5),
(458, 25, 2, 6, 5),
(459, 25, 3, 11, 5),
(460, 25, 4, 16, 5),
(461, 25, 5, 21, 5),
(462, 25, 6, 26, 5),
(463, 25, 7, 31, 5),
(464, 25, 8, 36, 5),
(465, 25, 9, 41, 5),
(466, 25, 10, 46, 5),
(467, 25, 11, 51, 5),
(468, 25, 12, 56, 5),
(469, 25, 13, 61, 5),
(470, 25, 14, 66, 5),
(471, 25, 15, 71, 5),
(472, 25, 16, 76, 5),
(473, 25, 17, 81, 1),
(474, 25, 18, 83, 1),
(475, 25, 19, 89, 2),
(476, 26, 1, 2, 4),
(477, 26, 2, 7, 4),
(478, 26, 3, 12, 4),
(479, 26, 4, 17, 4),
(480, 26, 5, 22, 4),
(481, 26, 6, 27, 4),
(482, 26, 7, 32, 4),
(483, 26, 8, 37, 4),
(484, 26, 9, 42, 4),
(485, 26, 10, 47, 4),
(486, 26, 11, 52, 4),
(487, 26, 12, 57, 4),
(488, 26, 13, 62, 4),
(489, 26, 14, 67, 4),
(490, 26, 15, 72, 4),
(491, 26, 16, 77, 4),
(492, 26, 17, 81, 1),
(493, 26, 18, 83, 1),
(494, 26, 19, 89, 2),
(495, 27, 1, 1, 5),
(496, 27, 2, 6, 5),
(497, 27, 3, 11, 5),
(498, 27, 4, 16, 5),
(499, 27, 5, 21, 5),
(500, 27, 6, 26, 5),
(501, 27, 7, 31, 5),
(502, 27, 8, 38, 3),
(503, 27, 9, 42, 4),
(504, 27, 10, 47, 4),
(505, 27, 11, 52, 4),
(506, 27, 12, 56, 5),
(507, 27, 13, 61, 5),
(508, 27, 14, 68, 3),
(509, 27, 15, 72, 4),
(510, 27, 16, 76, 5),
(511, 27, 17, 81, 1),
(512, 27, 18, 83, 1),
(513, 27, 19, 89, 2),
(514, 28, 1, 2, 4),
(515, 28, 2, 9, 2),
(516, 28, 3, 12, 4),
(517, 28, 4, 17, 4),
(518, 28, 5, 21, 5),
(519, 28, 6, 28, 3),
(520, 28, 7, 34, 2),
(521, 28, 8, 38, 3),
(522, 28, 9, 43, 3),
(523, 28, 10, 48, 3),
(524, 28, 11, 54, 2),
(525, 28, 12, 57, 4),
(526, 28, 13, 64, 2),
(527, 28, 14, 69, 2),
(528, 28, 15, 75, 1),
(529, 28, 16, 78, 3),
(530, 28, 17, 81, 1),
(531, 28, 18, 83, 1),
(532, 28, 19, 86, 5),
(533, 29, 1, 3, 3),
(534, 29, 2, 10, 1),
(535, 29, 3, 13, 3),
(536, 29, 4, 18, 3),
(537, 29, 5, 21, 5),
(538, 29, 6, 27, 4),
(539, 29, 7, 32, 4),
(540, 29, 8, 38, 3),
(541, 29, 9, 44, 2),
(542, 29, 10, 48, 3),
(543, 29, 11, 54, 2),
(544, 29, 12, 59, 2),
(545, 29, 13, 63, 3),
(546, 29, 14, 68, 3),
(547, 29, 15, 73, 3),
(548, 29, 16, 78, 3),
(549, 29, 17, 81, 1),
(550, 29, 18, 83, 1),
(551, 29, 19, 88, 3),
(552, 30, 1, 2, 4),
(553, 30, 2, 7, 4),
(554, 30, 3, 12, 4),
(555, 30, 4, 17, 4),
(556, 30, 5, 22, 4),
(557, 30, 6, 27, 4),
(558, 30, 7, 32, 4),
(559, 30, 8, 37, 4),
(560, 30, 9, 42, 4),
(561, 30, 10, 47, 4),
(562, 30, 11, 52, 4),
(563, 30, 12, 57, 4),
(564, 30, 13, 62, 4),
(565, 30, 14, 67, 4),
(566, 30, 15, 72, 4),
(567, 30, 16, 77, 4),
(568, 30, 17, 81, 1),
(569, 30, 18, 83, 1),
(570, 30, 19, 88, 3),
(571, 31, 1, 2, 4),
(572, 31, 2, 7, 4),
(573, 31, 3, 12, 4),
(574, 31, 4, 17, 4),
(575, 31, 5, 22, 4),
(576, 31, 6, 27, 4),
(577, 31, 7, 32, 4),
(578, 31, 8, 37, 4),
(579, 31, 9, 42, 4),
(580, 31, 10, 47, 4),
(581, 31, 11, 52, 4),
(582, 31, 12, 57, 4),
(583, 31, 13, 62, 4),
(584, 31, 14, 67, 4),
(585, 31, 15, 72, 4),
(586, 31, 16, 77, 4),
(587, 31, 17, 81, 1),
(588, 31, 18, 83, 1),
(589, 31, 19, 88, 3),
(590, 32, 1, 1, 5),
(591, 32, 2, 6, 5),
(592, 32, 3, 11, 5),
(593, 32, 4, 16, 5),
(594, 32, 5, 21, 5),
(595, 32, 6, 26, 5),
(596, 32, 7, 31, 5),
(597, 32, 8, 36, 5),
(598, 32, 9, 41, 5),
(599, 32, 10, 46, 5),
(600, 32, 11, 51, 5),
(601, 32, 12, 56, 5),
(602, 32, 13, 61, 5),
(603, 32, 14, 66, 5),
(604, 32, 15, 71, 5),
(605, 32, 16, 76, 5),
(606, 32, 17, 81, 1),
(607, 32, 18, 83, 1),
(608, 32, 19, 88, 3),
(609, 33, 1, 1, 5),
(610, 33, 2, 6, 5),
(611, 33, 3, 11, 5),
(612, 33, 4, 16, 5),
(613, 33, 5, 21, 5),
(614, 33, 6, 26, 5),
(615, 33, 7, 31, 5),
(616, 33, 8, 36, 5),
(617, 33, 9, 41, 5),
(618, 33, 10, 46, 5),
(619, 33, 11, 51, 5),
(620, 33, 12, 56, 5),
(621, 33, 13, 61, 5),
(622, 33, 14, 66, 5),
(623, 33, 15, 71, 5),
(624, 33, 16, 76, 5),
(625, 33, 17, 81, 1),
(626, 33, 18, 83, 1),
(627, 33, 19, 88, 3),
(628, 34, 1, 1, 5),
(629, 34, 2, 6, 5),
(630, 34, 3, 11, 5),
(631, 34, 4, 16, 5),
(632, 34, 5, 21, 5),
(633, 34, 6, 26, 5),
(634, 34, 7, 31, 5),
(635, 34, 8, 36, 5),
(636, 34, 9, 41, 5),
(637, 34, 10, 46, 5),
(638, 34, 11, 51, 5),
(639, 34, 12, 56, 5),
(640, 34, 13, 61, 5),
(641, 34, 14, 66, 5),
(642, 34, 15, 71, 5),
(643, 34, 16, 76, 5),
(644, 34, 17, 81, 1),
(645, 34, 18, 83, 1),
(646, 34, 19, 86, 5),
(647, 35, 1, 1, 5),
(648, 35, 2, 6, 5),
(649, 35, 3, 11, 5),
(650, 35, 4, 16, 5),
(651, 35, 5, 21, 5),
(652, 35, 6, 26, 5),
(653, 35, 7, 31, 5),
(654, 35, 8, 36, 5),
(655, 35, 9, 41, 5),
(656, 35, 10, 46, 5),
(657, 35, 11, 51, 5),
(658, 35, 12, 56, 5),
(659, 35, 13, 61, 5),
(660, 35, 14, 66, 5),
(661, 35, 15, 71, 5),
(662, 35, 16, 76, 5),
(663, 35, 17, 81, 1),
(664, 35, 18, 83, 1),
(665, 35, 19, 89, 2),
(666, 36, 1, 1, 5),
(667, 36, 2, 6, 5),
(668, 36, 3, 11, 5),
(669, 36, 4, 16, 5),
(670, 36, 5, 21, 5),
(671, 36, 6, 26, 5),
(672, 36, 7, 31, 5),
(673, 36, 8, 36, 5),
(674, 36, 9, 41, 5),
(675, 36, 10, 46, 5),
(676, 36, 11, 51, 5),
(677, 36, 12, 56, 5),
(678, 36, 13, 61, 5),
(679, 36, 14, 66, 5),
(680, 36, 15, 71, 5),
(681, 36, 16, 76, 5),
(682, 36, 17, 81, 1),
(683, 36, 18, 83, 1),
(684, 36, 19, 91, 0),
(685, 37, 1, 2, 4),
(686, 37, 2, 7, 4),
(687, 37, 3, 12, 4),
(688, 37, 4, 17, 4),
(689, 37, 5, 22, 4),
(690, 37, 6, 27, 4),
(691, 37, 7, 32, 4),
(692, 37, 8, 37, 4),
(693, 37, 9, 42, 4),
(694, 37, 10, 47, 4),
(695, 37, 11, 52, 4),
(696, 37, 12, 57, 4),
(697, 37, 13, 62, 4),
(698, 37, 14, 67, 4),
(699, 37, 15, 72, 4),
(700, 37, 16, 77, 4),
(701, 37, 17, 81, 1),
(702, 37, 18, 83, 1),
(703, 37, 19, 88, 3),
(704, 38, 1, 2, 4),
(705, 38, 2, 7, 4),
(706, 38, 3, 12, 4),
(707, 38, 4, 17, 4),
(708, 38, 5, 22, 4),
(709, 38, 6, 27, 4),
(710, 38, 7, 32, 4),
(711, 38, 8, 37, 4),
(712, 38, 9, 42, 4),
(713, 38, 10, 47, 4),
(714, 38, 11, 52, 4),
(715, 38, 12, 57, 4),
(716, 38, 13, 62, 4),
(717, 38, 14, 67, 4),
(718, 38, 15, 72, 4),
(719, 38, 16, 77, 4),
(720, 38, 17, 81, 1),
(721, 38, 18, 83, 1),
(722, 38, 19, 88, 3),
(723, 39, 1, 1, 5),
(724, 39, 2, 6, 5),
(725, 39, 3, 11, 5),
(726, 39, 4, 16, 5),
(727, 39, 5, 21, 5),
(728, 39, 6, 26, 5),
(729, 39, 7, 32, 4),
(730, 39, 8, 36, 5),
(731, 39, 9, 42, 4),
(732, 39, 10, 46, 5),
(733, 39, 11, 51, 5),
(734, 39, 12, 56, 5),
(735, 39, 13, 62, 4),
(736, 39, 14, 66, 5),
(737, 39, 15, 73, 3),
(738, 39, 16, 76, 5),
(739, 39, 17, 81, 1),
(740, 39, 18, 83, 1),
(741, 39, 19, 88, 3),
(742, 40, 1, 2, 4),
(743, 40, 2, 7, 4),
(744, 40, 3, 12, 4),
(745, 40, 4, 17, 4),
(746, 40, 5, 22, 4),
(747, 40, 6, 27, 4),
(748, 40, 7, 32, 4),
(749, 40, 8, 37, 4),
(750, 40, 9, 42, 4),
(751, 40, 10, 47, 4),
(752, 40, 11, 52, 4),
(753, 40, 12, 57, 4),
(754, 40, 13, 62, 4),
(755, 40, 14, 67, 4),
(756, 40, 15, 72, 4),
(757, 40, 16, 77, 4),
(758, 40, 17, 81, 1),
(759, 40, 18, 83, 1),
(760, 40, 19, 88, 3),
(761, 41, 1, 2, 4),
(762, 41, 2, 7, 4),
(763, 41, 3, 12, 4),
(764, 41, 4, 17, 4),
(765, 41, 5, 22, 4),
(766, 41, 6, 27, 4),
(767, 41, 7, 32, 4),
(768, 41, 8, 37, 4),
(769, 41, 9, 42, 4),
(770, 41, 10, 47, 4),
(771, 41, 11, 52, 4),
(772, 41, 12, 57, 4),
(773, 41, 13, 62, 4),
(774, 41, 14, 67, 4),
(775, 41, 15, 72, 4),
(776, 41, 16, 77, 4),
(777, 41, 17, 81, 1),
(778, 41, 18, 83, 1),
(779, 41, 19, 89, 2),
(780, 42, 1, 1, 5),
(781, 42, 2, 6, 5),
(782, 42, 3, 11, 5),
(783, 42, 4, 17, 4),
(784, 42, 5, 21, 5),
(785, 42, 6, 26, 5),
(786, 42, 7, 31, 5),
(787, 42, 8, 36, 5),
(788, 42, 9, 41, 5),
(789, 42, 10, 46, 5),
(790, 42, 11, 51, 5),
(791, 42, 12, 56, 5),
(792, 42, 13, 61, 5),
(793, 42, 14, 66, 5),
(794, 42, 15, 71, 5),
(795, 42, 16, 76, 5),
(796, 42, 17, 81, 1),
(797, 42, 18, 83, 1),
(798, 42, 19, 89, 2),
(799, 43, 1, 1, 5),
(800, 43, 2, 6, 5),
(801, 43, 3, 11, 5),
(802, 43, 4, 16, 5),
(803, 43, 5, 21, 5),
(804, 43, 6, 26, 5),
(805, 43, 7, 31, 5),
(806, 43, 8, 36, 5),
(807, 43, 9, 41, 5),
(808, 43, 10, 46, 5),
(809, 43, 11, 51, 5),
(810, 43, 12, 56, 5),
(811, 43, 13, 61, 5),
(812, 43, 14, 66, 5),
(813, 43, 15, 71, 5),
(814, 43, 16, 76, 5),
(815, 43, 17, 81, 1),
(816, 43, 18, 83, 1),
(817, 43, 19, 87, 4),
(818, 44, 1, 3, 3),
(819, 44, 2, 6, 5),
(820, 44, 3, 11, 5),
(821, 44, 4, 16, 5),
(822, 44, 5, 21, 5),
(823, 44, 6, 27, 4),
(824, 44, 7, 31, 5),
(825, 44, 8, 37, 4),
(826, 44, 9, 41, 5),
(827, 44, 10, 48, 3),
(828, 44, 11, 51, 5),
(829, 44, 12, 56, 5),
(830, 44, 13, 61, 5),
(831, 44, 14, 68, 3),
(832, 44, 15, 73, 3),
(833, 44, 16, 77, 4),
(834, 44, 17, 81, 1),
(835, 44, 18, 83, 1),
(836, 44, 19, 91, 0),
(837, 45, 1, 1, 5),
(838, 45, 2, 6, 5),
(839, 45, 3, 11, 5),
(840, 45, 4, 16, 5),
(841, 45, 5, 21, 5),
(842, 45, 6, 26, 5),
(843, 45, 7, 31, 5),
(844, 45, 8, 36, 5),
(845, 45, 9, 41, 5),
(846, 45, 10, 46, 5),
(847, 45, 11, 51, 5),
(848, 45, 12, 56, 5),
(849, 45, 13, 61, 5),
(850, 45, 14, 66, 5),
(851, 45, 15, 71, 5),
(852, 45, 16, 76, 5),
(853, 45, 17, 81, 1),
(854, 45, 18, 83, 1),
(855, 45, 19, 89, 2),
(856, 46, 1, 2, 4),
(857, 46, 2, 7, 4),
(858, 46, 3, 12, 4),
(859, 46, 4, 17, 4),
(860, 46, 5, 22, 4),
(861, 46, 6, 27, 4),
(862, 46, 7, 32, 4),
(863, 46, 8, 37, 4),
(864, 46, 9, 42, 4),
(865, 46, 10, 47, 4),
(866, 46, 11, 52, 4),
(867, 46, 12, 57, 4),
(868, 46, 13, 62, 4),
(869, 46, 14, 67, 4),
(870, 46, 15, 72, 4),
(871, 46, 16, 77, 4),
(872, 46, 17, 81, 1),
(873, 46, 18, 83, 1),
(874, 46, 19, 89, 2),
(875, 47, 1, 2, 4),
(876, 47, 2, 7, 4),
(877, 47, 3, 12, 4),
(878, 47, 4, 17, 4),
(879, 47, 5, 22, 4),
(880, 47, 6, 27, 4),
(881, 47, 7, 32, 4),
(882, 47, 8, 37, 4),
(883, 47, 9, 42, 4),
(884, 47, 10, 48, 3),
(885, 47, 11, 52, 4),
(886, 47, 12, 57, 4),
(887, 47, 13, 62, 4),
(888, 47, 14, 67, 4),
(889, 47, 15, 73, 3),
(890, 47, 16, 77, 4),
(891, 47, 17, 81, 1),
(892, 47, 18, 83, 1),
(893, 47, 19, 89, 2),
(894, 48, 1, 2, 4),
(895, 48, 2, 7, 4),
(896, 48, 3, 12, 4),
(897, 48, 4, 16, 5),
(898, 48, 5, 21, 5),
(899, 48, 6, 27, 4),
(900, 48, 7, 32, 4),
(901, 48, 8, 37, 4),
(902, 48, 9, 42, 4),
(903, 48, 10, 46, 5),
(904, 48, 11, 51, 5),
(905, 48, 12, 56, 5),
(906, 48, 13, 61, 5),
(907, 48, 14, 67, 4),
(908, 48, 15, 71, 5),
(909, 48, 16, 76, 5),
(910, 48, 17, 81, 1),
(911, 48, 18, 83, 1),
(912, 48, 19, 88, 3),
(913, 49, 1, 1, 5),
(914, 49, 2, 6, 5),
(915, 49, 3, 11, 5),
(916, 49, 4, 16, 5),
(917, 49, 5, 21, 5),
(918, 49, 6, 26, 5),
(919, 49, 7, 31, 5),
(920, 49, 8, 36, 5),
(921, 49, 9, 41, 5),
(922, 49, 10, 46, 5),
(923, 49, 11, 51, 5),
(924, 49, 12, 56, 5),
(925, 49, 13, 61, 5),
(926, 49, 14, 66, 5),
(927, 49, 15, 71, 5),
(928, 49, 16, 76, 5),
(929, 49, 17, 81, 1),
(930, 49, 18, 83, 1),
(931, 49, 19, 89, 2),
(932, 50, 1, 1, 5),
(933, 50, 2, 6, 5),
(934, 50, 3, 11, 5),
(935, 50, 4, 16, 5),
(936, 50, 5, 21, 5),
(937, 50, 6, 26, 5),
(938, 50, 7, 31, 5),
(939, 50, 8, 36, 5),
(940, 50, 9, 41, 5),
(941, 50, 10, 46, 5),
(942, 50, 11, 51, 5),
(943, 50, 12, 56, 5),
(944, 50, 13, 61, 5),
(945, 50, 14, 66, 5),
(946, 50, 15, 71, 5),
(947, 50, 16, 76, 5),
(948, 50, 17, 81, 1),
(949, 50, 18, 83, 1),
(950, 50, 19, 89, 2),
(951, 51, 1, 2, 4),
(952, 51, 2, 7, 4),
(953, 51, 3, 12, 4),
(954, 51, 4, 17, 4),
(955, 51, 5, 22, 4),
(956, 51, 6, 27, 4),
(957, 51, 7, 32, 4),
(958, 51, 8, 37, 4),
(959, 51, 9, 42, 4),
(960, 51, 10, 47, 4),
(961, 51, 11, 52, 4),
(962, 51, 12, 57, 4),
(963, 51, 13, 62, 4),
(964, 51, 14, 67, 4),
(965, 51, 15, 72, 4),
(966, 51, 16, 77, 4),
(967, 51, 17, 81, 1),
(968, 51, 18, 83, 1),
(969, 51, 19, 89, 2),
(970, 52, 1, 2, 4),
(971, 52, 2, 7, 4),
(972, 52, 3, 12, 4),
(973, 52, 4, 17, 4),
(974, 52, 5, 22, 4),
(975, 52, 6, 27, 4),
(976, 52, 7, 32, 4),
(977, 52, 8, 37, 4),
(978, 52, 9, 42, 4),
(979, 52, 10, 47, 4),
(980, 52, 11, 52, 4),
(981, 52, 12, 57, 4),
(982, 52, 13, 62, 4),
(983, 52, 14, 67, 4),
(984, 52, 15, 72, 4),
(985, 52, 16, 77, 4),
(986, 52, 17, 81, 1),
(987, 52, 18, 83, 1),
(988, 52, 19, 89, 2),
(989, 53, 1, 2, 4),
(990, 53, 2, 7, 4),
(991, 53, 3, 12, 4),
(992, 53, 4, 17, 4),
(993, 53, 5, 22, 4),
(994, 53, 6, 27, 4),
(995, 53, 7, 32, 4),
(996, 53, 8, 37, 4),
(997, 53, 9, 42, 4),
(998, 53, 10, 47, 4),
(999, 53, 11, 52, 4),
(1000, 53, 12, 57, 4),
(1001, 53, 13, 62, 4),
(1002, 53, 14, 67, 4),
(1003, 53, 15, 72, 4),
(1004, 53, 16, 77, 4),
(1005, 53, 17, 81, 1),
(1006, 53, 18, 83, 1),
(1007, 53, 19, 89, 2),
(1008, 54, 1, 1, 5),
(1009, 54, 2, 6, 5),
(1010, 54, 3, 11, 5),
(1011, 54, 4, 16, 5),
(1012, 54, 5, 21, 5),
(1013, 54, 6, 26, 5),
(1014, 54, 7, 31, 5),
(1015, 54, 8, 36, 5),
(1016, 54, 9, 41, 5),
(1017, 54, 10, 46, 5),
(1018, 54, 11, 51, 5),
(1019, 54, 12, 56, 5),
(1020, 54, 13, 61, 5),
(1021, 54, 14, 66, 5),
(1022, 54, 15, 71, 5),
(1023, 54, 16, 76, 5),
(1024, 54, 17, 81, 1),
(1025, 54, 18, 83, 1),
(1026, 54, 19, 86, 5),
(1027, 55, 1, 2, 4),
(1028, 55, 2, 7, 4),
(1029, 55, 3, 12, 4),
(1030, 55, 4, 17, 4),
(1031, 55, 5, 23, 3),
(1032, 55, 6, 27, 4),
(1033, 55, 7, 32, 4),
(1034, 55, 8, 37, 4),
(1035, 55, 9, 42, 4),
(1036, 55, 10, 47, 4),
(1037, 55, 11, 52, 4),
(1038, 55, 12, 57, 4),
(1039, 55, 13, 62, 4),
(1040, 55, 14, 67, 4),
(1041, 55, 15, 72, 4),
(1042, 55, 16, 77, 4),
(1043, 55, 17, 81, 1),
(1044, 55, 18, 83, 1),
(1045, 55, 19, 89, 2),
(1046, 56, 1, 2, 4),
(1047, 56, 2, 7, 4),
(1048, 56, 3, 12, 4),
(1049, 56, 4, 16, 5),
(1050, 56, 5, 21, 5),
(1051, 56, 6, 27, 4),
(1052, 56, 7, 32, 4),
(1053, 56, 8, 36, 5),
(1054, 56, 9, 41, 5),
(1055, 56, 10, 47, 4),
(1056, 56, 11, 51, 5),
(1057, 56, 12, 56, 5),
(1058, 56, 13, 61, 5),
(1059, 56, 14, 67, 4),
(1060, 56, 15, 71, 5),
(1061, 56, 16, 76, 5),
(1062, 56, 17, 81, 1),
(1063, 56, 18, 83, 1),
(1064, 56, 19, 88, 3),
(1065, 57, 1, 1, 5),
(1066, 57, 2, 6, 5),
(1067, 57, 3, 11, 5),
(1068, 57, 4, 16, 5),
(1069, 57, 5, 21, 5),
(1070, 57, 6, 26, 5),
(1071, 57, 7, 31, 5),
(1072, 57, 8, 36, 5),
(1073, 57, 9, 41, 5),
(1074, 57, 10, 46, 5),
(1075, 57, 11, 51, 5),
(1076, 57, 12, 56, 5),
(1077, 57, 13, 61, 5),
(1078, 57, 14, 66, 5),
(1079, 57, 15, 71, 5),
(1080, 57, 16, 76, 5),
(1081, 57, 17, 81, 1),
(1082, 57, 18, 83, 1),
(1083, 57, 19, 89, 2),
(1084, 58, 1, 2, 4),
(1085, 58, 2, 7, 4),
(1086, 58, 3, 12, 4),
(1087, 58, 4, 17, 4),
(1088, 58, 5, 22, 4),
(1089, 58, 6, 27, 4),
(1090, 58, 7, 32, 4),
(1091, 58, 8, 37, 4),
(1092, 58, 9, 42, 4),
(1093, 58, 10, 47, 4),
(1094, 58, 11, 52, 4),
(1095, 58, 12, 57, 4),
(1096, 58, 13, 62, 4),
(1097, 58, 14, 67, 4),
(1098, 58, 15, 72, 4),
(1099, 58, 16, 77, 4),
(1100, 58, 17, 81, 1),
(1101, 58, 18, 83, 1),
(1102, 58, 19, 88, 3),
(1103, 59, 1, 2, 4),
(1104, 59, 2, 7, 4),
(1105, 59, 3, 12, 4),
(1106, 59, 4, 17, 4),
(1107, 59, 5, 21, 5),
(1108, 59, 6, 27, 4),
(1109, 59, 7, 32, 4),
(1110, 59, 8, 37, 4),
(1111, 59, 9, 43, 3),
(1112, 59, 10, 47, 4),
(1113, 59, 11, 53, 3),
(1114, 59, 12, 57, 4),
(1115, 59, 13, 61, 5),
(1116, 59, 14, 68, 3),
(1117, 59, 15, 71, 5),
(1118, 59, 16, 76, 5),
(1119, 59, 17, 81, 1),
(1120, 59, 18, 83, 1),
(1121, 59, 19, 88, 3),
(1122, 60, 1, 2, 4),
(1123, 60, 2, 7, 4),
(1124, 60, 3, 12, 4),
(1125, 60, 4, 17, 4),
(1126, 60, 5, 22, 4),
(1127, 60, 6, 27, 4),
(1128, 60, 7, 32, 4),
(1129, 60, 8, 37, 4),
(1130, 60, 9, 42, 4),
(1131, 60, 10, 47, 4),
(1132, 60, 11, 52, 4),
(1133, 60, 12, 57, 4),
(1134, 60, 13, 62, 4),
(1135, 60, 14, 67, 4),
(1136, 60, 15, 72, 4),
(1137, 60, 16, 76, 5),
(1138, 60, 17, 81, 1),
(1139, 60, 18, 83, 1),
(1140, 60, 19, 89, 2),
(1141, 61, 1, 2, 4),
(1142, 61, 2, 8, 3),
(1143, 61, 3, 12, 4),
(1144, 61, 4, 17, 4),
(1145, 61, 5, 23, 3),
(1146, 61, 6, 28, 3),
(1147, 61, 7, 32, 4),
(1148, 61, 8, 37, 4),
(1149, 61, 9, 43, 3),
(1150, 61, 10, 47, 4),
(1151, 61, 11, 52, 4),
(1152, 61, 12, 58, 3),
(1153, 61, 13, 62, 4),
(1154, 61, 14, 67, 4),
(1155, 61, 15, 72, 4),
(1156, 61, 16, 77, 4),
(1157, 61, 17, 81, 1),
(1158, 61, 18, 83, 1),
(1159, 61, 19, 90, 1),
(1160, 62, 1, 1, 5),
(1161, 62, 2, 6, 5),
(1162, 62, 3, 11, 5),
(1163, 62, 4, 16, 5),
(1164, 62, 5, 21, 5),
(1165, 62, 6, 26, 5),
(1166, 62, 7, 31, 5),
(1167, 62, 8, 36, 5),
(1168, 62, 9, 41, 5),
(1169, 62, 10, 46, 5),
(1170, 62, 11, 51, 5),
(1171, 62, 12, 56, 5),
(1172, 62, 13, 61, 5),
(1173, 62, 14, 66, 5),
(1174, 62, 15, 71, 5),
(1175, 62, 16, 76, 5),
(1176, 62, 17, 81, 1),
(1177, 62, 18, 83, 1),
(1178, 62, 19, 89, 2),
(1179, 63, 1, 1, 5),
(1180, 63, 2, 6, 5),
(1181, 63, 3, 11, 5),
(1182, 63, 4, 16, 5),
(1183, 63, 5, 21, 5),
(1184, 63, 6, 26, 5),
(1185, 63, 7, 31, 5),
(1186, 63, 8, 36, 5),
(1187, 63, 9, 41, 5),
(1188, 63, 10, 46, 5),
(1189, 63, 11, 51, 5),
(1190, 63, 12, 56, 5),
(1191, 63, 13, 61, 5),
(1192, 63, 14, 66, 5),
(1193, 63, 15, 71, 5),
(1194, 63, 16, 76, 5),
(1195, 63, 17, 81, 1),
(1196, 63, 18, 83, 1),
(1197, 63, 19, 88, 3),
(1198, 64, 1, 1, 5),
(1199, 64, 2, 6, 5),
(1200, 64, 3, 11, 5),
(1201, 64, 4, 16, 5),
(1202, 64, 5, 21, 5),
(1203, 64, 6, 26, 5),
(1204, 64, 7, 31, 5),
(1205, 64, 8, 36, 5),
(1206, 64, 9, 41, 5),
(1207, 64, 10, 46, 5),
(1208, 64, 11, 51, 5),
(1209, 64, 12, 56, 5),
(1210, 64, 13, 61, 5),
(1211, 64, 14, 66, 5),
(1212, 64, 15, 71, 5),
(1213, 64, 16, 76, 5),
(1214, 64, 17, 81, 1),
(1215, 64, 18, 83, 1),
(1216, 64, 19, 91, 0),
(1217, 65, 1, 2, 4),
(1218, 65, 2, 6, 5),
(1219, 65, 3, 11, 5),
(1220, 65, 4, 17, 4),
(1221, 65, 5, 22, 4),
(1222, 65, 6, 26, 5),
(1223, 65, 7, 31, 5),
(1224, 65, 8, 36, 5),
(1225, 65, 9, 42, 4),
(1226, 65, 10, 47, 4),
(1227, 65, 11, 51, 5),
(1228, 65, 12, 57, 4),
(1229, 65, 13, 62, 4),
(1230, 65, 14, 66, 5),
(1231, 65, 15, 72, 4),
(1232, 65, 16, 77, 4),
(1233, 65, 17, 81, 1),
(1234, 65, 18, 83, 1),
(1235, 65, 19, 88, 3),
(1236, 66, 1, 1, 5),
(1237, 66, 2, 6, 5),
(1238, 66, 3, 11, 5),
(1239, 66, 4, 16, 5),
(1240, 66, 5, 21, 5),
(1241, 66, 6, 26, 5),
(1242, 66, 7, 31, 5),
(1243, 66, 8, 36, 5),
(1244, 66, 9, 41, 5),
(1245, 66, 10, 46, 5),
(1246, 66, 11, 51, 5),
(1247, 66, 12, 56, 5),
(1248, 66, 13, 61, 5),
(1249, 66, 14, 66, 5),
(1250, 66, 15, 71, 5),
(1251, 66, 16, 76, 5),
(1252, 66, 17, 81, 1),
(1253, 66, 18, 83, 1),
(1254, 66, 19, 87, 4),
(1255, 67, 1, 2, 4),
(1256, 67, 2, 7, 4),
(1257, 67, 3, 12, 4),
(1258, 67, 4, 16, 5),
(1259, 67, 5, 22, 4),
(1260, 67, 6, 28, 3),
(1261, 67, 7, 33, 3),
(1262, 67, 8, 37, 4),
(1263, 67, 9, 42, 4),
(1264, 67, 10, 48, 3),
(1265, 67, 11, 53, 3),
(1266, 67, 12, 57, 4),
(1267, 67, 13, 62, 4),
(1268, 67, 14, 67, 4),
(1269, 67, 15, 72, 4),
(1270, 67, 16, 77, 4),
(1271, 67, 17, 81, 1),
(1272, 67, 18, 83, 1),
(1273, 67, 19, 89, 2),
(1274, 68, 1, 1, 5),
(1275, 68, 2, 6, 5),
(1276, 68, 3, 11, 5),
(1277, 68, 4, 16, 5),
(1278, 68, 5, 21, 5),
(1279, 68, 6, 26, 5),
(1280, 68, 7, 31, 5),
(1281, 68, 8, 36, 5),
(1282, 68, 9, 41, 5),
(1283, 68, 10, 46, 5),
(1284, 68, 11, 51, 5),
(1285, 68, 12, 56, 5),
(1286, 68, 13, 61, 5),
(1287, 68, 14, 66, 5),
(1288, 68, 15, 71, 5),
(1289, 68, 16, 76, 5),
(1290, 68, 17, 81, 1),
(1291, 68, 18, 83, 1),
(1292, 68, 19, 89, 2),
(1293, 69, 1, 1, 5),
(1294, 69, 2, 6, 5),
(1295, 69, 3, 11, 5),
(1296, 69, 4, 16, 5),
(1297, 69, 5, 21, 5),
(1298, 69, 6, 26, 5),
(1299, 69, 7, 31, 5),
(1300, 69, 8, 36, 5),
(1301, 69, 9, 41, 5),
(1302, 69, 10, 46, 5),
(1303, 69, 11, 51, 5),
(1304, 69, 12, 56, 5),
(1305, 69, 13, 61, 5),
(1306, 69, 14, 66, 5),
(1307, 69, 15, 71, 5),
(1308, 69, 16, 76, 5),
(1309, 69, 17, 81, 1),
(1310, 69, 18, 83, 1),
(1311, 69, 19, 90, 1),
(1312, 70, 1, 1, 5),
(1313, 70, 2, 6, 5),
(1314, 70, 3, 11, 5),
(1315, 70, 4, 16, 5),
(1316, 70, 5, 21, 5),
(1317, 70, 6, 26, 5),
(1318, 70, 7, 31, 5),
(1319, 70, 8, 36, 5),
(1320, 70, 9, 41, 5),
(1321, 70, 10, 46, 5),
(1322, 70, 11, 51, 5),
(1323, 70, 12, 56, 5),
(1324, 70, 13, 61, 5),
(1325, 70, 14, 66, 5),
(1326, 70, 15, 71, 5),
(1327, 70, 16, 76, 5),
(1328, 70, 17, 81, 1),
(1329, 70, 18, 83, 1),
(1330, 70, 19, 86, 5),
(1331, 71, 1, 1, 5),
(1332, 71, 2, 6, 5),
(1333, 71, 3, 11, 5),
(1334, 71, 4, 16, 5),
(1335, 71, 5, 21, 5),
(1336, 71, 6, 26, 5),
(1337, 71, 7, 31, 5),
(1338, 71, 8, 36, 5),
(1339, 71, 9, 41, 5),
(1340, 71, 10, 46, 5),
(1341, 71, 11, 51, 5),
(1342, 71, 12, 56, 5),
(1343, 71, 13, 61, 5),
(1344, 71, 14, 66, 5),
(1345, 71, 15, 71, 5),
(1346, 71, 16, 76, 5),
(1347, 71, 17, 81, 1),
(1348, 71, 18, 83, 1),
(1349, 71, 19, 89, 2),
(1350, 72, 1, 1, 5),
(1351, 72, 2, 6, 5),
(1352, 72, 3, 11, 5),
(1353, 72, 4, 16, 5),
(1354, 72, 5, 21, 5),
(1355, 72, 6, 26, 5),
(1356, 72, 7, 31, 5),
(1357, 72, 8, 36, 5),
(1358, 72, 9, 41, 5),
(1359, 72, 10, 46, 5),
(1360, 72, 11, 51, 5),
(1361, 72, 12, 56, 5),
(1362, 72, 13, 61, 5),
(1363, 72, 14, 66, 5),
(1364, 72, 15, 71, 5),
(1365, 72, 16, 76, 5),
(1366, 72, 17, 81, 1),
(1367, 72, 18, 83, 1),
(1368, 72, 19, 89, 2),
(1369, 73, 1, 1, 5),
(1370, 73, 2, 6, 5),
(1371, 73, 3, 11, 5),
(1372, 73, 4, 16, 5),
(1373, 73, 5, 21, 5),
(1374, 73, 6, 26, 5),
(1375, 73, 7, 31, 5),
(1376, 73, 8, 36, 5),
(1377, 73, 9, 41, 5),
(1378, 73, 10, 46, 5),
(1379, 73, 11, 51, 5),
(1380, 73, 12, 56, 5),
(1381, 73, 13, 61, 5),
(1382, 73, 14, 66, 5),
(1383, 73, 15, 71, 5),
(1384, 73, 16, 76, 5),
(1385, 73, 17, 81, 1),
(1386, 73, 18, 83, 1),
(1387, 73, 19, 89, 2),
(1388, 74, 1, 1, 5),
(1389, 74, 2, 6, 5),
(1390, 74, 3, 11, 5),
(1391, 74, 4, 16, 5),
(1392, 74, 5, 21, 5),
(1393, 74, 6, 26, 5),
(1394, 74, 7, 31, 5),
(1395, 74, 8, 36, 5),
(1396, 74, 9, 41, 5),
(1397, 74, 10, 46, 5),
(1398, 74, 11, 51, 5),
(1399, 74, 12, 56, 5),
(1400, 74, 13, 61, 5),
(1401, 74, 14, 66, 5),
(1402, 74, 15, 71, 5),
(1403, 74, 16, 76, 5),
(1404, 74, 17, 81, 1),
(1405, 74, 18, 83, 1),
(1406, 74, 19, 88, 3),
(1407, 75, 1, 2, 4),
(1408, 75, 2, 8, 3),
(1409, 75, 3, 12, 4),
(1410, 75, 4, 16, 5),
(1411, 75, 5, 21, 5),
(1412, 75, 6, 26, 5),
(1413, 75, 7, 32, 4),
(1414, 75, 8, 36, 5),
(1415, 75, 9, 41, 5),
(1416, 75, 10, 47, 4),
(1417, 75, 11, 51, 5),
(1418, 75, 12, 56, 5),
(1419, 75, 13, 62, 4),
(1420, 75, 14, 66, 5),
(1421, 75, 15, 72, 4),
(1422, 75, 16, 77, 4),
(1423, 75, 17, 81, 1),
(1424, 75, 18, 83, 1),
(1425, 75, 19, 89, 2),
(1426, 76, 1, 3, 3),
(1427, 76, 2, 8, 3),
(1428, 76, 3, 13, 3),
(1429, 76, 4, 18, 3),
(1430, 76, 5, 23, 3),
(1431, 76, 6, 28, 3),
(1432, 76, 7, 33, 3),
(1433, 76, 8, 38, 3),
(1434, 76, 9, 43, 3),
(1435, 76, 10, 48, 3),
(1436, 76, 11, 53, 3),
(1437, 76, 12, 58, 3),
(1438, 76, 13, 63, 3),
(1439, 76, 14, 68, 3),
(1440, 76, 15, 73, 3),
(1441, 76, 16, 78, 3),
(1442, 76, 17, 81, 1),
(1443, 76, 18, 83, 1),
(1444, 76, 19, 89, 2),
(1445, 77, 1, 1, 5),
(1446, 77, 2, 6, 5),
(1447, 77, 3, 11, 5),
(1448, 77, 4, 16, 5),
(1449, 77, 5, 21, 5),
(1450, 77, 6, 26, 5),
(1451, 77, 7, 32, 4),
(1452, 77, 8, 36, 5),
(1453, 77, 9, 41, 5),
(1454, 77, 10, 46, 5),
(1455, 77, 11, 51, 5),
(1456, 77, 12, 56, 5),
(1457, 77, 13, 62, 4),
(1458, 77, 14, 66, 5),
(1459, 77, 15, 71, 5),
(1460, 77, 16, 76, 5),
(1461, 77, 17, 81, 1),
(1462, 77, 18, 83, 1),
(1463, 77, 19, 89, 2),
(1502, 80, 1, 1, 5),
(1503, 80, 2, 6, 5),
(1504, 80, 3, 11, 5),
(1505, 80, 4, 16, 5),
(1506, 80, 5, 21, 5),
(1507, 80, 6, 26, 5),
(1508, 80, 7, 31, 5),
(1509, 80, 8, 36, 5),
(1510, 80, 9, 41, 5),
(1511, 80, 10, 46, 5),
(1512, 80, 11, 52, 4),
(1513, 80, 12, 57, 4),
(1514, 80, 13, 61, 5),
(1515, 80, 14, 66, 5),
(1516, 80, 15, 71, 5),
(1517, 80, 16, 76, 5),
(1518, 80, 17, 81, 1),
(1519, 80, 18, 83, 1),
(1520, 80, 19, 89, 2),
(1521, 81, 1, 2, 4),
(1522, 81, 2, 7, 4),
(1523, 81, 3, 11, 5),
(1524, 81, 4, 17, 4),
(1525, 81, 5, 22, 4),
(1526, 81, 6, 27, 4),
(1527, 81, 7, 31, 5),
(1528, 81, 8, 36, 5),
(1529, 81, 9, 42, 4),
(1530, 81, 10, 47, 4),
(1531, 81, 11, 51, 5),
(1532, 81, 12, 57, 4),
(1533, 81, 13, 62, 4),
(1534, 81, 14, 66, 5),
(1535, 81, 15, 72, 4),
(1536, 81, 16, 77, 4),
(1537, 81, 17, 81, 1),
(1538, 81, 18, 83, 1),
(1539, 81, 19, 89, 2),
(1540, 82, 1, 1, 5),
(1541, 82, 2, 6, 5),
(1542, 82, 3, 11, 5),
(1543, 82, 4, 16, 5),
(1544, 82, 5, 21, 5),
(1545, 82, 6, 26, 5),
(1546, 82, 7, 31, 5),
(1547, 82, 8, 36, 5),
(1548, 82, 9, 41, 5),
(1549, 82, 10, 46, 5),
(1550, 82, 11, 52, 4),
(1551, 82, 12, 57, 4),
(1552, 82, 13, 61, 5),
(1553, 82, 14, 66, 5),
(1554, 82, 15, 71, 5),
(1555, 82, 16, 76, 5),
(1556, 82, 17, 81, 1),
(1557, 82, 18, 83, 1),
(1558, 82, 19, 89, 2),
(1559, 83, 1, 1, 5),
(1560, 83, 2, 6, 5),
(1561, 83, 3, 11, 5),
(1562, 83, 4, 16, 5),
(1563, 83, 5, 21, 5),
(1564, 83, 6, 26, 5),
(1565, 83, 7, 31, 5),
(1566, 83, 8, 36, 5),
(1567, 83, 9, 41, 5),
(1568, 83, 10, 46, 5),
(1569, 83, 11, 52, 4),
(1570, 83, 12, 57, 4),
(1571, 83, 13, 61, 5),
(1572, 83, 14, 66, 5),
(1573, 83, 15, 71, 5),
(1574, 83, 16, 76, 5),
(1575, 83, 17, 81, 1),
(1576, 83, 18, 83, 1),
(1577, 83, 19, 89, 2),
(1578, 84, 1, 2, 4),
(1579, 84, 2, 7, 4),
(1580, 84, 3, 11, 5),
(1581, 84, 4, 17, 4),
(1582, 84, 5, 22, 4),
(1583, 84, 6, 27, 4),
(1584, 84, 7, 31, 5),
(1585, 84, 8, 36, 5),
(1586, 84, 9, 42, 4),
(1587, 84, 10, 47, 4),
(1588, 84, 11, 51, 5),
(1589, 84, 12, 57, 4),
(1590, 84, 13, 62, 4),
(1591, 84, 14, 66, 5),
(1592, 84, 15, 72, 4),
(1593, 84, 16, 77, 4),
(1594, 84, 17, 81, 1),
(1595, 84, 18, 83, 1),
(1596, 84, 19, 89, 2),
(1958, 104, 1, 1, 5),
(1959, 104, 2, 6, 5),
(1960, 104, 3, 11, 5),
(1961, 104, 4, 16, 5),
(1962, 104, 5, 21, 5),
(1963, 104, 6, 26, 5),
(1964, 104, 7, 31, 5),
(1965, 104, 8, 36, 5),
(1966, 104, 9, 41, 5),
(1967, 104, 10, 46, 5),
(1968, 104, 11, 52, 4),
(1969, 104, 12, 57, 4),
(1970, 104, 13, 61, 5),
(1971, 104, 14, 66, 5),
(1972, 104, 15, 71, 5),
(1973, 104, 16, 76, 5),
(1974, 104, 17, 81, 1),
(1975, 104, 18, 83, 1),
(1976, 104, 19, 89, 2),
(2243, 119, 1, 1, 5),
(2244, 119, 2, 6, 5),
(2245, 119, 3, 11, 5),
(2246, 119, 4, 16, 5),
(2247, 119, 5, 21, 5),
(2248, 119, 6, 26, 5),
(2249, 119, 7, 31, 5),
(2250, 119, 8, 36, 5),
(2251, 119, 9, 41, 5),
(2252, 119, 10, 46, 5),
(2253, 119, 11, 52, 4),
(2254, 119, 12, 57, 4),
(2255, 119, 13, 61, 5),
(2256, 119, 14, 66, 5),
(2257, 119, 15, 71, 5),
(2258, 119, 16, 76, 5),
(2259, 119, 17, 81, 1),
(2260, 119, 18, 83, 1),
(2261, 119, 19, 89, 2),
(2262, 120, 1, 1, 5),
(2263, 120, 2, 6, 5),
(2264, 120, 3, 11, 5),
(2265, 120, 4, 16, 5),
(2266, 120, 5, 21, 5),
(2267, 120, 6, 26, 5),
(2268, 120, 7, 31, 5),
(2269, 120, 8, 36, 5),
(2270, 120, 9, 41, 5),
(2271, 120, 10, 46, 5),
(2272, 120, 11, 52, 4),
(2273, 120, 12, 57, 4),
(2274, 120, 13, 61, 5),
(2275, 120, 14, 66, 5),
(2276, 120, 15, 71, 5),
(2277, 120, 16, 76, 5),
(2278, 120, 17, 81, 1),
(2279, 120, 18, 83, 1),
(2280, 120, 19, 89, 2),
(2338, 124, 1, 1, 5),
(2339, 124, 2, 6, 5),
(2340, 124, 3, 11, 5),
(2341, 124, 4, 16, 5),
(2342, 124, 5, 21, 5),
(2343, 124, 6, 26, 5),
(2344, 124, 7, 31, 5),
(2345, 124, 8, 36, 5),
(2346, 124, 9, 41, 5),
(2347, 124, 10, 46, 5),
(2348, 124, 11, 52, 4),
(2349, 124, 12, 57, 4),
(2350, 124, 13, 61, 5),
(2351, 124, 14, 66, 5),
(2352, 124, 15, 71, 5),
(2353, 124, 16, 76, 5),
(2354, 124, 17, 81, 1),
(2355, 124, 18, 83, 1),
(2356, 124, 19, 89, 2),
(2357, 125, 1, 1, 5),
(2358, 125, 2, 6, 5),
(2359, 125, 3, 11, 5),
(2360, 125, 4, 16, 5),
(2361, 125, 5, 21, 5),
(2362, 125, 6, 26, 5),
(2363, 125, 7, 31, 5),
(2364, 125, 8, 36, 5),
(2365, 125, 9, 41, 5),
(2366, 125, 10, 46, 5),
(2367, 125, 11, 52, 4),
(2368, 125, 12, 57, 4),
(2369, 125, 13, 61, 5),
(2370, 125, 14, 66, 5),
(2371, 125, 15, 71, 5),
(2372, 125, 16, 76, 5),
(2373, 125, 17, 81, 1),
(2374, 125, 18, 83, 1),
(2375, 125, 19, 89, 2),
(2376, 126, 1, 1, 5),
(2377, 126, 2, 6, 5),
(2378, 126, 3, 11, 5),
(2379, 126, 4, 16, 5),
(2380, 126, 5, 21, 5),
(2381, 126, 6, 26, 5),
(2382, 126, 7, 31, 5),
(2383, 126, 8, 36, 5),
(2384, 126, 9, 41, 5),
(2385, 126, 10, 46, 5),
(2386, 126, 11, 52, 4),
(2387, 126, 12, 57, 4),
(2388, 126, 13, 61, 5),
(2389, 126, 14, 66, 5),
(2390, 126, 15, 71, 5),
(2391, 126, 16, 76, 5),
(2392, 126, 17, 81, 1),
(2393, 126, 18, 83, 1),
(2394, 126, 19, 89, 2),
(2395, 127, 1, 1, 5),
(2396, 127, 2, 6, 5),
(2397, 127, 3, 11, 5),
(2398, 127, 4, 16, 5),
(2399, 127, 5, 21, 5),
(2400, 127, 6, 26, 5),
(2401, 127, 7, 31, 5),
(2402, 127, 8, 36, 5),
(2403, 127, 9, 41, 5),
(2404, 127, 10, 46, 5),
(2405, 127, 11, 52, 4),
(2406, 127, 12, 57, 4),
(2407, 127, 13, 61, 5),
(2408, 127, 14, 66, 5),
(2409, 127, 15, 71, 5),
(2410, 127, 16, 76, 5),
(2411, 127, 17, 81, 1),
(2412, 127, 18, 83, 1),
(2413, 127, 19, 89, 2),
(2414, 128, 1, 1, 5),
(2415, 128, 2, 6, 5),
(2416, 128, 3, 11, 5),
(2417, 128, 4, 16, 5),
(2418, 128, 5, 21, 5),
(2419, 128, 6, 26, 5),
(2420, 128, 7, 31, 5),
(2421, 128, 8, 36, 5),
(2422, 128, 9, 41, 5),
(2423, 128, 10, 46, 5),
(2424, 128, 11, 52, 4),
(2425, 128, 12, 57, 4),
(2426, 128, 13, 61, 5),
(2427, 128, 14, 66, 5),
(2428, 128, 15, 71, 5),
(2429, 128, 16, 76, 5),
(2430, 128, 17, 81, 1),
(2431, 128, 18, 83, 1),
(2432, 128, 19, 89, 2),
(2433, 129, 1, 2, 4),
(2434, 129, 2, 7, 4),
(2435, 129, 3, 11, 5),
(2436, 129, 4, 17, 4),
(2437, 129, 5, 22, 4),
(2438, 129, 6, 27, 4),
(2439, 129, 7, 31, 5),
(2440, 129, 8, 36, 5),
(2441, 129, 9, 42, 4),
(2442, 129, 10, 47, 4),
(2443, 129, 11, 51, 5),
(2444, 129, 12, 57, 4),
(2445, 129, 13, 62, 4),
(2446, 129, 14, 66, 5),
(2447, 129, 15, 72, 4),
(2448, 129, 16, 77, 4),
(2449, 129, 17, 81, 1),
(2450, 129, 18, 83, 1),
(2451, 129, 19, 89, 2),
(2452, 130, 1, 1, 5),
(2453, 130, 2, 6, 5),
(2454, 130, 3, 11, 5),
(2455, 130, 4, 16, 5),
(2456, 130, 5, 21, 5),
(2457, 130, 6, 26, 5),
(2458, 130, 7, 31, 5),
(2459, 130, 8, 37, 4),
(2460, 130, 9, 41, 5),
(2461, 130, 10, 46, 5),
(2462, 130, 11, 51, 5),
(2463, 130, 12, 56, 5),
(2464, 130, 13, 61, 5),
(2465, 130, 14, 66, 5),
(2466, 130, 15, 71, 5),
(2467, 130, 16, 76, 5),
(2468, 130, 17, 81, 1),
(2469, 130, 18, 83, 1),
(2470, 130, 19, 89, 2),
(2471, 131, 1, 2, 4),
(2472, 131, 2, 7, 4),
(2473, 131, 3, 12, 4),
(2474, 131, 4, 17, 4),
(2475, 131, 5, 22, 4),
(2476, 131, 6, 27, 4),
(2477, 131, 7, 32, 4),
(2478, 131, 8, 37, 4),
(2479, 131, 9, 42, 4),
(2480, 131, 10, 47, 4),
(2481, 131, 11, 52, 4),
(2482, 131, 12, 57, 4),
(2483, 131, 13, 62, 4),
(2484, 131, 14, 67, 4),
(2485, 131, 15, 72, 4),
(2486, 131, 16, 77, 4),
(2487, 131, 17, 81, 1),
(2488, 131, 18, 83, 1),
(2489, 131, 19, 88, 3),
(2490, 132, 1, 1, 5),
(2491, 132, 2, 7, 4),
(2492, 132, 3, 12, 4),
(2493, 132, 4, 18, 3),
(2494, 132, 5, 23, 3),
(2495, 132, 6, 27, 4),
(2496, 132, 7, 32, 4),
(2497, 132, 8, 36, 5),
(2498, 132, 9, 42, 4),
(2499, 132, 10, 47, 4),
(2500, 132, 11, 53, 3),
(2501, 132, 12, 58, 3),
(2502, 132, 13, 62, 4),
(2503, 132, 14, 68, 3),
(2504, 132, 15, 73, 3),
(2505, 132, 16, 76, 5),
(2506, 132, 17, 81, 1),
(2507, 132, 18, 83, 1),
(2508, 132, 19, 88, 3),
(2509, 133, 1, 1, 5),
(2510, 133, 2, 6, 5),
(2511, 133, 3, 11, 5),
(2512, 133, 4, 16, 5),
(2513, 133, 5, 21, 5),
(2514, 133, 6, 26, 5),
(2515, 133, 7, 31, 5),
(2516, 133, 8, 36, 5),
(2517, 133, 9, 41, 5),
(2518, 133, 10, 46, 5),
(2519, 133, 11, 51, 5),
(2520, 133, 12, 56, 5),
(2521, 133, 13, 61, 5),
(2522, 133, 14, 66, 5),
(2523, 133, 15, 71, 5),
(2524, 133, 16, 76, 5),
(2525, 133, 17, 81, 1),
(2526, 133, 18, 83, 1),
(2527, 133, 19, 89, 2),
(2528, 134, 1, 3, 3),
(2529, 134, 2, 7, 4),
(2530, 134, 3, 13, 3),
(2531, 134, 4, 17, 4),
(2532, 134, 5, 23, 3),
(2533, 134, 6, 28, 3),
(2534, 134, 7, 33, 3),
(2535, 134, 8, 38, 3),
(2536, 134, 9, 42, 4),
(2537, 134, 10, 48, 3),
(2538, 134, 11, 53, 3),
(2539, 134, 12, 58, 3),
(2540, 134, 13, 62, 4),
(2541, 134, 14, 68, 3),
(2542, 134, 15, 72, 4),
(2543, 134, 16, 77, 4),
(2544, 134, 17, 81, 1),
(2545, 134, 18, 83, 1),
(2546, 134, 19, 90, 1),
(2547, 135, 1, 2, 4),
(2548, 135, 2, 7, 4),
(2549, 135, 3, 12, 4),
(2550, 135, 4, 17, 4),
(2551, 135, 5, 22, 4),
(2552, 135, 6, 27, 4),
(2553, 135, 7, 32, 4),
(2554, 135, 8, 37, 4),
(2555, 135, 9, 42, 4),
(2556, 135, 10, 47, 4),
(2557, 135, 11, 52, 4),
(2558, 135, 12, 57, 4),
(2559, 135, 13, 62, 4),
(2560, 135, 14, 67, 4),
(2561, 135, 15, 72, 4),
(2562, 135, 16, 77, 4),
(2563, 135, 17, 81, 1),
(2564, 135, 18, 83, 1),
(2565, 135, 19, 90, 1),
(2566, 136, 1, 1, 5),
(2567, 136, 2, 6, 5),
(2568, 136, 3, 12, 4),
(2569, 136, 4, 16, 5),
(2570, 136, 5, 21, 5),
(2571, 136, 6, 26, 5),
(2572, 136, 7, 31, 5),
(2573, 136, 8, 36, 5),
(2574, 136, 9, 42, 4),
(2575, 136, 10, 46, 5),
(2576, 136, 11, 51, 5),
(2577, 136, 12, 57, 4),
(2578, 136, 13, 62, 4),
(2579, 136, 14, 66, 5),
(2580, 136, 15, 71, 5),
(2581, 136, 16, 76, 5),
(2582, 136, 17, 81, 1),
(2583, 136, 18, 83, 1),
(2584, 136, 19, 88, 3),
(2585, 137, 1, 1, 5),
(2586, 137, 2, 6, 5),
(2587, 137, 3, 11, 5),
(2588, 137, 4, 16, 5),
(2589, 137, 5, 21, 5),
(2590, 137, 6, 26, 5),
(2591, 137, 7, 31, 5),
(2592, 137, 8, 36, 5),
(2593, 137, 9, 41, 5),
(2594, 137, 10, 46, 5),
(2595, 137, 11, 51, 5),
(2596, 137, 12, 56, 5),
(2597, 137, 13, 61, 5),
(2598, 137, 14, 66, 5),
(2599, 137, 15, 71, 5),
(2600, 137, 16, 76, 5),
(2601, 137, 17, 81, 1),
(2602, 137, 18, 83, 1),
(2603, 137, 19, 90, 1),
(2604, 138, 1, 2, 4),
(2605, 138, 2, 7, 4),
(2606, 138, 3, 12, 4),
(2607, 138, 4, 17, 4),
(2608, 138, 5, 22, 4),
(2609, 138, 6, 27, 4),
(2610, 138, 7, 32, 4),
(2611, 138, 8, 37, 4),
(2612, 138, 9, 42, 4),
(2613, 138, 10, 47, 4),
(2614, 138, 11, 52, 4),
(2615, 138, 12, 57, 4),
(2616, 138, 13, 62, 4),
(2617, 138, 14, 67, 4),
(2618, 138, 15, 72, 4),
(2619, 138, 16, 77, 4),
(2620, 138, 17, 81, 1),
(2621, 138, 18, 83, 1),
(2622, 138, 19, 89, 2),
(2623, 139, 1, 3, 3),
(2624, 139, 2, 8, 3),
(2625, 139, 3, 13, 3),
(2626, 139, 4, 18, 3),
(2627, 139, 5, 23, 3),
(2628, 139, 6, 28, 3),
(2629, 139, 7, 33, 3),
(2630, 139, 8, 38, 3),
(2631, 139, 9, 43, 3),
(2632, 139, 10, 48, 3),
(2633, 139, 11, 53, 3),
(2634, 139, 12, 58, 3),
(2635, 139, 13, 63, 3),
(2636, 139, 14, 68, 3),
(2637, 139, 15, 73, 3),
(2638, 139, 16, 77, 4),
(2639, 139, 17, 81, 1),
(2640, 139, 18, 83, 1),
(2641, 139, 19, 89, 2),
(2642, 140, 1, 1, 5),
(2643, 140, 2, 6, 5),
(2644, 140, 3, 11, 5),
(2645, 140, 4, 16, 5),
(2646, 140, 5, 21, 5),
(2647, 140, 6, 26, 5),
(2648, 140, 7, 31, 5),
(2649, 140, 8, 36, 5),
(2650, 140, 9, 41, 5),
(2651, 140, 10, 46, 5),
(2652, 140, 11, 51, 5),
(2653, 140, 12, 56, 5),
(2654, 140, 13, 61, 5),
(2655, 140, 14, 66, 5),
(2656, 140, 15, 71, 5),
(2657, 140, 16, 76, 5),
(2658, 140, 17, 81, 1),
(2659, 140, 18, 83, 1),
(2660, 140, 19, 88, 3),
(2661, 141, 1, 3, 3),
(2662, 141, 2, 7, 4),
(2663, 141, 3, 12, 4),
(2664, 141, 4, 16, 5),
(2665, 141, 5, 23, 3),
(2666, 141, 6, 27, 4),
(2667, 141, 7, 33, 3),
(2668, 141, 8, 37, 4),
(2669, 141, 9, 42, 4),
(2670, 141, 10, 47, 4),
(2671, 141, 11, 52, 4),
(2672, 141, 12, 58, 3),
(2673, 141, 13, 64, 2),
(2674, 141, 14, 67, 4),
(2675, 141, 15, 71, 5),
(2676, 141, 16, 77, 4),
(2677, 141, 17, 81, 1),
(2678, 141, 18, 83, 1),
(2679, 141, 19, 88, 3),
(2680, 142, 1, 3, 3),
(2681, 142, 2, 8, 3),
(2682, 142, 3, 13, 3),
(2683, 142, 4, 18, 3),
(2684, 142, 5, 23, 3),
(2685, 142, 6, 28, 3),
(2686, 142, 7, 33, 3),
(2687, 142, 8, 38, 3),
(2688, 142, 9, 43, 3),
(2689, 142, 10, 48, 3),
(2690, 142, 11, 53, 3),
(2691, 142, 12, 58, 3),
(2692, 142, 13, 63, 3),
(2693, 142, 14, 68, 3),
(2694, 142, 15, 73, 3),
(2695, 142, 16, 78, 3),
(2696, 142, 17, 81, 1),
(2697, 142, 18, 83, 1),
(2698, 142, 19, 89, 2),
(2699, 143, 1, 2, 4),
(2700, 143, 2, 6, 5),
(2701, 143, 3, 12, 4),
(2702, 143, 4, 16, 5),
(2703, 143, 5, 21, 5),
(2704, 143, 6, 26, 5),
(2705, 143, 7, 31, 5),
(2706, 143, 8, 36, 5),
(2707, 143, 9, 42, 4),
(2708, 143, 10, 47, 4),
(2709, 143, 11, 52, 4),
(2710, 143, 12, 57, 4),
(2711, 143, 13, 62, 4),
(2712, 143, 14, 67, 4),
(2713, 143, 15, 71, 5),
(2714, 143, 16, 76, 5),
(2715, 143, 17, 81, 1),
(2716, 143, 18, 83, 1),
(2717, 143, 19, 89, 2),
(2718, 144, 1, 2, 4),
(2719, 144, 2, 6, 5),
(2720, 144, 3, 11, 5),
(2721, 144, 4, 16, 5),
(2722, 144, 5, 21, 5),
(2723, 144, 6, 26, 5),
(2724, 144, 7, 31, 5),
(2725, 144, 8, 37, 4),
(2726, 144, 9, 41, 5),
(2727, 144, 10, 47, 4),
(2728, 144, 11, 51, 5),
(2729, 144, 12, 56, 5),
(2730, 144, 13, 61, 5),
(2731, 144, 14, 66, 5),
(2732, 144, 15, 73, 3),
(2733, 144, 16, 78, 3),
(2734, 144, 17, 81, 1),
(2735, 144, 18, 83, 1),
(2736, 144, 19, 88, 3),
(2737, 145, 1, 2, 4),
(2738, 145, 2, 7, 4),
(2739, 145, 3, 12, 4),
(2740, 145, 4, 17, 4),
(2741, 145, 5, 22, 4),
(2742, 145, 6, 27, 4),
(2743, 145, 7, 32, 4),
(2744, 145, 8, 38, 3),
(2745, 145, 9, 42, 4),
(2746, 145, 10, 47, 4),
(2747, 145, 11, 52, 4),
(2748, 145, 12, 57, 4),
(2749, 145, 13, 62, 4),
(2750, 145, 14, 66, 5),
(2751, 145, 15, 73, 3),
(2752, 145, 16, 78, 3),
(2753, 145, 17, 81, 1),
(2754, 145, 18, 83, 1),
(2755, 145, 19, 87, 4),
(2756, 146, 1, 1, 5),
(2757, 146, 2, 6, 5),
(2758, 146, 3, 11, 5),
(2759, 146, 4, 16, 5),
(2760, 146, 5, 21, 5),
(2761, 146, 6, 26, 5),
(2762, 146, 7, 31, 5),
(2763, 146, 8, 36, 5),
(2764, 146, 9, 41, 5),
(2765, 146, 10, 46, 5),
(2766, 146, 11, 51, 5),
(2767, 146, 12, 56, 5),
(2768, 146, 13, 61, 5),
(2769, 146, 14, 66, 5),
(2770, 146, 15, 71, 5),
(2771, 146, 16, 76, 5),
(2772, 146, 17, 81, 1),
(2773, 146, 18, 83, 1),
(2774, 146, 19, 88, 3),
(2775, 147, 1, 1, 5),
(2776, 147, 2, 6, 5),
(2777, 147, 3, 11, 5),
(2778, 147, 4, 16, 5),
(2779, 147, 5, 21, 5),
(2780, 147, 6, 26, 5),
(2781, 147, 7, 31, 5),
(2782, 147, 8, 36, 5),
(2783, 147, 9, 41, 5),
(2784, 147, 10, 46, 5),
(2785, 147, 11, 51, 5),
(2786, 147, 12, 56, 5),
(2787, 147, 13, 61, 5),
(2788, 147, 14, 66, 5),
(2789, 147, 15, 71, 5),
(2790, 147, 16, 76, 5),
(2791, 147, 17, 81, 1),
(2792, 147, 18, 83, 1),
(2793, 147, 19, 90, 1),
(2794, 148, 1, 2, 4),
(2795, 148, 2, 7, 4),
(2796, 148, 3, 12, 4),
(2797, 148, 4, 17, 4),
(2798, 148, 5, 22, 4),
(2799, 148, 6, 27, 4),
(2800, 148, 7, 32, 4),
(2801, 148, 8, 37, 4),
(2802, 148, 9, 42, 4),
(2803, 148, 10, 47, 4),
(2804, 148, 11, 52, 4),
(2805, 148, 12, 57, 4),
(2806, 148, 13, 62, 4),
(2807, 148, 14, 67, 4),
(2808, 148, 15, 72, 4),
(2809, 148, 16, 77, 4),
(2810, 148, 17, 81, 1),
(2811, 148, 18, 83, 1),
(2812, 148, 19, 88, 3),
(2813, 149, 1, 1, 5),
(2814, 149, 2, 6, 5),
(2815, 149, 3, 11, 5),
(2816, 149, 4, 16, 5),
(2817, 149, 5, 21, 5),
(2818, 149, 6, 26, 5),
(2819, 149, 7, 31, 5),
(2820, 149, 8, 36, 5),
(2821, 149, 9, 41, 5),
(2822, 149, 10, 46, 5),
(2823, 149, 11, 51, 5),
(2824, 149, 12, 56, 5),
(2825, 149, 13, 61, 5),
(2826, 149, 14, 66, 5),
(2827, 149, 15, 71, 5),
(2828, 149, 16, 76, 5),
(2829, 149, 17, 81, 1),
(2830, 149, 18, 83, 1),
(2831, 149, 19, 91, 0),
(2832, 150, 1, 1, 5),
(2833, 150, 2, 6, 5),
(2834, 150, 3, 11, 5),
(2835, 150, 4, 16, 5),
(2836, 150, 5, 21, 5),
(2837, 150, 6, 26, 5),
(2838, 150, 7, 31, 5),
(2839, 150, 8, 36, 5),
(2840, 150, 9, 41, 5),
(2841, 150, 10, 46, 5),
(2842, 150, 11, 51, 5),
(2843, 150, 12, 56, 5),
(2844, 150, 13, 61, 5),
(2845, 150, 14, 66, 5),
(2846, 150, 15, 71, 5),
(2847, 150, 16, 76, 5),
(2848, 150, 17, 81, 1),
(2849, 150, 18, 83, 1),
(2850, 150, 19, 89, 2),
(2851, 151, 1, 2, 4),
(2852, 151, 2, 7, 4),
(2853, 151, 3, 12, 4),
(2854, 151, 4, 17, 4),
(2855, 151, 5, 22, 4),
(2856, 151, 6, 27, 4),
(2857, 151, 7, 32, 4),
(2858, 151, 8, 37, 4),
(2859, 151, 9, 42, 4),
(2860, 151, 10, 47, 4),
(2861, 151, 11, 52, 4),
(2862, 151, 12, 57, 4),
(2863, 151, 13, 62, 4),
(2864, 151, 14, 67, 4),
(2865, 151, 15, 72, 4),
(2866, 151, 16, 77, 4),
(2867, 151, 17, 81, 1),
(2868, 151, 18, 83, 1),
(2869, 151, 19, 89, 2),
(2870, 152, 1, 1, 5),
(2871, 152, 2, 6, 5),
(2872, 152, 3, 11, 5),
(2873, 152, 4, 16, 5),
(2874, 152, 5, 21, 5),
(2875, 152, 6, 26, 5),
(2876, 152, 7, 31, 5),
(2877, 152, 8, 38, 3),
(2878, 152, 9, 42, 4),
(2879, 152, 10, 47, 4),
(2880, 152, 11, 52, 4),
(2881, 152, 12, 56, 5),
(2882, 152, 13, 61, 5),
(2883, 152, 14, 68, 3),
(2884, 152, 15, 72, 4),
(2885, 152, 16, 76, 5),
(2886, 152, 17, 81, 1),
(2887, 152, 18, 83, 1),
(2888, 152, 19, 89, 2),
(2889, 153, 1, 2, 4),
(2890, 153, 2, 9, 2),
(2891, 153, 3, 12, 4),
(2892, 153, 4, 17, 4),
(2893, 153, 5, 21, 5),
(2894, 153, 6, 28, 3),
(2895, 153, 7, 34, 2),
(2896, 153, 8, 38, 3),
(2897, 153, 9, 43, 3),
(2898, 153, 10, 48, 3),
(2899, 153, 11, 54, 2),
(2900, 153, 12, 57, 4),
(2901, 153, 13, 64, 2),
(2902, 153, 14, 69, 2),
(2903, 153, 15, 75, 1),
(2904, 153, 16, 78, 3),
(2905, 153, 17, 81, 1),
(2906, 153, 18, 83, 1),
(2907, 153, 19, 86, 5),
(2908, 154, 1, 3, 3),
(2909, 154, 2, 10, 1),
(2910, 154, 3, 13, 3),
(2911, 154, 4, 18, 3),
(2912, 154, 5, 21, 5),
(2913, 154, 6, 27, 4),
(2914, 154, 7, 32, 4),
(2915, 154, 8, 38, 3),
(2916, 154, 9, 44, 2),
(2917, 154, 10, 48, 3),
(2918, 154, 11, 54, 2),
(2919, 154, 12, 59, 2),
(2920, 154, 13, 63, 3),
(2921, 154, 14, 68, 3),
(2922, 154, 15, 73, 3),
(2923, 154, 16, 78, 3),
(2924, 154, 17, 81, 1),
(2925, 154, 18, 83, 1),
(2926, 154, 19, 88, 3),
(2927, 155, 1, 2, 4),
(2928, 155, 2, 7, 4),
(2929, 155, 3, 12, 4),
(2930, 155, 4, 17, 4),
(2931, 155, 5, 22, 4),
(2932, 155, 6, 27, 4),
(2933, 155, 7, 32, 4),
(2934, 155, 8, 37, 4),
(2935, 155, 9, 42, 4),
(2936, 155, 10, 47, 4),
(2937, 155, 11, 52, 4),
(2938, 155, 12, 57, 4),
(2939, 155, 13, 62, 4),
(2940, 155, 14, 67, 4),
(2941, 155, 15, 72, 4),
(2942, 155, 16, 77, 4),
(2943, 155, 17, 81, 1),
(2944, 155, 18, 83, 1),
(2945, 155, 19, 88, 3),
(2946, 156, 1, 2, 4),
(2947, 156, 2, 7, 4),
(2948, 156, 3, 12, 4),
(2949, 156, 4, 17, 4),
(2950, 156, 5, 22, 4),
(2951, 156, 6, 27, 4),
(2952, 156, 7, 32, 4),
(2953, 156, 8, 37, 4),
(2954, 156, 9, 42, 4),
(2955, 156, 10, 47, 4),
(2956, 156, 11, 52, 4),
(2957, 156, 12, 57, 4),
(2958, 156, 13, 62, 4),
(2959, 156, 14, 67, 4),
(2960, 156, 15, 72, 4),
(2961, 156, 16, 77, 4),
(2962, 156, 17, 81, 1),
(2963, 156, 18, 83, 1),
(2964, 156, 19, 88, 3),
(2965, 157, 1, 1, 5),
(2966, 157, 2, 6, 5),
(2967, 157, 3, 11, 5),
(2968, 157, 4, 16, 5),
(2969, 157, 5, 21, 5),
(2970, 157, 6, 26, 5),
(2971, 157, 7, 31, 5),
(2972, 157, 8, 36, 5),
(2973, 157, 9, 41, 5),
(2974, 157, 10, 46, 5),
(2975, 157, 11, 51, 5),
(2976, 157, 12, 56, 5),
(2977, 157, 13, 61, 5),
(2978, 157, 14, 66, 5),
(2979, 157, 15, 71, 5),
(2980, 157, 16, 76, 5),
(2981, 157, 17, 81, 1),
(2982, 157, 18, 83, 1),
(2983, 157, 19, 88, 3),
(2984, 158, 1, 1, 5),
(2985, 158, 2, 6, 5),
(2986, 158, 3, 11, 5),
(2987, 158, 4, 16, 5),
(2988, 158, 5, 21, 5),
(2989, 158, 6, 26, 5),
(2990, 158, 7, 31, 5),
(2991, 158, 8, 36, 5),
(2992, 158, 9, 41, 5),
(2993, 158, 10, 46, 5),
(2994, 158, 11, 51, 5),
(2995, 158, 12, 56, 5),
(2996, 158, 13, 61, 5),
(2997, 158, 14, 66, 5),
(2998, 158, 15, 71, 5),
(2999, 158, 16, 76, 5),
(3000, 158, 17, 81, 1),
(3001, 158, 18, 83, 1),
(3002, 158, 19, 88, 3),
(3003, 159, 1, 1, 5),
(3004, 159, 2, 6, 5),
(3005, 159, 3, 11, 5),
(3006, 159, 4, 16, 5),
(3007, 159, 5, 21, 5),
(3008, 159, 6, 26, 5),
(3009, 159, 7, 31, 5),
(3010, 159, 8, 36, 5),
(3011, 159, 9, 41, 5),
(3012, 159, 10, 46, 5),
(3013, 159, 11, 51, 5),
(3014, 159, 12, 56, 5),
(3015, 159, 13, 61, 5),
(3016, 159, 14, 66, 5),
(3017, 159, 15, 71, 5),
(3018, 159, 16, 76, 5),
(3019, 159, 17, 81, 1),
(3020, 159, 18, 83, 1),
(3021, 159, 19, 86, 5),
(3022, 160, 1, 1, 5),
(3023, 160, 2, 6, 5),
(3024, 160, 3, 11, 5),
(3025, 160, 4, 16, 5),
(3026, 160, 5, 21, 5),
(3027, 160, 6, 26, 5),
(3028, 160, 7, 31, 5),
(3029, 160, 8, 36, 5),
(3030, 160, 9, 41, 5),
(3031, 160, 10, 46, 5),
(3032, 160, 11, 51, 5),
(3033, 160, 12, 56, 5),
(3034, 160, 13, 61, 5),
(3035, 160, 14, 66, 5),
(3036, 160, 15, 71, 5),
(3037, 160, 16, 76, 5),
(3038, 160, 17, 81, 1),
(3039, 160, 18, 83, 1),
(3040, 160, 19, 89, 2),
(3041, 161, 1, 1, 5),
(3042, 161, 2, 6, 5),
(3043, 161, 3, 11, 5),
(3044, 161, 4, 16, 5),
(3045, 161, 5, 21, 5),
(3046, 161, 6, 26, 5),
(3047, 161, 7, 31, 5),
(3048, 161, 8, 36, 5),
(3049, 161, 9, 41, 5),
(3050, 161, 10, 46, 5),
(3051, 161, 11, 51, 5),
(3052, 161, 12, 56, 5),
(3053, 161, 13, 61, 5),
(3054, 161, 14, 66, 5),
(3055, 161, 15, 71, 5),
(3056, 161, 16, 76, 5),
(3057, 161, 17, 81, 1),
(3058, 161, 18, 83, 1),
(3059, 161, 19, 91, 0),
(3060, 162, 1, 2, 4),
(3061, 162, 2, 7, 4),
(3062, 162, 3, 12, 4),
(3063, 162, 4, 17, 4),
(3064, 162, 5, 22, 4),
(3065, 162, 6, 27, 4),
(3066, 162, 7, 32, 4),
(3067, 162, 8, 37, 4),
(3068, 162, 9, 42, 4),
(3069, 162, 10, 47, 4),
(3070, 162, 11, 52, 4),
(3071, 162, 12, 57, 4),
(3072, 162, 13, 62, 4),
(3073, 162, 14, 67, 4),
(3074, 162, 15, 72, 4),
(3075, 162, 16, 77, 4),
(3076, 162, 17, 81, 1),
(3077, 162, 18, 83, 1),
(3078, 162, 19, 88, 3),
(3079, 163, 1, 2, 4),
(3080, 163, 2, 7, 4),
(3081, 163, 3, 12, 4),
(3082, 163, 4, 17, 4),
(3083, 163, 5, 22, 4),
(3084, 163, 6, 27, 4),
(3085, 163, 7, 32, 4),
(3086, 163, 8, 37, 4),
(3087, 163, 9, 42, 4),
(3088, 163, 10, 47, 4),
(3089, 163, 11, 52, 4),
(3090, 163, 12, 57, 4),
(3091, 163, 13, 62, 4),
(3092, 163, 14, 67, 4),
(3093, 163, 15, 72, 4),
(3094, 163, 16, 77, 4),
(3095, 163, 17, 81, 1),
(3096, 163, 18, 83, 1),
(3097, 163, 19, 88, 3),
(3098, 164, 1, 1, 5),
(3099, 164, 2, 6, 5),
(3100, 164, 3, 11, 5),
(3101, 164, 4, 16, 5),
(3102, 164, 5, 21, 5),
(3103, 164, 6, 26, 5),
(3104, 164, 7, 32, 4),
(3105, 164, 8, 36, 5),
(3106, 164, 9, 42, 4),
(3107, 164, 10, 46, 5),
(3108, 164, 11, 51, 5),
(3109, 164, 12, 56, 5),
(3110, 164, 13, 62, 4),
(3111, 164, 14, 66, 5),
(3112, 164, 15, 73, 3),
(3113, 164, 16, 76, 5),
(3114, 164, 17, 81, 1),
(3115, 164, 18, 83, 1),
(3116, 164, 19, 88, 3),
(3117, 165, 1, 2, 4),
(3118, 165, 2, 7, 4),
(3119, 165, 3, 12, 4),
(3120, 165, 4, 17, 4),
(3121, 165, 5, 22, 4),
(3122, 165, 6, 27, 4),
(3123, 165, 7, 32, 4),
(3124, 165, 8, 37, 4),
(3125, 165, 9, 42, 4),
(3126, 165, 10, 47, 4),
(3127, 165, 11, 52, 4),
(3128, 165, 12, 57, 4),
(3129, 165, 13, 62, 4),
(3130, 165, 14, 67, 4),
(3131, 165, 15, 72, 4),
(3132, 165, 16, 77, 4),
(3133, 165, 17, 81, 1),
(3134, 165, 18, 83, 1),
(3135, 165, 19, 88, 3),
(3136, 166, 1, 2, 4),
(3137, 166, 2, 7, 4),
(3138, 166, 3, 12, 4),
(3139, 166, 4, 17, 4),
(3140, 166, 5, 22, 4),
(3141, 166, 6, 27, 4),
(3142, 166, 7, 32, 4),
(3143, 166, 8, 37, 4),
(3144, 166, 9, 42, 4),
(3145, 166, 10, 47, 4),
(3146, 166, 11, 52, 4),
(3147, 166, 12, 57, 4),
(3148, 166, 13, 62, 4),
(3149, 166, 14, 67, 4),
(3150, 166, 15, 72, 4),
(3151, 166, 16, 77, 4),
(3152, 166, 17, 81, 1),
(3153, 166, 18, 83, 1),
(3154, 166, 19, 89, 2),
(3155, 167, 1, 1, 5),
(3156, 167, 2, 6, 5),
(3157, 167, 3, 11, 5),
(3158, 167, 4, 17, 4),
(3159, 167, 5, 21, 5),
(3160, 167, 6, 26, 5),
(3161, 167, 7, 31, 5),
(3162, 167, 8, 36, 5),
(3163, 167, 9, 41, 5),
(3164, 167, 10, 46, 5),
(3165, 167, 11, 51, 5),
(3166, 167, 12, 56, 5),
(3167, 167, 13, 61, 5),
(3168, 167, 14, 66, 5),
(3169, 167, 15, 71, 5),
(3170, 167, 16, 76, 5),
(3171, 167, 17, 81, 1),
(3172, 167, 18, 83, 1),
(3173, 167, 19, 89, 2),
(3174, 168, 1, 1, 5),
(3175, 168, 2, 6, 5),
(3176, 168, 3, 11, 5),
(3177, 168, 4, 16, 5),
(3178, 168, 5, 21, 5),
(3179, 168, 6, 26, 5),
(3180, 168, 7, 31, 5),
(3181, 168, 8, 36, 5),
(3182, 168, 9, 41, 5);
INSERT INTO `chitietkhaosatphieu` (`MaChiTietKhaoSatPhieu`, `MaPhieuKhaoSat`, `MaTieuChiDanhGia`, `MaHinhThucPhanLoai`, `DiemSo`) VALUES
(3183, 168, 10, 46, 5),
(3184, 168, 11, 51, 5),
(3185, 168, 12, 56, 5),
(3186, 168, 13, 61, 5),
(3187, 168, 14, 66, 5),
(3188, 168, 15, 71, 5),
(3189, 168, 16, 76, 5),
(3190, 168, 17, 81, 1),
(3191, 168, 18, 83, 1),
(3192, 168, 19, 87, 4),
(3193, 169, 1, 3, 3),
(3194, 169, 2, 6, 5),
(3195, 169, 3, 11, 5),
(3196, 169, 4, 16, 5),
(3197, 169, 5, 21, 5),
(3198, 169, 6, 27, 4),
(3199, 169, 7, 31, 5),
(3200, 169, 8, 37, 4),
(3201, 169, 9, 41, 5),
(3202, 169, 10, 48, 3),
(3203, 169, 11, 51, 5),
(3204, 169, 12, 56, 5),
(3205, 169, 13, 61, 5),
(3206, 169, 14, 68, 3),
(3207, 169, 15, 73, 3),
(3208, 169, 16, 77, 4),
(3209, 169, 17, 81, 1),
(3210, 169, 18, 83, 1),
(3211, 169, 19, 91, 0),
(3212, 170, 1, 1, 5),
(3213, 170, 2, 6, 5),
(3214, 170, 3, 11, 5),
(3215, 170, 4, 16, 5),
(3216, 170, 5, 21, 5),
(3217, 170, 6, 26, 5),
(3218, 170, 7, 31, 5),
(3219, 170, 8, 36, 5),
(3220, 170, 9, 41, 5),
(3221, 170, 10, 46, 5),
(3222, 170, 11, 51, 5),
(3223, 170, 12, 56, 5),
(3224, 170, 13, 61, 5),
(3225, 170, 14, 66, 5),
(3226, 170, 15, 71, 5),
(3227, 170, 16, 76, 5),
(3228, 170, 17, 81, 1),
(3229, 170, 18, 83, 1),
(3230, 170, 19, 89, 2),
(3231, 171, 1, 2, 4),
(3232, 171, 2, 7, 4),
(3233, 171, 3, 12, 4),
(3234, 171, 4, 17, 4),
(3235, 171, 5, 22, 4),
(3236, 171, 6, 27, 4),
(3237, 171, 7, 32, 4),
(3238, 171, 8, 37, 4),
(3239, 171, 9, 42, 4),
(3240, 171, 10, 47, 4),
(3241, 171, 11, 52, 4),
(3242, 171, 12, 57, 4),
(3243, 171, 13, 62, 4),
(3244, 171, 14, 67, 4),
(3245, 171, 15, 72, 4),
(3246, 171, 16, 77, 4),
(3247, 171, 17, 81, 1),
(3248, 171, 18, 83, 1),
(3249, 171, 19, 89, 2),
(3250, 172, 1, 2, 4),
(3251, 172, 2, 7, 4),
(3252, 172, 3, 12, 4),
(3253, 172, 4, 17, 4),
(3254, 172, 5, 22, 4),
(3255, 172, 6, 27, 4),
(3256, 172, 7, 32, 4),
(3257, 172, 8, 37, 4),
(3258, 172, 9, 42, 4),
(3259, 172, 10, 48, 3),
(3260, 172, 11, 52, 4),
(3261, 172, 12, 57, 4),
(3262, 172, 13, 62, 4),
(3263, 172, 14, 67, 4),
(3264, 172, 15, 73, 3),
(3265, 172, 16, 77, 4),
(3266, 172, 17, 81, 1),
(3267, 172, 18, 83, 1),
(3268, 172, 19, 89, 2),
(3269, 173, 1, 2, 4),
(3270, 173, 2, 7, 4),
(3271, 173, 3, 12, 4),
(3272, 173, 4, 16, 5),
(3273, 173, 5, 21, 5),
(3274, 173, 6, 27, 4),
(3275, 173, 7, 32, 4),
(3276, 173, 8, 37, 4),
(3277, 173, 9, 42, 4),
(3278, 173, 10, 46, 5),
(3279, 173, 11, 51, 5),
(3280, 173, 12, 56, 5),
(3281, 173, 13, 61, 5),
(3282, 173, 14, 67, 4),
(3283, 173, 15, 71, 5),
(3284, 173, 16, 76, 5),
(3285, 173, 17, 81, 1),
(3286, 173, 18, 83, 1),
(3287, 173, 19, 88, 3),
(3288, 174, 1, 1, 5),
(3289, 174, 2, 6, 5),
(3290, 174, 3, 11, 5),
(3291, 174, 4, 16, 5),
(3292, 174, 5, 21, 5),
(3293, 174, 6, 26, 5),
(3294, 174, 7, 31, 5),
(3295, 174, 8, 36, 5),
(3296, 174, 9, 41, 5),
(3297, 174, 10, 46, 5),
(3298, 174, 11, 51, 5),
(3299, 174, 12, 56, 5),
(3300, 174, 13, 61, 5),
(3301, 174, 14, 66, 5),
(3302, 174, 15, 71, 5),
(3303, 174, 16, 76, 5),
(3304, 174, 17, 81, 1),
(3305, 174, 18, 83, 1),
(3306, 174, 19, 89, 2),
(3307, 175, 1, 1, 5),
(3308, 175, 2, 6, 5),
(3309, 175, 3, 11, 5),
(3310, 175, 4, 16, 5),
(3311, 175, 5, 21, 5),
(3312, 175, 6, 26, 5),
(3313, 175, 7, 31, 5),
(3314, 175, 8, 36, 5),
(3315, 175, 9, 41, 5),
(3316, 175, 10, 46, 5),
(3317, 175, 11, 51, 5),
(3318, 175, 12, 56, 5),
(3319, 175, 13, 61, 5),
(3320, 175, 14, 66, 5),
(3321, 175, 15, 71, 5),
(3322, 175, 16, 76, 5),
(3323, 175, 17, 81, 1),
(3324, 175, 18, 83, 1),
(3325, 175, 19, 89, 2),
(3326, 176, 1, 2, 4),
(3327, 176, 2, 7, 4),
(3328, 176, 3, 12, 4),
(3329, 176, 4, 17, 4),
(3330, 176, 5, 22, 4),
(3331, 176, 6, 27, 4),
(3332, 176, 7, 32, 4),
(3333, 176, 8, 37, 4),
(3334, 176, 9, 42, 4),
(3335, 176, 10, 47, 4),
(3336, 176, 11, 52, 4),
(3337, 176, 12, 57, 4),
(3338, 176, 13, 62, 4),
(3339, 176, 14, 67, 4),
(3340, 176, 15, 72, 4),
(3341, 176, 16, 77, 4),
(3342, 176, 17, 81, 1),
(3343, 176, 18, 83, 1),
(3344, 176, 19, 89, 2),
(3345, 177, 1, 2, 4),
(3346, 177, 2, 7, 4),
(3347, 177, 3, 12, 4),
(3348, 177, 4, 17, 4),
(3349, 177, 5, 22, 4),
(3350, 177, 6, 27, 4),
(3351, 177, 7, 32, 4),
(3352, 177, 8, 37, 4),
(3353, 177, 9, 42, 4),
(3354, 177, 10, 47, 4),
(3355, 177, 11, 52, 4),
(3356, 177, 12, 57, 4),
(3357, 177, 13, 62, 4),
(3358, 177, 14, 67, 4),
(3359, 177, 15, 72, 4),
(3360, 177, 16, 77, 4),
(3361, 177, 17, 81, 1),
(3362, 177, 18, 83, 1),
(3363, 177, 19, 89, 2),
(3364, 178, 1, 2, 4),
(3365, 178, 2, 7, 4),
(3366, 178, 3, 12, 4),
(3367, 178, 4, 17, 4),
(3368, 178, 5, 22, 4),
(3369, 178, 6, 27, 4),
(3370, 178, 7, 32, 4),
(3371, 178, 8, 37, 4),
(3372, 178, 9, 42, 4),
(3373, 178, 10, 47, 4),
(3374, 178, 11, 52, 4),
(3375, 178, 12, 57, 4),
(3376, 178, 13, 62, 4),
(3377, 178, 14, 67, 4),
(3378, 178, 15, 72, 4),
(3379, 178, 16, 77, 4),
(3380, 178, 17, 81, 1),
(3381, 178, 18, 83, 1),
(3382, 178, 19, 89, 2),
(3383, 179, 1, 1, 5),
(3384, 179, 2, 6, 5),
(3385, 179, 3, 11, 5),
(3386, 179, 4, 16, 5),
(3387, 179, 5, 21, 5),
(3388, 179, 6, 26, 5),
(3389, 179, 7, 31, 5),
(3390, 179, 8, 36, 5),
(3391, 179, 9, 41, 5),
(3392, 179, 10, 46, 5),
(3393, 179, 11, 51, 5),
(3394, 179, 12, 56, 5),
(3395, 179, 13, 61, 5),
(3396, 179, 14, 66, 5),
(3397, 179, 15, 71, 5),
(3398, 179, 16, 76, 5),
(3399, 179, 17, 81, 1),
(3400, 179, 18, 83, 1),
(3401, 179, 19, 86, 5),
(3402, 180, 1, 2, 4),
(3403, 180, 2, 7, 4),
(3404, 180, 3, 12, 4),
(3405, 180, 4, 17, 4),
(3406, 180, 5, 23, 3),
(3407, 180, 6, 27, 4),
(3408, 180, 7, 32, 4),
(3409, 180, 8, 37, 4),
(3410, 180, 9, 42, 4),
(3411, 180, 10, 47, 4),
(3412, 180, 11, 52, 4),
(3413, 180, 12, 57, 4),
(3414, 180, 13, 62, 4),
(3415, 180, 14, 67, 4),
(3416, 180, 15, 72, 4),
(3417, 180, 16, 77, 4),
(3418, 180, 17, 81, 1),
(3419, 180, 18, 83, 1),
(3420, 180, 19, 89, 2),
(3421, 181, 1, 2, 4),
(3422, 181, 2, 7, 4),
(3423, 181, 3, 12, 4),
(3424, 181, 4, 16, 5),
(3425, 181, 5, 21, 5),
(3426, 181, 6, 27, 4),
(3427, 181, 7, 32, 4),
(3428, 181, 8, 36, 5),
(3429, 181, 9, 41, 5),
(3430, 181, 10, 47, 4),
(3431, 181, 11, 51, 5),
(3432, 181, 12, 56, 5),
(3433, 181, 13, 61, 5),
(3434, 181, 14, 67, 4),
(3435, 181, 15, 71, 5),
(3436, 181, 16, 76, 5),
(3437, 181, 17, 81, 1),
(3438, 181, 18, 83, 1),
(3439, 181, 19, 88, 3),
(3440, 182, 1, 1, 5),
(3441, 182, 2, 6, 5),
(3442, 182, 3, 11, 5),
(3443, 182, 4, 16, 5),
(3444, 182, 5, 21, 5),
(3445, 182, 6, 26, 5),
(3446, 182, 7, 31, 5),
(3447, 182, 8, 36, 5),
(3448, 182, 9, 41, 5),
(3449, 182, 10, 46, 5),
(3450, 182, 11, 51, 5),
(3451, 182, 12, 56, 5),
(3452, 182, 13, 61, 5),
(3453, 182, 14, 66, 5),
(3454, 182, 15, 71, 5),
(3455, 182, 16, 76, 5),
(3456, 182, 17, 81, 1),
(3457, 182, 18, 83, 1),
(3458, 182, 19, 89, 2),
(3459, 183, 1, 2, 4),
(3460, 183, 2, 7, 4),
(3461, 183, 3, 12, 4),
(3462, 183, 4, 17, 4),
(3463, 183, 5, 22, 4),
(3464, 183, 6, 27, 4),
(3465, 183, 7, 32, 4),
(3466, 183, 8, 37, 4),
(3467, 183, 9, 42, 4),
(3468, 183, 10, 47, 4),
(3469, 183, 11, 52, 4),
(3470, 183, 12, 57, 4),
(3471, 183, 13, 62, 4),
(3472, 183, 14, 67, 4),
(3473, 183, 15, 72, 4),
(3474, 183, 16, 77, 4),
(3475, 183, 17, 81, 1),
(3476, 183, 18, 83, 1),
(3477, 183, 19, 88, 3),
(3478, 184, 1, 2, 4),
(3479, 184, 2, 7, 4),
(3480, 184, 3, 12, 4),
(3481, 184, 4, 17, 4),
(3482, 184, 5, 21, 5),
(3483, 184, 6, 27, 4),
(3484, 184, 7, 32, 4),
(3485, 184, 8, 37, 4),
(3486, 184, 9, 43, 3),
(3487, 184, 10, 47, 4),
(3488, 184, 11, 53, 3),
(3489, 184, 12, 57, 4),
(3490, 184, 13, 61, 5),
(3491, 184, 14, 68, 3),
(3492, 184, 15, 71, 5),
(3493, 184, 16, 76, 5),
(3494, 184, 17, 81, 1),
(3495, 184, 18, 83, 1),
(3496, 184, 19, 88, 3),
(3497, 185, 1, 2, 4),
(3498, 185, 2, 7, 4),
(3499, 185, 3, 12, 4),
(3500, 185, 4, 17, 4),
(3501, 185, 5, 22, 4),
(3502, 185, 6, 27, 4),
(3503, 185, 7, 32, 4),
(3504, 185, 8, 37, 4),
(3505, 185, 9, 42, 4),
(3506, 185, 10, 47, 4),
(3507, 185, 11, 52, 4),
(3508, 185, 12, 57, 4),
(3509, 185, 13, 62, 4),
(3510, 185, 14, 67, 4),
(3511, 185, 15, 72, 4),
(3512, 185, 16, 76, 5),
(3513, 185, 17, 81, 1),
(3514, 185, 18, 83, 1),
(3515, 185, 19, 89, 2),
(3516, 186, 1, 2, 4),
(3517, 186, 2, 8, 3),
(3518, 186, 3, 12, 4),
(3519, 186, 4, 17, 4),
(3520, 186, 5, 23, 3),
(3521, 186, 6, 28, 3),
(3522, 186, 7, 32, 4),
(3523, 186, 8, 37, 4),
(3524, 186, 9, 43, 3),
(3525, 186, 10, 47, 4),
(3526, 186, 11, 52, 4),
(3527, 186, 12, 58, 3),
(3528, 186, 13, 62, 4),
(3529, 186, 14, 67, 4),
(3530, 186, 15, 72, 4),
(3531, 186, 16, 77, 4),
(3532, 186, 17, 81, 1),
(3533, 186, 18, 83, 1),
(3534, 186, 19, 90, 1),
(3535, 187, 1, 1, 5),
(3536, 187, 2, 6, 5),
(3537, 187, 3, 11, 5),
(3538, 187, 4, 16, 5),
(3539, 187, 5, 21, 5),
(3540, 187, 6, 26, 5),
(3541, 187, 7, 31, 5),
(3542, 187, 8, 36, 5),
(3543, 187, 9, 41, 5),
(3544, 187, 10, 46, 5),
(3545, 187, 11, 51, 5),
(3546, 187, 12, 56, 5),
(3547, 187, 13, 61, 5),
(3548, 187, 14, 66, 5),
(3549, 187, 15, 71, 5),
(3550, 187, 16, 76, 5),
(3551, 187, 17, 81, 1),
(3552, 187, 18, 83, 1),
(3553, 187, 19, 89, 2),
(3554, 188, 1, 1, 5),
(3555, 188, 2, 6, 5),
(3556, 188, 3, 11, 5),
(3557, 188, 4, 16, 5),
(3558, 188, 5, 21, 5),
(3559, 188, 6, 26, 5),
(3560, 188, 7, 31, 5),
(3561, 188, 8, 36, 5),
(3562, 188, 9, 41, 5),
(3563, 188, 10, 46, 5),
(3564, 188, 11, 51, 5),
(3565, 188, 12, 56, 5),
(3566, 188, 13, 61, 5),
(3567, 188, 14, 66, 5),
(3568, 188, 15, 71, 5),
(3569, 188, 16, 76, 5),
(3570, 188, 17, 81, 1),
(3571, 188, 18, 83, 1),
(3572, 188, 19, 88, 3),
(3573, 189, 1, 1, 5),
(3574, 189, 2, 6, 5),
(3575, 189, 3, 11, 5),
(3576, 189, 4, 16, 5),
(3577, 189, 5, 21, 5),
(3578, 189, 6, 26, 5),
(3579, 189, 7, 31, 5),
(3580, 189, 8, 36, 5),
(3581, 189, 9, 41, 5),
(3582, 189, 10, 46, 5),
(3583, 189, 11, 51, 5),
(3584, 189, 12, 56, 5),
(3585, 189, 13, 61, 5),
(3586, 189, 14, 66, 5),
(3587, 189, 15, 71, 5),
(3588, 189, 16, 76, 5),
(3589, 189, 17, 81, 1),
(3590, 189, 18, 83, 1),
(3591, 189, 19, 91, 0),
(3592, 190, 1, 2, 4),
(3593, 190, 2, 6, 5),
(3594, 190, 3, 11, 5),
(3595, 190, 4, 17, 4),
(3596, 190, 5, 22, 4),
(3597, 190, 6, 26, 5),
(3598, 190, 7, 31, 5),
(3599, 190, 8, 36, 5),
(3600, 190, 9, 42, 4),
(3601, 190, 10, 47, 4),
(3602, 190, 11, 51, 5),
(3603, 190, 12, 57, 4),
(3604, 190, 13, 62, 4),
(3605, 190, 14, 66, 5),
(3606, 190, 15, 72, 4),
(3607, 190, 16, 77, 4),
(3608, 190, 17, 81, 1),
(3609, 190, 18, 83, 1),
(3610, 190, 19, 88, 3),
(3611, 191, 1, 1, 5),
(3612, 191, 2, 6, 5),
(3613, 191, 3, 11, 5),
(3614, 191, 4, 16, 5),
(3615, 191, 5, 21, 5),
(3616, 191, 6, 26, 5),
(3617, 191, 7, 31, 5),
(3618, 191, 8, 36, 5),
(3619, 191, 9, 41, 5),
(3620, 191, 10, 46, 5),
(3621, 191, 11, 51, 5),
(3622, 191, 12, 56, 5),
(3623, 191, 13, 61, 5),
(3624, 191, 14, 66, 5),
(3625, 191, 15, 71, 5),
(3626, 191, 16, 76, 5),
(3627, 191, 17, 81, 1),
(3628, 191, 18, 83, 1),
(3629, 191, 19, 87, 4),
(3630, 192, 1, 2, 4),
(3631, 192, 2, 7, 4),
(3632, 192, 3, 12, 4),
(3633, 192, 4, 16, 5),
(3634, 192, 5, 22, 4),
(3635, 192, 6, 28, 3),
(3636, 192, 7, 33, 3),
(3637, 192, 8, 37, 4),
(3638, 192, 9, 42, 4),
(3639, 192, 10, 48, 3),
(3640, 192, 11, 53, 3),
(3641, 192, 12, 57, 4),
(3642, 192, 13, 62, 4),
(3643, 192, 14, 67, 4),
(3644, 192, 15, 72, 4),
(3645, 192, 16, 77, 4),
(3646, 192, 17, 81, 1),
(3647, 192, 18, 83, 1),
(3648, 192, 19, 89, 2),
(3649, 193, 1, 1, 5),
(3650, 193, 2, 6, 5),
(3651, 193, 3, 11, 5),
(3652, 193, 4, 16, 5),
(3653, 193, 5, 21, 5),
(3654, 193, 6, 26, 5),
(3655, 193, 7, 31, 5),
(3656, 193, 8, 36, 5),
(3657, 193, 9, 41, 5),
(3658, 193, 10, 46, 5),
(3659, 193, 11, 51, 5),
(3660, 193, 12, 56, 5),
(3661, 193, 13, 61, 5),
(3662, 193, 14, 66, 5),
(3663, 193, 15, 71, 5),
(3664, 193, 16, 76, 5),
(3665, 193, 17, 81, 1),
(3666, 193, 18, 83, 1),
(3667, 193, 19, 89, 2),
(3668, 194, 1, 1, 5),
(3669, 194, 2, 6, 5),
(3670, 194, 3, 11, 5),
(3671, 194, 4, 16, 5),
(3672, 194, 5, 21, 5),
(3673, 194, 6, 26, 5),
(3674, 194, 7, 31, 5),
(3675, 194, 8, 36, 5),
(3676, 194, 9, 41, 5),
(3677, 194, 10, 46, 5),
(3678, 194, 11, 51, 5),
(3679, 194, 12, 56, 5),
(3680, 194, 13, 61, 5),
(3681, 194, 14, 66, 5),
(3682, 194, 15, 71, 5),
(3683, 194, 16, 76, 5),
(3684, 194, 17, 81, 1),
(3685, 194, 18, 83, 1),
(3686, 194, 19, 90, 1),
(3687, 195, 1, 1, 5),
(3688, 195, 2, 6, 5),
(3689, 195, 3, 11, 5),
(3690, 195, 4, 16, 5),
(3691, 195, 5, 21, 5),
(3692, 195, 6, 26, 5),
(3693, 195, 7, 31, 5),
(3694, 195, 8, 36, 5),
(3695, 195, 9, 41, 5),
(3696, 195, 10, 46, 5),
(3697, 195, 11, 51, 5),
(3698, 195, 12, 56, 5),
(3699, 195, 13, 61, 5),
(3700, 195, 14, 66, 5),
(3701, 195, 15, 71, 5),
(3702, 195, 16, 76, 5),
(3703, 195, 17, 81, 1),
(3704, 195, 18, 83, 1),
(3705, 195, 19, 86, 5),
(3706, 196, 1, 1, 5),
(3707, 196, 2, 6, 5),
(3708, 196, 3, 11, 5),
(3709, 196, 4, 16, 5),
(3710, 196, 5, 21, 5),
(3711, 196, 6, 26, 5),
(3712, 196, 7, 31, 5),
(3713, 196, 8, 36, 5),
(3714, 196, 9, 41, 5),
(3715, 196, 10, 46, 5),
(3716, 196, 11, 51, 5),
(3717, 196, 12, 56, 5),
(3718, 196, 13, 61, 5),
(3719, 196, 14, 66, 5),
(3720, 196, 15, 71, 5),
(3721, 196, 16, 76, 5),
(3722, 196, 17, 81, 1),
(3723, 196, 18, 83, 1),
(3724, 196, 19, 89, 2),
(3725, 197, 1, 1, 5),
(3726, 197, 2, 6, 5),
(3727, 197, 3, 11, 5),
(3728, 197, 4, 16, 5),
(3729, 197, 5, 21, 5),
(3730, 197, 6, 26, 5),
(3731, 197, 7, 31, 5),
(3732, 197, 8, 36, 5),
(3733, 197, 9, 41, 5),
(3734, 197, 10, 46, 5),
(3735, 197, 11, 51, 5),
(3736, 197, 12, 56, 5),
(3737, 197, 13, 61, 5),
(3738, 197, 14, 66, 5),
(3739, 197, 15, 71, 5),
(3740, 197, 16, 76, 5),
(3741, 197, 17, 81, 1),
(3742, 197, 18, 83, 1),
(3743, 197, 19, 89, 2),
(3744, 198, 1, 1, 5),
(3745, 198, 2, 6, 5),
(3746, 198, 3, 11, 5),
(3747, 198, 4, 16, 5),
(3748, 198, 5, 21, 5),
(3749, 198, 6, 26, 5),
(3750, 198, 7, 31, 5),
(3751, 198, 8, 36, 5),
(3752, 198, 9, 41, 5),
(3753, 198, 10, 46, 5),
(3754, 198, 11, 51, 5),
(3755, 198, 12, 56, 5),
(3756, 198, 13, 61, 5),
(3757, 198, 14, 66, 5),
(3758, 198, 15, 71, 5),
(3759, 198, 16, 76, 5),
(3760, 198, 17, 81, 1),
(3761, 198, 18, 83, 1),
(3762, 198, 19, 89, 2),
(3763, 199, 1, 1, 5),
(3764, 199, 2, 6, 5),
(3765, 199, 3, 11, 5),
(3766, 199, 4, 16, 5),
(3767, 199, 5, 21, 5),
(3768, 199, 6, 26, 5),
(3769, 199, 7, 31, 5),
(3770, 199, 8, 36, 5),
(3771, 199, 9, 41, 5),
(3772, 199, 10, 46, 5),
(3773, 199, 11, 51, 5),
(3774, 199, 12, 56, 5),
(3775, 199, 13, 61, 5),
(3776, 199, 14, 66, 5),
(3777, 199, 15, 71, 5),
(3778, 199, 16, 76, 5),
(3779, 199, 17, 81, 1),
(3780, 199, 18, 83, 1),
(3781, 199, 19, 88, 3),
(3782, 200, 1, 2, 4),
(3783, 200, 2, 8, 3),
(3784, 200, 3, 12, 4),
(3785, 200, 4, 16, 5),
(3786, 200, 5, 21, 5),
(3787, 200, 6, 26, 5),
(3788, 200, 7, 32, 4),
(3789, 200, 8, 36, 5),
(3790, 200, 9, 41, 5),
(3791, 200, 10, 47, 4),
(3792, 200, 11, 51, 5),
(3793, 200, 12, 56, 5),
(3794, 200, 13, 62, 4),
(3795, 200, 14, 66, 5),
(3796, 200, 15, 72, 4),
(3797, 200, 16, 77, 4),
(3798, 200, 17, 81, 1),
(3799, 200, 18, 83, 1),
(3800, 200, 19, 89, 2),
(3801, 201, 1, 3, 3),
(3802, 201, 2, 8, 3),
(3803, 201, 3, 13, 3),
(3804, 201, 4, 18, 3),
(3805, 201, 5, 23, 3),
(3806, 201, 6, 28, 3),
(3807, 201, 7, 33, 3),
(3808, 201, 8, 38, 3),
(3809, 201, 9, 43, 3),
(3810, 201, 10, 48, 3),
(3811, 201, 11, 53, 3),
(3812, 201, 12, 58, 3),
(3813, 201, 13, 63, 3),
(3814, 201, 14, 68, 3),
(3815, 201, 15, 73, 3),
(3816, 201, 16, 78, 3),
(3817, 201, 17, 81, 1),
(3818, 201, 18, 83, 1),
(3819, 201, 19, 89, 2),
(3820, 202, 1, 1, 5),
(3821, 202, 2, 6, 5),
(3822, 202, 3, 11, 5),
(3823, 202, 4, 16, 5),
(3824, 202, 5, 21, 5),
(3825, 202, 6, 26, 5),
(3826, 202, 7, 32, 4),
(3827, 202, 8, 36, 5),
(3828, 202, 9, 41, 5),
(3829, 202, 10, 46, 5),
(3830, 202, 11, 51, 5),
(3831, 202, 12, 56, 5),
(3832, 202, 13, 62, 4),
(3833, 202, 14, 66, 5),
(3834, 202, 15, 71, 5),
(3835, 202, 16, 76, 5),
(3836, 202, 17, 81, 1),
(3837, 202, 18, 83, 1),
(3838, 202, 19, 89, 2),
(3839, 203, 1, 1, 5),
(3840, 203, 2, 6, 5),
(3841, 203, 3, 11, 5),
(3842, 203, 4, 16, 5),
(3843, 203, 5, 21, 5),
(3844, 203, 6, 26, 5),
(3845, 203, 7, 31, 5),
(3846, 203, 8, 36, 5),
(3847, 203, 9, 41, 5),
(3848, 203, 10, 46, 5),
(3849, 203, 11, 52, 4),
(3850, 203, 12, 57, 4),
(3851, 203, 13, 61, 5),
(3852, 203, 14, 66, 5),
(3853, 203, 15, 71, 5),
(3854, 203, 16, 76, 5),
(3855, 203, 17, 81, 1),
(3856, 203, 18, 83, 1),
(3857, 203, 19, 89, 2),
(3858, 204, 1, 2, 4),
(3859, 204, 2, 7, 4),
(3860, 204, 3, 11, 5),
(3861, 204, 4, 17, 4),
(3862, 204, 5, 22, 4),
(3863, 204, 6, 27, 4),
(3864, 204, 7, 31, 5),
(3865, 204, 8, 36, 5),
(3866, 204, 9, 42, 4),
(3867, 204, 10, 47, 4),
(3868, 204, 11, 51, 5),
(3869, 204, 12, 57, 4),
(3870, 204, 13, 62, 4),
(3871, 204, 14, 66, 5),
(3872, 204, 15, 72, 4),
(3873, 204, 16, 77, 4),
(3874, 204, 17, 81, 1),
(3875, 204, 18, 83, 1),
(3876, 204, 19, 89, 2),
(3877, 205, 1, 1, 5),
(3878, 205, 2, 6, 5),
(3879, 205, 3, 11, 5),
(3880, 205, 4, 16, 5),
(3881, 205, 5, 21, 5),
(3882, 205, 6, 26, 5),
(3883, 205, 7, 31, 5),
(3884, 205, 8, 37, 4),
(3885, 205, 9, 41, 5),
(3886, 205, 10, 46, 5),
(3887, 205, 11, 51, 5),
(3888, 205, 12, 56, 5),
(3889, 205, 13, 61, 5),
(3890, 205, 14, 66, 5),
(3891, 205, 15, 71, 5),
(3892, 205, 16, 76, 5),
(3893, 205, 17, 81, 1),
(3894, 205, 18, 83, 1),
(3895, 205, 19, 89, 2),
(3896, 206, 1, 2, 4),
(3897, 206, 2, 7, 4),
(3898, 206, 3, 12, 4),
(3899, 206, 4, 17, 4),
(3900, 206, 5, 22, 4),
(3901, 206, 6, 27, 4),
(3902, 206, 7, 32, 4),
(3903, 206, 8, 37, 4),
(3904, 206, 9, 42, 4),
(3905, 206, 10, 47, 4),
(3906, 206, 11, 52, 4),
(3907, 206, 12, 57, 4),
(3908, 206, 13, 62, 4),
(3909, 206, 14, 67, 4),
(3910, 206, 15, 72, 4),
(3911, 206, 16, 77, 4),
(3912, 206, 17, 81, 1),
(3913, 206, 18, 83, 1),
(3914, 206, 19, 88, 3),
(3915, 207, 1, 1, 5),
(3916, 207, 2, 7, 4),
(3917, 207, 3, 12, 4),
(3918, 207, 4, 18, 3),
(3919, 207, 5, 23, 3),
(3920, 207, 6, 27, 4),
(3921, 207, 7, 32, 4),
(3922, 207, 8, 36, 5),
(3923, 207, 9, 42, 4),
(3924, 207, 10, 47, 4),
(3925, 207, 11, 53, 3),
(3926, 207, 12, 58, 3),
(3927, 207, 13, 62, 4),
(3928, 207, 14, 68, 3),
(3929, 207, 15, 73, 3),
(3930, 207, 16, 76, 5),
(3931, 207, 17, 81, 1),
(3932, 207, 18, 83, 1),
(3933, 207, 19, 88, 3),
(3934, 208, 1, 1, 5),
(3935, 208, 2, 6, 5),
(3936, 208, 3, 11, 5),
(3937, 208, 4, 16, 5),
(3938, 208, 5, 21, 5),
(3939, 208, 6, 26, 5),
(3940, 208, 7, 31, 5),
(3941, 208, 8, 36, 5),
(3942, 208, 9, 41, 5),
(3943, 208, 10, 46, 5),
(3944, 208, 11, 51, 5),
(3945, 208, 12, 56, 5),
(3946, 208, 13, 61, 5),
(3947, 208, 14, 66, 5),
(3948, 208, 15, 71, 5),
(3949, 208, 16, 76, 5),
(3950, 208, 17, 81, 1),
(3951, 208, 18, 83, 1),
(3952, 208, 19, 89, 2),
(3953, 209, 1, 3, 3),
(3954, 209, 2, 7, 4),
(3955, 209, 3, 13, 3),
(3956, 209, 4, 17, 4),
(3957, 209, 5, 23, 3),
(3958, 209, 6, 28, 3),
(3959, 209, 7, 33, 3),
(3960, 209, 8, 38, 3),
(3961, 209, 9, 42, 4),
(3962, 209, 10, 48, 3),
(3963, 209, 11, 53, 3),
(3964, 209, 12, 58, 3),
(3965, 209, 13, 62, 4),
(3966, 209, 14, 68, 3),
(3967, 209, 15, 72, 4),
(3968, 209, 16, 77, 4),
(3969, 209, 17, 81, 1),
(3970, 209, 18, 83, 1),
(3971, 209, 19, 90, 1),
(3972, 210, 1, 2, 4),
(3973, 210, 2, 7, 4),
(3974, 210, 3, 12, 4),
(3975, 210, 4, 17, 4),
(3976, 210, 5, 22, 4),
(3977, 210, 6, 27, 4),
(3978, 210, 7, 32, 4),
(3979, 210, 8, 37, 4),
(3980, 210, 9, 42, 4),
(3981, 210, 10, 47, 4),
(3982, 210, 11, 52, 4),
(3983, 210, 12, 57, 4),
(3984, 210, 13, 62, 4),
(3985, 210, 14, 67, 4),
(3986, 210, 15, 72, 4),
(3987, 210, 16, 77, 4),
(3988, 210, 17, 81, 1),
(3989, 210, 18, 83, 1),
(3990, 210, 19, 90, 1),
(3991, 211, 1, 1, 5),
(3992, 211, 2, 6, 5),
(3993, 211, 3, 12, 4),
(3994, 211, 4, 16, 5),
(3995, 211, 5, 21, 5),
(3996, 211, 6, 26, 5),
(3997, 211, 7, 31, 5),
(3998, 211, 8, 36, 5),
(3999, 211, 9, 42, 4),
(4000, 211, 10, 46, 5),
(4001, 211, 11, 51, 5),
(4002, 211, 12, 57, 4),
(4003, 211, 13, 62, 4),
(4004, 211, 14, 66, 5),
(4005, 211, 15, 71, 5),
(4006, 211, 16, 76, 5),
(4007, 211, 17, 81, 1),
(4008, 211, 18, 83, 1),
(4009, 211, 19, 88, 3),
(4010, 212, 1, 1, 5),
(4011, 212, 2, 6, 5),
(4012, 212, 3, 11, 5),
(4013, 212, 4, 16, 5),
(4014, 212, 5, 21, 5),
(4015, 212, 6, 26, 5),
(4016, 212, 7, 31, 5),
(4017, 212, 8, 36, 5),
(4018, 212, 9, 41, 5),
(4019, 212, 10, 46, 5),
(4020, 212, 11, 51, 5),
(4021, 212, 12, 56, 5),
(4022, 212, 13, 61, 5),
(4023, 212, 14, 66, 5),
(4024, 212, 15, 71, 5),
(4025, 212, 16, 76, 5),
(4026, 212, 17, 81, 1),
(4027, 212, 18, 83, 1),
(4028, 212, 19, 90, 1),
(4029, 213, 1, 1, 5),
(4030, 213, 2, 6, 5),
(4031, 213, 3, 11, 5),
(4032, 213, 4, 16, 5),
(4033, 213, 5, 21, 5),
(4034, 213, 6, 26, 5),
(4035, 213, 7, 31, 5),
(4036, 213, 8, 36, 5),
(4037, 213, 9, 41, 5),
(4038, 213, 10, 46, 5),
(4039, 213, 11, 52, 4),
(4040, 213, 12, 57, 4),
(4041, 213, 13, 61, 5),
(4042, 213, 14, 66, 5),
(4043, 213, 15, 71, 5),
(4044, 213, 16, 76, 5),
(4045, 213, 17, 81, 1),
(4046, 213, 18, 83, 1),
(4047, 213, 19, 89, 2),
(4048, 214, 1, 2, 4),
(4049, 214, 2, 7, 4),
(4050, 214, 3, 11, 5),
(4051, 214, 4, 17, 4),
(4052, 214, 5, 22, 4),
(4053, 214, 6, 27, 4),
(4054, 214, 7, 31, 5),
(4055, 214, 8, 36, 5),
(4056, 214, 9, 42, 4),
(4057, 214, 10, 47, 4),
(4058, 214, 11, 51, 5),
(4059, 214, 12, 57, 4),
(4060, 214, 13, 62, 4),
(4061, 214, 14, 66, 5),
(4062, 214, 15, 72, 4),
(4063, 214, 16, 77, 4),
(4064, 214, 17, 81, 1),
(4065, 214, 18, 83, 1),
(4066, 214, 19, 89, 2),
(4067, 215, 1, 1, 5),
(4068, 215, 2, 6, 5),
(4069, 215, 3, 11, 5),
(4070, 215, 4, 16, 5),
(4071, 215, 5, 21, 5),
(4072, 215, 6, 26, 5),
(4073, 215, 7, 31, 5),
(4074, 215, 8, 37, 4),
(4075, 215, 9, 41, 5),
(4076, 215, 10, 46, 5),
(4077, 215, 11, 51, 5),
(4078, 215, 12, 56, 5),
(4079, 215, 13, 61, 5),
(4080, 215, 14, 66, 5),
(4081, 215, 15, 71, 5),
(4082, 215, 16, 76, 5),
(4083, 215, 17, 81, 1),
(4084, 215, 18, 83, 1),
(4085, 215, 19, 89, 2),
(4086, 216, 1, 2, 4),
(4087, 216, 2, 7, 4),
(4088, 216, 3, 12, 4),
(4089, 216, 4, 17, 4),
(4090, 216, 5, 22, 4),
(4091, 216, 6, 27, 4),
(4092, 216, 7, 32, 4),
(4093, 216, 8, 37, 4),
(4094, 216, 9, 42, 4),
(4095, 216, 10, 47, 4),
(4096, 216, 11, 52, 4),
(4097, 216, 12, 57, 4),
(4098, 216, 13, 62, 4),
(4099, 216, 14, 67, 4),
(4100, 216, 15, 72, 4),
(4101, 216, 16, 77, 4),
(4102, 216, 17, 81, 1),
(4103, 216, 18, 83, 1),
(4104, 216, 19, 88, 3),
(4105, 217, 1, 1, 5),
(4106, 217, 2, 7, 4),
(4107, 217, 3, 12, 4),
(4108, 217, 4, 18, 3),
(4109, 217, 5, 23, 3),
(4110, 217, 6, 27, 4),
(4111, 217, 7, 32, 4),
(4112, 217, 8, 36, 5),
(4113, 217, 9, 42, 4),
(4114, 217, 10, 47, 4),
(4115, 217, 11, 53, 3),
(4116, 217, 12, 58, 3),
(4117, 217, 13, 62, 4),
(4118, 217, 14, 68, 3),
(4119, 217, 15, 73, 3),
(4120, 217, 16, 76, 5),
(4121, 217, 17, 81, 1),
(4122, 217, 18, 83, 1),
(4123, 217, 19, 88, 3),
(4124, 218, 1, 1, 5),
(4125, 218, 2, 6, 5),
(4126, 218, 3, 11, 5),
(4127, 218, 4, 16, 5),
(4128, 218, 5, 21, 5),
(4129, 218, 6, 26, 5),
(4130, 218, 7, 31, 5),
(4131, 218, 8, 36, 5),
(4132, 218, 9, 41, 5),
(4133, 218, 10, 46, 5),
(4134, 218, 11, 51, 5),
(4135, 218, 12, 56, 5),
(4136, 218, 13, 61, 5),
(4137, 218, 14, 66, 5),
(4138, 218, 15, 71, 5),
(4139, 218, 16, 76, 5),
(4140, 218, 17, 81, 1),
(4141, 218, 18, 83, 1),
(4142, 218, 19, 89, 2),
(4143, 219, 1, 3, 3),
(4144, 219, 2, 7, 4),
(4145, 219, 3, 13, 3),
(4146, 219, 4, 17, 4),
(4147, 219, 5, 23, 3),
(4148, 219, 6, 28, 3),
(4149, 219, 7, 33, 3),
(4150, 219, 8, 38, 3),
(4151, 219, 9, 42, 4),
(4152, 219, 10, 48, 3),
(4153, 219, 11, 53, 3),
(4154, 219, 12, 58, 3),
(4155, 219, 13, 62, 4),
(4156, 219, 14, 68, 3),
(4157, 219, 15, 72, 4),
(4158, 219, 16, 77, 4),
(4159, 219, 17, 81, 1),
(4160, 219, 18, 83, 1),
(4161, 219, 19, 90, 1),
(4162, 220, 1, 2, 4),
(4163, 220, 2, 7, 4),
(4164, 220, 3, 12, 4),
(4165, 220, 4, 17, 4),
(4166, 220, 5, 22, 4),
(4167, 220, 6, 27, 4),
(4168, 220, 7, 32, 4),
(4169, 220, 8, 37, 4),
(4170, 220, 9, 42, 4),
(4171, 220, 10, 47, 4),
(4172, 220, 11, 52, 4),
(4173, 220, 12, 57, 4),
(4174, 220, 13, 62, 4),
(4175, 220, 14, 67, 4),
(4176, 220, 15, 72, 4),
(4177, 220, 16, 77, 4),
(4178, 220, 17, 81, 1),
(4179, 220, 18, 83, 1),
(4180, 220, 19, 90, 1),
(4181, 221, 1, 1, 5),
(4182, 221, 2, 6, 5),
(4183, 221, 3, 12, 4),
(4184, 221, 4, 16, 5),
(4185, 221, 5, 21, 5),
(4186, 221, 6, 26, 5),
(4187, 221, 7, 31, 5),
(4188, 221, 8, 36, 5),
(4189, 221, 9, 42, 4),
(4190, 221, 10, 46, 5),
(4191, 221, 11, 51, 5),
(4192, 221, 12, 57, 4),
(4193, 221, 13, 62, 4),
(4194, 221, 14, 66, 5),
(4195, 221, 15, 71, 5),
(4196, 221, 16, 76, 5),
(4197, 221, 17, 81, 1),
(4198, 221, 18, 83, 1),
(4199, 221, 19, 88, 3),
(4200, 222, 1, 1, 5),
(4201, 222, 2, 6, 5),
(4202, 222, 3, 11, 5),
(4203, 222, 4, 16, 5),
(4204, 222, 5, 21, 5),
(4205, 222, 6, 26, 5),
(4206, 222, 7, 31, 5),
(4207, 222, 8, 36, 5),
(4208, 222, 9, 41, 5),
(4209, 222, 10, 46, 5),
(4210, 222, 11, 51, 5),
(4211, 222, 12, 56, 5),
(4212, 222, 13, 61, 5),
(4213, 222, 14, 66, 5),
(4214, 222, 15, 71, 5),
(4215, 222, 16, 76, 5),
(4216, 222, 17, 81, 1),
(4217, 222, 18, 83, 1),
(4218, 222, 19, 90, 1),
(4219, 223, 1, 2, 4),
(4220, 223, 2, 7, 4),
(4221, 223, 3, 12, 4),
(4222, 223, 4, 17, 4),
(4223, 223, 5, 22, 4),
(4224, 223, 6, 27, 4),
(4225, 223, 7, 32, 4),
(4226, 223, 8, 37, 4),
(4227, 223, 9, 42, 4),
(4228, 223, 10, 47, 4),
(4229, 223, 11, 52, 4),
(4230, 223, 12, 57, 4),
(4231, 223, 13, 62, 4),
(4232, 223, 14, 67, 4),
(4233, 223, 15, 72, 4),
(4234, 223, 16, 77, 4),
(4235, 223, 17, 81, 1),
(4236, 223, 18, 83, 1),
(4237, 223, 19, 89, 2),
(4238, 224, 1, 3, 3),
(4239, 224, 2, 8, 3),
(4240, 224, 3, 13, 3),
(4241, 224, 4, 18, 3),
(4242, 224, 5, 23, 3),
(4243, 224, 6, 28, 3),
(4244, 224, 7, 33, 3),
(4245, 224, 8, 38, 3),
(4246, 224, 9, 43, 3),
(4247, 224, 10, 48, 3),
(4248, 224, 11, 53, 3),
(4249, 224, 12, 58, 3),
(4250, 224, 13, 63, 3),
(4251, 224, 14, 68, 3),
(4252, 224, 15, 73, 3),
(4253, 224, 16, 77, 4),
(4254, 224, 17, 81, 1),
(4255, 224, 18, 83, 1),
(4256, 224, 19, 89, 2),
(4257, 225, 1, 1, 5),
(4258, 225, 2, 6, 5),
(4259, 225, 3, 11, 5),
(4260, 225, 4, 16, 5),
(4261, 225, 5, 21, 5),
(4262, 225, 6, 26, 5),
(4263, 225, 7, 31, 5),
(4264, 225, 8, 36, 5),
(4265, 225, 9, 41, 5),
(4266, 225, 10, 46, 5),
(4267, 225, 11, 51, 5),
(4268, 225, 12, 56, 5),
(4269, 225, 13, 61, 5),
(4270, 225, 14, 66, 5),
(4271, 225, 15, 71, 5),
(4272, 225, 16, 76, 5),
(4273, 225, 17, 81, 1),
(4274, 225, 18, 83, 1),
(4275, 225, 19, 88, 3),
(4276, 226, 1, 3, 3),
(4277, 226, 2, 7, 4),
(4278, 226, 3, 12, 4),
(4279, 226, 4, 16, 5),
(4280, 226, 5, 23, 3),
(4281, 226, 6, 27, 4),
(4282, 226, 7, 33, 3),
(4283, 226, 8, 37, 4),
(4284, 226, 9, 42, 4),
(4285, 226, 10, 47, 4),
(4286, 226, 11, 52, 4),
(4287, 226, 12, 58, 3),
(4288, 226, 13, 64, 2),
(4289, 226, 14, 67, 4),
(4290, 226, 15, 71, 5),
(4291, 226, 16, 77, 4),
(4292, 226, 17, 81, 1),
(4293, 226, 18, 83, 1),
(4294, 226, 19, 88, 3),
(4295, 227, 1, 3, 3),
(4296, 227, 2, 8, 3),
(4297, 227, 3, 13, 3),
(4298, 227, 4, 18, 3),
(4299, 227, 5, 23, 3),
(4300, 227, 6, 28, 3),
(4301, 227, 7, 33, 3),
(4302, 227, 8, 38, 3),
(4303, 227, 9, 43, 3),
(4304, 227, 10, 48, 3),
(4305, 227, 11, 53, 3),
(4306, 227, 12, 58, 3),
(4307, 227, 13, 63, 3),
(4308, 227, 14, 68, 3),
(4309, 227, 15, 73, 3),
(4310, 227, 16, 78, 3),
(4311, 227, 17, 81, 1),
(4312, 227, 18, 83, 1),
(4313, 227, 19, 89, 2),
(4314, 228, 1, 1, 5),
(4315, 228, 2, 6, 5),
(4316, 228, 3, 11, 5),
(4317, 228, 4, 16, 5),
(4318, 228, 5, 21, 5),
(4319, 228, 6, 26, 5),
(4320, 228, 7, 31, 5),
(4321, 228, 8, 36, 5),
(4322, 228, 9, 41, 5),
(4323, 228, 10, 46, 5),
(4324, 228, 11, 52, 4),
(4325, 228, 12, 57, 4),
(4326, 228, 13, 61, 5),
(4327, 228, 14, 66, 5),
(4328, 228, 15, 71, 5),
(4329, 228, 16, 76, 5),
(4330, 228, 17, 81, 1),
(4331, 228, 18, 83, 1),
(4332, 228, 19, 89, 2),
(4333, 229, 1, 2, 4),
(4334, 229, 2, 7, 4),
(4335, 229, 3, 11, 5),
(4336, 229, 4, 17, 4),
(4337, 229, 5, 22, 4),
(4338, 229, 6, 27, 4),
(4339, 229, 7, 31, 5),
(4340, 229, 8, 36, 5),
(4341, 229, 9, 42, 4),
(4342, 229, 10, 47, 4),
(4343, 229, 11, 51, 5),
(4344, 229, 12, 57, 4),
(4345, 229, 13, 62, 4),
(4346, 229, 14, 66, 5),
(4347, 229, 15, 72, 4),
(4348, 229, 16, 77, 4),
(4349, 229, 17, 81, 1),
(4350, 229, 18, 83, 1),
(4351, 229, 19, 89, 2),
(4352, 230, 1, 1, 5),
(4353, 230, 2, 6, 5),
(4354, 230, 3, 11, 5),
(4355, 230, 4, 16, 5),
(4356, 230, 5, 21, 5),
(4357, 230, 6, 26, 5),
(4358, 230, 7, 31, 5),
(4359, 230, 8, 37, 4),
(4360, 230, 9, 41, 5),
(4361, 230, 10, 46, 5),
(4362, 230, 11, 51, 5),
(4363, 230, 12, 56, 5),
(4364, 230, 13, 61, 5),
(4365, 230, 14, 66, 5),
(4366, 230, 15, 71, 5),
(4367, 230, 16, 76, 5),
(4368, 230, 17, 81, 1),
(4369, 230, 18, 83, 1),
(4370, 230, 19, 89, 2),
(4371, 231, 1, 2, 4),
(4372, 231, 2, 7, 4),
(4373, 231, 3, 12, 4),
(4374, 231, 4, 17, 4),
(4375, 231, 5, 22, 4),
(4376, 231, 6, 27, 4),
(4377, 231, 7, 32, 4),
(4378, 231, 8, 37, 4),
(4379, 231, 9, 42, 4),
(4380, 231, 10, 47, 4),
(4381, 231, 11, 52, 4),
(4382, 231, 12, 57, 4),
(4383, 231, 13, 62, 4),
(4384, 231, 14, 67, 4),
(4385, 231, 15, 72, 4),
(4386, 231, 16, 77, 4),
(4387, 231, 17, 81, 1),
(4388, 231, 18, 83, 1),
(4389, 231, 19, 88, 3),
(4390, 232, 1, 1, 5),
(4391, 232, 2, 7, 4),
(4392, 232, 3, 12, 4),
(4393, 232, 4, 18, 3),
(4394, 232, 5, 23, 3),
(4395, 232, 6, 27, 4),
(4396, 232, 7, 32, 4),
(4397, 232, 8, 36, 5),
(4398, 232, 9, 42, 4),
(4399, 232, 10, 47, 4),
(4400, 232, 11, 53, 3),
(4401, 232, 12, 58, 3),
(4402, 232, 13, 62, 4),
(4403, 232, 14, 68, 3),
(4404, 232, 15, 73, 3),
(4405, 232, 16, 76, 5),
(4406, 232, 17, 81, 1),
(4407, 232, 18, 83, 1),
(4408, 232, 19, 88, 3),
(4409, 233, 1, 1, 5),
(4410, 233, 2, 6, 5),
(4411, 233, 3, 11, 5),
(4412, 233, 4, 16, 5),
(4413, 233, 5, 21, 5),
(4414, 233, 6, 26, 5),
(4415, 233, 7, 31, 5),
(4416, 233, 8, 36, 5),
(4417, 233, 9, 41, 5),
(4418, 233, 10, 46, 5),
(4419, 233, 11, 51, 5),
(4420, 233, 12, 56, 5),
(4421, 233, 13, 61, 5),
(4422, 233, 14, 66, 5),
(4423, 233, 15, 71, 5),
(4424, 233, 16, 76, 5),
(4425, 233, 17, 81, 1),
(4426, 233, 18, 83, 1),
(4427, 233, 19, 89, 2),
(4428, 234, 1, 3, 3),
(4429, 234, 2, 7, 4),
(4430, 234, 3, 13, 3),
(4431, 234, 4, 17, 4),
(4432, 234, 5, 23, 3),
(4433, 234, 6, 28, 3),
(4434, 234, 7, 33, 3),
(4435, 234, 8, 38, 3),
(4436, 234, 9, 42, 4),
(4437, 234, 10, 48, 3),
(4438, 234, 11, 53, 3),
(4439, 234, 12, 58, 3),
(4440, 234, 13, 62, 4),
(4441, 234, 14, 68, 3),
(4442, 234, 15, 72, 4),
(4443, 234, 16, 77, 4),
(4444, 234, 17, 81, 1),
(4445, 234, 18, 83, 1),
(4446, 234, 19, 90, 1),
(4447, 235, 1, 2, 4),
(4448, 235, 2, 7, 4),
(4449, 235, 3, 12, 4),
(4450, 235, 4, 17, 4),
(4451, 235, 5, 22, 4),
(4452, 235, 6, 27, 4),
(4453, 235, 7, 32, 4),
(4454, 235, 8, 37, 4),
(4455, 235, 9, 42, 4),
(4456, 235, 10, 47, 4),
(4457, 235, 11, 52, 4),
(4458, 235, 12, 57, 4),
(4459, 235, 13, 62, 4),
(4460, 235, 14, 67, 4),
(4461, 235, 15, 72, 4),
(4462, 235, 16, 77, 4),
(4463, 235, 17, 81, 1),
(4464, 235, 18, 83, 1),
(4465, 235, 19, 90, 1),
(4466, 236, 1, 1, 5),
(4467, 236, 2, 6, 5),
(4468, 236, 3, 12, 4),
(4469, 236, 4, 16, 5),
(4470, 236, 5, 21, 5),
(4471, 236, 6, 26, 5),
(4472, 236, 7, 31, 5),
(4473, 236, 8, 36, 5),
(4474, 236, 9, 42, 4),
(4475, 236, 10, 46, 5),
(4476, 236, 11, 51, 5),
(4477, 236, 12, 57, 4),
(4478, 236, 13, 62, 4),
(4479, 236, 14, 66, 5),
(4480, 236, 15, 71, 5),
(4481, 236, 16, 76, 5),
(4482, 236, 17, 81, 1),
(4483, 236, 18, 83, 1),
(4484, 236, 19, 88, 3),
(4485, 237, 1, 1, 5),
(4486, 237, 2, 6, 5),
(4487, 237, 3, 11, 5),
(4488, 237, 4, 16, 5),
(4489, 237, 5, 21, 5),
(4490, 237, 6, 26, 5),
(4491, 237, 7, 31, 5),
(4492, 237, 8, 36, 5),
(4493, 237, 9, 41, 5),
(4494, 237, 10, 46, 5),
(4495, 237, 11, 51, 5),
(4496, 237, 12, 56, 5),
(4497, 237, 13, 61, 5),
(4498, 237, 14, 66, 5),
(4499, 237, 15, 71, 5),
(4500, 237, 16, 76, 5),
(4501, 237, 17, 81, 1),
(4502, 237, 18, 83, 1),
(4503, 237, 19, 90, 1);

-- --------------------------------------------------------

--
-- Table structure for table `chucvu`
--

CREATE TABLE `chucvu` (
  `MaChucVu` int(11) NOT NULL,
  `TenChucVu` varchar(100) COLLATE utf8_unicode_ci NOT NULL,
  `PhanRole` varchar(100) COLLATE utf8_unicode_ci NOT NULL
) ENGINE=InnoDB DEFAULT CHARSET=utf8 COLLATE=utf8_unicode_ci;

--
-- Dumping data for table `chucvu`
--

INSERT INTO `chucvu` (`MaChucVu`, `TenChucVu`, `PhanRole`) VALUES
(1, 'admin', 'nv'),
(2, 'giaovien', 'gv'),
(3, 'nhanvien', 'nv'),
(4, 'truongbomon', 'gv'),
(5, 'truongkhoa', 'gv'),
(6, 'SuperAdmin', 'gv');

-- --------------------------------------------------------

--
-- Table structure for table `giaovien`
--

CREATE TABLE `giaovien` (
  `MaGiaoVien` int(11) NOT NULL,
  `TenGiaoVien` varchar(100) COLLATE utf8_unicode_ci NOT NULL,
  `MatKhau` varchar(100) COLLATE utf8_unicode_ci NOT NULL,
  `MaChucVu` int(11) NOT NULL,
  `MaBoMon` int(11) NOT NULL
) ENGINE=InnoDB DEFAULT CHARSET=utf8 COLLATE=utf8_unicode_ci;

--
-- Dumping data for table `giaovien`
--

INSERT INTO `giaovien` (`MaGiaoVien`, `TenGiaoVien`, `MatKhau`, `MaChucVu`, `MaBoMon`) VALUES
(1, 'abc', '123', 2, 1),
(2001021, 'Nguyễn Văn A', '123', 2, 1),
(2001022, 'John', '123', 2, 2),
(2001023, 'Phạm Thị Kim Ngoan', '123', 2, 1),
(2001024, 'Nguyễn Văn B', '123', 4, 1),
(2001025, 'Trần Thị Hồng', '123', 2, 3),
(2001026, 'Trần Văn A', '123', 2, 4),
(2001027, 'Phạm Văn Khoa', '123', 5, 4),
(2001028, 'Hoàng Phi Hùng', '123', 5, 2),
(2003011, 'Bùi Chí Thành', '123', 2, 4),
(2004006, 'Nguyễn Đình Cường', '123', 2, 4),
(2008022, 'Đoàn Vũ Thịnh', '123', 2, 1);

-- --------------------------------------------------------

--
-- Table structure for table `hinhthucphanloai`
--

CREATE TABLE `hinhthucphanloai` (
  `MaHinhThucPhanLoai` int(11) NOT NULL,
  `MaTieuChiDanhGia` int(11) NOT NULL,
  `NoiDungHinhThucPhanLoai` varchar(100) COLLATE utf8_unicode_ci NOT NULL,
  `NoiDungChiTiet` varchar(100) COLLATE utf8_unicode_ci NOT NULL,
  `Diem` int(11) NOT NULL
) ENGINE=InnoDB DEFAULT CHARSET=utf8 COLLATE=utf8_unicode_ci;

--
-- Dumping data for table `hinhthucphanloai`
--

INSERT INTO `hinhthucphanloai` (`MaHinhThucPhanLoai`, `MaTieuChiDanhGia`, `NoiDungHinhThucPhanLoai`, `NoiDungChiTiet`, `Diem`) VALUES
(1, 1, 'RD', 'Rất đúng', 5),
(2, 1, 'D', 'Đúng', 4),
(3, 1, 'TDD', 'Tương đối đúng', 3),
(4, 1, 'KD', 'Không đúng', 2),
(5, 1, 'RKD', 'Rất không đúng', 1),
(6, 2, 'RD', 'Rất đúng', 5),
(7, 2, 'D', 'Đúng', 4),
(8, 2, 'TDD', 'Tương đối đúng', 3),
(9, 2, 'KD', 'Không đúng', 2),
(10, 2, 'RKD', 'Rất không đúng', 1),
(11, 3, 'RD', 'Rất đúng', 5),
(12, 3, 'D', 'Đúng', 4),
(13, 3, 'TDD', 'Tương đối đúng', 3),
(14, 3, 'KD', 'Không đúng', 2),
(15, 3, 'RKD', 'Rất không đúng', 1),
(16, 4, 'RD', 'Rất đúng', 5),
(17, 4, 'D', 'Đúng', 4),
(18, 4, 'TDD', 'Tương đối đúng', 3),
(19, 4, 'KD', 'Không đúng', 2),
(20, 4, 'RKD', 'Rất không đúng', 1),
(21, 5, 'RD', 'Rất đúng', 5),
(22, 5, 'D', 'Đúng', 4),
(23, 5, 'TDD', 'Tương đối đúng', 3),
(24, 5, 'KD', 'Không đúng', 2),
(25, 5, 'RKD', 'Rất không đúng', 1),
(26, 6, 'RD', 'Rất đúng', 5),
(27, 6, 'D', 'Đúng', 4),
(28, 6, 'TDD', 'Tương đối đúng', 3),
(29, 6, 'KD', 'Không đúng', 2),
(30, 6, 'RKD', 'Rất không đúng', 1),
(31, 7, 'RD', 'Rất đúng', 5),
(32, 7, 'D', 'Đúng', 4),
(33, 7, 'TDD', 'Tương đối đúng', 3),
(34, 7, 'KD', 'Không đúng', 2),
(35, 7, 'RKD', 'Rất không đúng', 1),
(36, 8, 'RD', 'Rất đúng', 5),
(37, 8, 'D', 'Đúng', 4),
(38, 8, 'TDD', 'Tương đối đúng', 3),
(39, 8, 'KD', 'Không đúng', 2),
(40, 8, 'RKD', 'Rất không đúng', 1),
(41, 9, 'RD', 'Rất đúng', 5),
(42, 9, 'D', 'Đúng', 4),
(43, 9, 'TDD', 'Tương đối đúng', 3),
(44, 9, 'KD', 'Không đúng', 2),
(45, 9, 'RKD', 'Rất không đúng', 1),
(46, 10, 'RD', 'Rất đúng', 5),
(47, 10, 'D', 'Đúng', 4),
(48, 10, 'TDD', 'Tương đối đúng', 3),
(49, 10, 'KD', 'Không đúng', 2),
(50, 10, 'RKD', 'Rất không đúng', 1),
(51, 11, 'RD', 'Rất đúng', 5),
(52, 11, 'D', 'Đúng', 4),
(53, 11, 'TDD', 'Tương đối đúng', 3),
(54, 11, 'KD', 'Không đúng', 2),
(55, 11, 'RKD', 'Rất không đúng', 1),
(56, 12, 'RD', 'Rất đúng', 5),
(57, 12, 'D', 'Đúng', 4),
(58, 12, 'TDD', 'Tương đối đúng', 3),
(59, 12, 'KD', 'Không đúng', 2),
(60, 12, 'RKD', 'Rất không đúng', 1),
(61, 13, 'RD', 'Rất đúng', 5),
(62, 13, 'D', 'Đúng', 4),
(63, 13, 'TDD', 'Tương đối đúng', 3),
(64, 13, 'KD', 'Không đúng', 2),
(65, 13, 'RKD', 'Rất không đúng', 1),
(66, 14, 'RD', 'Rất đúng', 5),
(67, 14, 'D', 'Đúng', 4),
(68, 14, 'TDD', 'Tương đối đúng', 3),
(69, 14, 'KD', 'Không đúng', 2),
(70, 14, 'RKD', 'Rất không đúng', 1),
(71, 15, 'RD', 'Rất đúng', 5),
(72, 15, 'D', 'Đúng', 4),
(73, 15, 'TDD', 'Tương đối đúng', 3),
(74, 15, 'KD', 'Không đúng', 2),
(75, 15, 'RKD', 'Rất không đúng', 1),
(76, 16, 'RHL', 'Rất hài lòng', 5),
(77, 16, 'KHL', 'Khá hài lòng', 4),
(78, 16, 'THL', 'Tạm hài lòng', 3),
(79, 16, 'KHHL', 'Không hài lòng', 2),
(80, 16, 'RKHHL', 'Rất không hài lòng', 1),
(81, 17, 'NAM', 'Nam', 1),
(82, 17, 'NU', 'Nữ', 1),
(83, 18, '80', 'Trên 80%', 1),
(84, 18, '50', 'Từ 50-80%', 1),
(85, 18, 'DUOI50', 'Dưới 50%', 1),
(86, 19, 'XS', 'Xuất sắc', 5),
(87, 19, 'GIOI', 'Giỏi', 4),
(88, 19, 'KHA', 'Khá', 3),
(89, 19, 'TB', 'Trung bình', 2),
(90, 19, 'YEU', 'Yếu', 1),
(91, 19, 'HK1', 'SV học kỳ đầu tiên', 0);

-- --------------------------------------------------------

--
-- Table structure for table `hoatdongkhaosat`
--

CREATE TABLE `hoatdongkhaosat` (
  `MaHoatDong` int(11) NOT NULL,
  `TenHoatDong` varchar(100) COLLATE utf8_unicode_ci NOT NULL,
  `NoiDungRutGon` varchar(100) COLLATE utf8_unicode_ci NOT NULL
) ENGINE=InnoDB DEFAULT CHARSET=utf8 COLLATE=utf8_unicode_ci;

--
-- Dumping data for table `hoatdongkhaosat`
--

INSERT INTO `hoatdongkhaosat` (`MaHoatDong`, `TenHoatDong`, `NoiDungRutGon`) VALUES
(1, 'ĐÁNH GIÁ HỌC PHẦN', 'DGHP'),
(2, 'ĐÁNH GIÁ GIẢNG DẠY', 'DGGD');

-- --------------------------------------------------------

--
-- Table structure for table `hocky`
--

CREATE TABLE `hocky` (
  `MaHocKy` int(11) NOT NULL,
  `TenHocKy` varchar(100) COLLATE utf8_unicode_ci NOT NULL
) ENGINE=InnoDB DEFAULT CHARSET=utf8 COLLATE=utf8_unicode_ci;

--
-- Dumping data for table `hocky`
--

INSERT INTO `hocky` (`MaHocKy`, `TenHocKy`) VALUES
(1, '1'),
(2, '2'),
(3, '3');

-- --------------------------------------------------------

--
-- Table structure for table `hocphan`
--

CREATE TABLE `hocphan` (
  `MaHocPhan` int(11) NOT NULL,
  `MaBoMon` int(11) NOT NULL,
  `MaKhoa` int(11) NOT NULL,
  `TenHocPhan` varchar(100) COLLATE utf8_unicode_ci NOT NULL,
  `MaDuLieuHocPhan` varchar(100) COLLATE utf8_unicode_ci NOT NULL
) ENGINE=InnoDB DEFAULT CHARSET=utf8 COLLATE=utf8_unicode_ci;

--
-- Dumping data for table `hocphan`
--

INSERT INTO `hocphan` (`MaHocPhan`, `MaBoMon`, `MaKhoa`, `TenHocPhan`, `MaDuLieuHocPhan`) VALUES
(1, 1, 1, 'Lập trình hướng đối tượng', 'SOT331'),
(2, 1, 1, 'Cấu trúc dữ liệu và giải thuật', 'SOT332'),
(3, 2, 2, 'Toán rời rạc', 'SOT333'),
(4, 2, 2, 'Tiếng anh chuyên ngành', 'SOT334'),
(5, 1, 1, 'Kỹ thuật lập trình II', 'KTLT02'),
(6, 4, 1, 'Kỹ thuật lập trình III', 'KTLT03'),
(7, 4, 1, 'Quản lý dự án phần mềm', 'SOT352'),
(8, 4, 1, 'Ngôn ngữ lập trình C/C++', 'SOT316'),
(9, 1, 1, 'T.Hành Tin học cơ sở', 'SOT304');

-- --------------------------------------------------------

--
-- Table structure for table `khoa`
--

CREATE TABLE `khoa` (
  `MaKhoa` int(11) NOT NULL,
  `TenKhoa` varchar(100) COLLATE utf8_unicode_ci NOT NULL
) ENGINE=InnoDB DEFAULT CHARSET=utf8 COLLATE=utf8_unicode_ci;

--
-- Dumping data for table `khoa`
--

INSERT INTO `khoa` (`MaKhoa`, `TenKhoa`) VALUES
(1, 'Công nghệ thông tin'),
(2, 'Kế toán'),
(3, 'Cơ khí');

-- --------------------------------------------------------

--
-- Table structure for table `loaiphieu`
--

CREATE TABLE `loaiphieu` (
  `MaLoaiPhieu` int(11) NOT NULL,
  `TenLoaiPhieu` varchar(100) COLLATE utf8_unicode_ci NOT NULL
) ENGINE=InnoDB DEFAULT CHARSET=utf8 COLLATE=utf8_unicode_ci;

--
-- Dumping data for table `loaiphieu`
--

INSERT INTO `loaiphieu` (`MaLoaiPhieu`, `TenLoaiPhieu`) VALUES
(1, 'PHIẾU THU THẬP THÔNG TIN DẠY VÀ HỌC'),
(2, 'PHIẾU THU THẬP THÔNG TIN SINH VIÊN');

-- --------------------------------------------------------

--
-- Table structure for table `lophocphan`
--

CREATE TABLE `lophocphan` (
  `MaLopHocPhan` int(11) NOT NULL,
  `MaHocPhan` int(11) NOT NULL,
  `MaNamHoc` int(11) NOT NULL,
  `MaHocKy` int(11) NOT NULL,
  `MaGiaoVien` int(11) NOT NULL,
  `MaNhomHocPhan` int(11) NOT NULL,
  `MaHoatDongKhaoSat` int(11) NOT NULL
) ENGINE=InnoDB DEFAULT CHARSET=utf8 COLLATE=utf8_unicode_ci;

--
-- Dumping data for table `lophocphan`
--

INSERT INTO `lophocphan` (`MaLopHocPhan`, `MaHocPhan`, `MaNamHoc`, `MaHocKy`, `MaGiaoVien`, `MaNhomHocPhan`, `MaHoatDongKhaoSat`) VALUES
(1, 2, 4, 1, 2001023, 3, 1),
(2, 2, 1, 1, 2001023, 3, 1),
(4, 2, 3, 1, 2001023, 3, 1),
(5, 1, 4, 1, 2001021, 3, 1),
(6, 5, 4, 1, 2001024, 1, 1),
(26, 3, 4, 1, 2001022, 2, 1),
(31, 6, 4, 1, 2001025, 2, 1),
(32, 6, 4, 1, 2001027, 1, 1),
(36, 6, 3, 1, 2001027, 1, 1),
(37, 6, 2, 1, 2001023, 2, 1),
(38, 3, 4, 1, 2001028, 2, 1),
(39, 3, 4, 2, 2001028, 2, 1),
(40, 7, 3, 2, 2003011, 2, 1),
(41, 8, 3, 2, 2004006, 1, 1),
(42, 8, 3, 2, 2004006, 2, 1),
(43, 8, 4, 2, 2004006, 2, 1);

-- --------------------------------------------------------

--
-- Table structure for table `namhoc`
--

CREATE TABLE `namhoc` (
  `MaNamHoc` int(11) NOT NULL,
  `ThoiGian` varchar(100) COLLATE utf8_unicode_ci NOT NULL
) ENGINE=InnoDB DEFAULT CHARSET=utf8 COLLATE=utf8_unicode_ci;

--
-- Dumping data for table `namhoc`
--

INSERT INTO `namhoc` (`MaNamHoc`, `ThoiGian`) VALUES
(1, '2020'),
(2, '2021'),
(3, '2022'),
(4, '2023'),
(5, '2024');

-- --------------------------------------------------------

--
-- Table structure for table `nhanvien`
--

CREATE TABLE `nhanvien` (
  `MaNhanVien` varchar(100) COLLATE utf8_unicode_ci NOT NULL,
  `TenNhanVien` varchar(100) COLLATE utf8_unicode_ci NOT NULL,
  `MatKhau` varchar(100) COLLATE utf8_unicode_ci NOT NULL,
  `MaChucVu` int(11) NOT NULL
) ENGINE=InnoDB DEFAULT CHARSET=utf8 COLLATE=utf8_unicode_ci;

--
-- Dumping data for table `nhanvien`
--

INSERT INTO `nhanvien` (`MaNhanVien`, `TenNhanVien`, `MatKhau`, `MaChucVu`) VALUES
('NV00', 'Quang Huy', '123', 1),
('NV01', 'Long', '123', 3),
('NV02', 'Thành Long', '123', 3),
('NV03', 'Lý tiểu long', '123', 1);

-- --------------------------------------------------------

--
-- Table structure for table `nhomhocphan`
--

CREATE TABLE `nhomhocphan` (
  `MaNhomHocPhan` int(11) NOT NULL,
  `TenNhomHocPhan` varchar(100) COLLATE utf8_unicode_ci NOT NULL
) ENGINE=InnoDB DEFAULT CHARSET=utf8 COLLATE=utf8_unicode_ci;

--
-- Dumping data for table `nhomhocphan`
--

INSERT INTO `nhomhocphan` (`MaNhomHocPhan`, `TenNhomHocPhan`) VALUES
(1, '01'),
(2, '02'),
(3, '03'),
(4, '04'),
(5, '05'),
(6, '06'),
(7, '07'),
(8, '08'),
(9, '09'),
(10, '10'),
(11, '11'),
(12, '12'),
(13, '13'),
(14, '14'),
(15, '15'),
(16, '16'),
(17, '17'),
(18, '18'),
(19, '19'),
(20, '20'),
(21, '21'),
(22, '22'),
(23, '23'),
(24, '24'),
(25, '25'),
(26, '26'),
(27, '27'),
(28, '28'),
(29, '29'),
(30, '30'),
(31, '31'),
(32, '32'),
(33, '33'),
(34, '34'),
(35, '35'),
(36, '36'),
(37, '37'),
(38, '38'),
(39, '39'),
(40, '40'),
(41, '41'),
(42, '42'),
(43, '43'),
(44, '44'),
(45, '45'),
(46, '46'),
(47, '47'),
(48, '48'),
(49, '49'),
(50, '50');

-- --------------------------------------------------------

--
-- Table structure for table `nhomtieuchi`
--

CREATE TABLE `nhomtieuchi` (
  `MaNhomTieuChi` int(11) NOT NULL,
  `TenNhom` varchar(100) COLLATE utf8_unicode_ci NOT NULL
) ENGINE=InnoDB DEFAULT CHARSET=utf8 COLLATE=utf8_unicode_ci;

--
-- Dumping data for table `nhomtieuchi`
--

INSERT INTO `nhomtieuchi` (`MaNhomTieuChi`, `TenNhom`) VALUES
(1, 'I. Thông tin sinh viên'),
(2, 'II. Thông tin về dạy và học'),
(3, 'III. Ý kiến khác'),
(4, 'Câu hỏi góp ý');

-- --------------------------------------------------------

--
-- Table structure for table `phieukhaosat`
--

CREATE TABLE `phieukhaosat` (
  `MaPhieuKhaoSat` int(11) NOT NULL,
  `MaLoaiPhieu` int(11) NOT NULL,
  `MaLopHocPhan` int(11) NOT NULL,
  `MaHoatDongKhaoSat` int(11) NOT NULL
) ENGINE=InnoDB DEFAULT CHARSET=utf8 COLLATE=utf8_unicode_ci;

--
-- Dumping data for table `phieukhaosat`
--

INSERT INTO `phieukhaosat` (`MaPhieuKhaoSat`, `MaLoaiPhieu`, `MaLopHocPhan`, `MaHoatDongKhaoSat`) VALUES
(1, 1, 1, 1),
(2, 1, 1, 1),
(3, 1, 2, 2),
(4, 1, 2, 2),
(5, 1, 2, 2),
(6, 1, 2, 2),
(7, 1, 2, 2),
(8, 1, 2, 2),
(9, 1, 2, 2),
(10, 1, 2, 2),
(11, 1, 2, 2),
(12, 1, 2, 2),
(13, 1, 2, 2),
(14, 1, 2, 2),
(15, 1, 2, 2),
(16, 1, 2, 2),
(17, 1, 2, 2),
(18, 1, 2, 2),
(19, 1, 2, 2),
(20, 1, 2, 2),
(21, 1, 2, 2),
(22, 1, 2, 2),
(23, 1, 2, 2),
(24, 1, 2, 2),
(25, 1, 2, 2),
(26, 1, 2, 2),
(27, 1, 2, 2),
(28, 1, 2, 2),
(29, 1, 2, 2),
(30, 1, 2, 2),
(31, 1, 2, 2),
(32, 1, 2, 2),
(33, 1, 2, 2),
(34, 1, 2, 2),
(35, 1, 2, 2),
(36, 1, 2, 2),
(37, 1, 2, 2),
(38, 1, 2, 2),
(39, 1, 2, 2),
(40, 1, 2, 2),
(41, 1, 2, 2),
(42, 1, 2, 2),
(43, 1, 2, 2),
(44, 1, 2, 2),
(45, 1, 2, 2),
(46, 1, 2, 2),
(47, 1, 2, 2),
(48, 1, 2, 2),
(49, 1, 2, 2),
(50, 1, 2, 2),
(51, 1, 2, 2),
(52, 1, 2, 2),
(53, 1, 2, 2),
(54, 1, 2, 2),
(55, 1, 2, 2),
(56, 1, 2, 2),
(57, 1, 2, 2),
(58, 1, 2, 2),
(59, 1, 2, 2),
(60, 1, 2, 2),
(61, 1, 2, 2),
(62, 1, 2, 2),
(63, 1, 2, 2),
(64, 1, 2, 2),
(65, 1, 2, 2),
(66, 1, 2, 2),
(67, 1, 2, 2),
(68, 1, 2, 2),
(69, 1, 2, 2),
(70, 1, 2, 2),
(71, 1, 2, 2),
(72, 1, 2, 2),
(73, 1, 2, 2),
(74, 1, 2, 2),
(75, 1, 2, 2),
(76, 1, 2, 2),
(77, 1, 2, 2),
(80, 1, 4, 1),
(81, 1, 4, 1),
(82, 1, 5, 1),
(83, 1, 6, 1),
(84, 1, 6, 1),
(104, 1, 26, 1),
(119, 1, 31, 1),
(120, 1, 32, 1),
(124, 1, 36, 1),
(125, 1, 37, 1),
(126, 1, 38, 1),
(127, 1, 39, 1),
(128, 1, 40, 2),
(129, 1, 40, 2),
(130, 1, 40, 2),
(131, 1, 40, 2),
(132, 1, 40, 2),
(133, 1, 40, 2),
(134, 1, 40, 2),
(135, 1, 40, 2),
(136, 1, 40, 2),
(137, 1, 40, 2),
(138, 1, 40, 2),
(139, 1, 40, 2),
(140, 1, 40, 2),
(141, 1, 40, 2),
(142, 1, 40, 2),
(143, 1, 40, 2),
(144, 1, 40, 2),
(145, 1, 40, 2),
(146, 1, 40, 2),
(147, 1, 40, 2),
(148, 1, 40, 2),
(149, 1, 40, 2),
(150, 1, 40, 2),
(151, 1, 40, 2),
(152, 1, 40, 2),
(153, 1, 40, 2),
(154, 1, 40, 2),
(155, 1, 40, 2),
(156, 1, 40, 2),
(157, 1, 40, 2),
(158, 1, 40, 2),
(159, 1, 40, 2),
(160, 1, 40, 2),
(161, 1, 40, 2),
(162, 1, 40, 2),
(163, 1, 40, 2),
(164, 1, 40, 2),
(165, 1, 40, 2),
(166, 1, 40, 2),
(167, 1, 40, 2),
(168, 1, 40, 2),
(169, 1, 40, 2),
(170, 1, 40, 2),
(171, 1, 40, 2),
(172, 1, 40, 2),
(173, 1, 40, 2),
(174, 1, 40, 2),
(175, 1, 40, 2),
(176, 1, 40, 2),
(177, 1, 40, 2),
(178, 1, 40, 2),
(179, 1, 40, 2),
(180, 1, 40, 2),
(181, 1, 40, 2),
(182, 1, 40, 2),
(183, 1, 40, 2),
(184, 1, 40, 2),
(185, 1, 40, 2),
(186, 1, 40, 2),
(187, 1, 40, 2),
(188, 1, 40, 2),
(189, 1, 40, 2),
(190, 1, 40, 2),
(191, 1, 40, 2),
(192, 1, 40, 2),
(193, 1, 40, 2),
(194, 1, 40, 2),
(195, 1, 40, 2),
(196, 1, 40, 2),
(197, 1, 40, 2),
(198, 1, 40, 2),
(199, 1, 40, 2),
(200, 1, 40, 2),
(201, 1, 40, 2),
(202, 1, 40, 2),
(203, 1, 41, 1),
(204, 1, 41, 1),
(205, 1, 41, 1),
(206, 1, 41, 1),
(207, 1, 41, 1),
(208, 1, 41, 1),
(209, 1, 41, 1),
(210, 1, 41, 1),
(211, 1, 41, 1),
(212, 1, 41, 1),
(213, 1, 42, 1),
(214, 1, 42, 1),
(215, 1, 42, 1),
(216, 1, 42, 1),
(217, 1, 42, 1),
(218, 1, 42, 1),
(219, 1, 42, 1),
(220, 1, 42, 1),
(221, 1, 42, 1),
(222, 1, 42, 1),
(223, 1, 42, 1),
(224, 1, 42, 1),
(225, 1, 42, 1),
(226, 1, 42, 1),
(227, 1, 42, 1),
(228, 1, 43, 1),
(229, 1, 43, 1),
(230, 1, 43, 1),
(231, 1, 43, 1),
(232, 1, 43, 1),
(233, 1, 43, 1),
(234, 1, 43, 1),
(235, 1, 43, 1),
(236, 1, 43, 1),
(237, 1, 43, 1);

-- --------------------------------------------------------

--
-- Table structure for table `tieuchidanhgia`
--

CREATE TABLE `tieuchidanhgia` (
  `MaTieuChi` int(11) NOT NULL,
  `NoiDung` varchar(100) COLLATE utf8_unicode_ci NOT NULL,
  `MaNhomTieuChi` int(11) NOT NULL
) ENGINE=InnoDB DEFAULT CHARSET=utf8 COLLATE=utf8_unicode_ci;

--
-- Dumping data for table `tieuchidanhgia`
--

INSERT INTO `tieuchidanhgia` (`MaTieuChi`, `NoiDung`, `MaNhomTieuChi`) VALUES
(1, 'GV có phương pháp truyền đạt rõ ràng dễ hiểu.', 2),
(2, 'GV có tác phong và cách cư xử chuẩn mực.', 2),
(3, 'GV đảm bảo giờ lên lớp đúng theo thời khóa biểu.', 2),
(4, 'GV giới thiệu đầy đủ giáo trình/bài giảng và các tài liệu tham khảo.', 2),
(5, ' GV giới thiệu đề cương chi tiết học phần với đầy đủ thông tin.', 2),
(6, 'GV nhiệt tình và có trách nhiệm trong giảng dạy.', 2),
(7, 'GV phối hợp hiệu quả các phương pháp giảng dạy.', 2),
(8, 'GV thường xuyên có sự liên hệ giữa lý thuyết và thực tiễn trong giảng dạy.', 2),
(9, 'GV thường xuyên kiểm tra kết quả tự học, tự nghiên cứu của SV.', 2),
(10, 'SV cảm thấy hứng thú trong giờ học.', 2),
(11, 'SV được GV tư vấn học tập ngoài giờ lên lớp (thông qua gặp gỡ hoặc email).', 2),
(12, 'SV được kiểm tra-đánh giá công bằng, đúng thực chất trong quá trình học.', 2),
(13, 'SV được kiểm tra-đánh giá theo đúng kế hoạch và nội dung đã công bố.', 2),
(14, 'SV được tạo nhiều cơ hội để chia sẻ ý kiến, quan điểm, hiểu biết.', 2),
(15, 'SV nhận được nhiều kiến thức, kỹ năng cần thiết từ học phần.', 2),
(16, 'Cảm nhận chung của anh/chị về học phần này.', 3),
(17, 'Giới tính.', 1),
(18, 'Tỷ lệ thời gian tham dự lớp học của anh/chị đối với HP này.', 1),
(19, 'Xếp loại học lực của anh/chị trong học kỳ vừa qua (nếu có).', 1),
(20, 'Những ưu điểm nổi bật của GV trong quá trình giảng dạy học phần:', 4),
(21, 'Những góp ý cho GV nhằm nâng cao hơn nữa chất lượng giảng dạy của học phần:', 4),
(22, 'Những góp ý cho Nhà trường nhằm nâng cao hơn nữa chất lượng giảng dạy của học phần:', 4);

--
-- Indexes for dumped tables
--

--
-- Indexes for table `bomon`
--
ALTER TABLE `bomon`
  ADD PRIMARY KEY (`MaBoMon`),
  ADD KEY `fk_bomon_khoa` (`MaKhoa`);

--
-- Indexes for table `cauhoicuahoatdong`
--
ALTER TABLE `cauhoicuahoatdong`
  ADD PRIMARY KEY (`MaHoatDongCauHoi`),
  ADD KEY `fk_CauHoiHoatDong_MaHoatDong` (`MaHoatDongKhaoSat`),
  ADD KEY `fk_CauHoiHoatDong_MaTieuChi` (`MaCauHoi`);

--
-- Indexes for table `chitietkhaosatcauhoimo`
--
ALTER TABLE `chitietkhaosatcauhoimo`
  ADD PRIMARY KEY (`MaChiTietPhieuCauHoiMo`);

--
-- Indexes for table `chitietkhaosatphieu`
--
ALTER TABLE `chitietkhaosatphieu`
  ADD PRIMARY KEY (`MaChiTietKhaoSatPhieu`),
  ADD KEY `fk_ChitietKhaoSatPhieu_PhieuKhaoSat` (`MaPhieuKhaoSat`),
  ADD KEY `fk_ChiTietKhaoSatPhieu_TieuChiDanhGia` (`MaTieuChiDanhGia`),
  ADD KEY `fk_ChitTietKhaoSatPhieu_MaHinhThucPhanLoai` (`MaHinhThucPhanLoai`);

--
-- Indexes for table `chucvu`
--
ALTER TABLE `chucvu`
  ADD PRIMARY KEY (`MaChucVu`);

--
-- Indexes for table `giaovien`
--
ALTER TABLE `giaovien`
  ADD PRIMARY KEY (`MaGiaoVien`),
  ADD KEY `fk_giaovien_chucvu` (`MaChucVu`),
  ADD KEY `fk_giaovien_bomon` (`MaBoMon`);

--
-- Indexes for table `hinhthucphanloai`
--
ALTER TABLE `hinhthucphanloai`
  ADD PRIMARY KEY (`MaHinhThucPhanLoai`),
  ADD KEY `fk_HinhThucPhanLoai_TieuChiDanhGia` (`MaTieuChiDanhGia`);

--
-- Indexes for table `hoatdongkhaosat`
--
ALTER TABLE `hoatdongkhaosat`
  ADD PRIMARY KEY (`MaHoatDong`);

--
-- Indexes for table `hocky`
--
ALTER TABLE `hocky`
  ADD PRIMARY KEY (`MaHocKy`);

--
-- Indexes for table `hocphan`
--
ALTER TABLE `hocphan`
  ADD PRIMARY KEY (`MaHocPhan`),
  ADD KEY `fk_hocphan_bomon` (`MaBoMon`),
  ADD KEY `fk_hocphan_khoa` (`MaKhoa`);

--
-- Indexes for table `khoa`
--
ALTER TABLE `khoa`
  ADD PRIMARY KEY (`MaKhoa`);

--
-- Indexes for table `loaiphieu`
--
ALTER TABLE `loaiphieu`
  ADD PRIMARY KEY (`MaLoaiPhieu`);

--
-- Indexes for table `lophocphan`
--
ALTER TABLE `lophocphan`
  ADD PRIMARY KEY (`MaLopHocPhan`),
  ADD KEY `fk_LopHocPhan_NhomHocPhan` (`MaNhomHocPhan`),
  ADD KEY `fk_LopHocPhan_HocPhan` (`MaHocPhan`),
  ADD KEY `fk_lopHocPhan_NamHoc` (`MaNamHoc`),
  ADD KEY `fk_LopHocPhan_HocKy` (`MaHocKy`),
  ADD KEY `fk_lopHocPhan_GiaoVien` (`MaGiaoVien`);

--
-- Indexes for table `namhoc`
--
ALTER TABLE `namhoc`
  ADD PRIMARY KEY (`MaNamHoc`);

--
-- Indexes for table `nhanvien`
--
ALTER TABLE `nhanvien`
  ADD PRIMARY KEY (`MaNhanVien`),
  ADD KEY `fk_nhanvien_chucvu` (`MaChucVu`);

--
-- Indexes for table `nhomhocphan`
--
ALTER TABLE `nhomhocphan`
  ADD PRIMARY KEY (`MaNhomHocPhan`);

--
-- Indexes for table `nhomtieuchi`
--
ALTER TABLE `nhomtieuchi`
  ADD PRIMARY KEY (`MaNhomTieuChi`);

--
-- Indexes for table `phieukhaosat`
--
ALTER TABLE `phieukhaosat`
  ADD PRIMARY KEY (`MaPhieuKhaoSat`),
  ADD KEY `fk_PhieuKhaoSat_LopHocPhan` (`MaLopHocPhan`),
  ADD KEY `fk_PhieuKhaoSat_LoaiPhieu` (`MaLoaiPhieu`),
  ADD KEY `fk_PhieuKhaoSat_HoatDongKhaoSat` (`MaHoatDongKhaoSat`);

--
-- Indexes for table `tieuchidanhgia`
--
ALTER TABLE `tieuchidanhgia`
  ADD PRIMARY KEY (`MaTieuChi`),
  ADD KEY `fk_TieuChiDanhGia_NhomTieuChi` (`MaNhomTieuChi`);

--
-- AUTO_INCREMENT for dumped tables
--

--
-- AUTO_INCREMENT for table `bomon`
--
ALTER TABLE `bomon`
  MODIFY `MaBoMon` int(11) NOT NULL AUTO_INCREMENT, AUTO_INCREMENT=8;

--
-- AUTO_INCREMENT for table `cauhoicuahoatdong`
--
ALTER TABLE `cauhoicuahoatdong`
  MODIFY `MaHoatDongCauHoi` int(11) NOT NULL AUTO_INCREMENT, AUTO_INCREMENT=77;

--
-- AUTO_INCREMENT for table `chitietkhaosatcauhoimo`
--
ALTER TABLE `chitietkhaosatcauhoimo`
  MODIFY `MaChiTietPhieuCauHoiMo` int(11) NOT NULL AUTO_INCREMENT, AUTO_INCREMENT=36;

--
-- AUTO_INCREMENT for table `chitietkhaosatphieu`
--
ALTER TABLE `chitietkhaosatphieu`
  MODIFY `MaChiTietKhaoSatPhieu` int(11) NOT NULL AUTO_INCREMENT, AUTO_INCREMENT=4504;

--
-- AUTO_INCREMENT for table `chucvu`
--
ALTER TABLE `chucvu`
  MODIFY `MaChucVu` int(11) NOT NULL AUTO_INCREMENT, AUTO_INCREMENT=7;

--
-- AUTO_INCREMENT for table `giaovien`
--
ALTER TABLE `giaovien`
  MODIFY `MaGiaoVien` int(11) NOT NULL AUTO_INCREMENT, AUTO_INCREMENT=2008023;

--
-- AUTO_INCREMENT for table `hinhthucphanloai`
--
ALTER TABLE `hinhthucphanloai`
  MODIFY `MaHinhThucPhanLoai` int(11) NOT NULL AUTO_INCREMENT, AUTO_INCREMENT=1001;

--
-- AUTO_INCREMENT for table `hoatdongkhaosat`
--
ALTER TABLE `hoatdongkhaosat`
  MODIFY `MaHoatDong` int(11) NOT NULL AUTO_INCREMENT, AUTO_INCREMENT=3;

--
-- AUTO_INCREMENT for table `hocky`
--
ALTER TABLE `hocky`
  MODIFY `MaHocKy` int(11) NOT NULL AUTO_INCREMENT, AUTO_INCREMENT=4;

--
-- AUTO_INCREMENT for table `hocphan`
--
ALTER TABLE `hocphan`
  MODIFY `MaHocPhan` int(11) NOT NULL AUTO_INCREMENT, AUTO_INCREMENT=10;

--
-- AUTO_INCREMENT for table `khoa`
--
ALTER TABLE `khoa`
  MODIFY `MaKhoa` int(11) NOT NULL AUTO_INCREMENT, AUTO_INCREMENT=4;

--
-- AUTO_INCREMENT for table `loaiphieu`
--
ALTER TABLE `loaiphieu`
  MODIFY `MaLoaiPhieu` int(11) NOT NULL AUTO_INCREMENT, AUTO_INCREMENT=3;

--
-- AUTO_INCREMENT for table `lophocphan`
--
ALTER TABLE `lophocphan`
  MODIFY `MaLopHocPhan` int(11) NOT NULL AUTO_INCREMENT, AUTO_INCREMENT=44;

--
-- AUTO_INCREMENT for table `namhoc`
--
ALTER TABLE `namhoc`
  MODIFY `MaNamHoc` int(11) NOT NULL AUTO_INCREMENT, AUTO_INCREMENT=6;

--
-- AUTO_INCREMENT for table `nhomhocphan`
--
ALTER TABLE `nhomhocphan`
  MODIFY `MaNhomHocPhan` int(11) NOT NULL AUTO_INCREMENT, AUTO_INCREMENT=51;

--
-- AUTO_INCREMENT for table `nhomtieuchi`
--
ALTER TABLE `nhomtieuchi`
  MODIFY `MaNhomTieuChi` int(11) NOT NULL AUTO_INCREMENT, AUTO_INCREMENT=5;

--
-- AUTO_INCREMENT for table `phieukhaosat`
--
ALTER TABLE `phieukhaosat`
  MODIFY `MaPhieuKhaoSat` int(11) NOT NULL AUTO_INCREMENT, AUTO_INCREMENT=238;

--
-- AUTO_INCREMENT for table `tieuchidanhgia`
--
ALTER TABLE `tieuchidanhgia`
  MODIFY `MaTieuChi` int(11) NOT NULL AUTO_INCREMENT, AUTO_INCREMENT=23;

--
-- Constraints for dumped tables
--

--
-- Constraints for table `bomon`
--
ALTER TABLE `bomon`
  ADD CONSTRAINT `fk_bomon_khoa` FOREIGN KEY (`MaKhoa`) REFERENCES `khoa` (`MaKhoa`);

--
-- Constraints for table `cauhoicuahoatdong`
--
ALTER TABLE `cauhoicuahoatdong`
  ADD CONSTRAINT `fk_CauHoiHoatDong_MaHoatDong` FOREIGN KEY (`MaHoatDongKhaoSat`) REFERENCES `hoatdongkhaosat` (`MaHoatDong`),
  ADD CONSTRAINT `fk_CauHoiHoatDong_MaTieuChi` FOREIGN KEY (`MaCauHoi`) REFERENCES `tieuchidanhgia` (`MaTieuChi`);

--
-- Constraints for table `chitietkhaosatphieu`
--
ALTER TABLE `chitietkhaosatphieu`
  ADD CONSTRAINT `fk_ChiTietKhaoSatPhieu_TieuChiDanhGia` FOREIGN KEY (`MaTieuChiDanhGia`) REFERENCES `tieuchidanhgia` (`MaTieuChi`),
  ADD CONSTRAINT `fk_ChitTietKhaoSatPhieu_MaHinhThucPhanLoai` FOREIGN KEY (`MaHinhThucPhanLoai`) REFERENCES `hinhthucphanloai` (`MaHinhThucPhanLoai`),
  ADD CONSTRAINT `fk_ChitietKhaoSatPhieu_PhieuKhaoSat` FOREIGN KEY (`MaPhieuKhaoSat`) REFERENCES `phieukhaosat` (`MaPhieuKhaoSat`);

--
-- Constraints for table `giaovien`
--
ALTER TABLE `giaovien`
  ADD CONSTRAINT `fk_giaovien_bomon` FOREIGN KEY (`MaBoMon`) REFERENCES `bomon` (`MaBoMon`),
  ADD CONSTRAINT `fk_giaovien_chucvu` FOREIGN KEY (`MaChucVu`) REFERENCES `chucvu` (`MaChucVu`);

--
-- Constraints for table `hinhthucphanloai`
--
ALTER TABLE `hinhthucphanloai`
  ADD CONSTRAINT `fk_HinhThucPhanLoai_TieuChiDanhGia` FOREIGN KEY (`MaTieuChiDanhGia`) REFERENCES `tieuchidanhgia` (`MaTieuChi`);

--
-- Constraints for table `hocphan`
--
ALTER TABLE `hocphan`
  ADD CONSTRAINT `fk_hocphan_bomon` FOREIGN KEY (`MaBoMon`) REFERENCES `bomon` (`MaBoMon`),
  ADD CONSTRAINT `fk_hocphan_khoa` FOREIGN KEY (`MaKhoa`) REFERENCES `khoa` (`MaKhoa`);

--
-- Constraints for table `lophocphan`
--
ALTER TABLE `lophocphan`
  ADD CONSTRAINT `fk_LopHocPhan_HocKy` FOREIGN KEY (`MaHocKy`) REFERENCES `hocky` (`MaHocKy`),
  ADD CONSTRAINT `fk_LopHocPhan_HocPhan` FOREIGN KEY (`MaHocPhan`) REFERENCES `hocphan` (`MaHocPhan`),
  ADD CONSTRAINT `fk_LopHocPhan_NhomHocPhan` FOREIGN KEY (`MaNhomHocPhan`) REFERENCES `nhomhocphan` (`MaNhomHocPhan`),
  ADD CONSTRAINT `fk_lopHocPhan_GiaoVien` FOREIGN KEY (`MaGiaoVien`) REFERENCES `giaovien` (`MaGiaoVien`),
  ADD CONSTRAINT `fk_lopHocPhan_NamHoc` FOREIGN KEY (`MaNamHoc`) REFERENCES `namhoc` (`MaNamHoc`);

--
-- Constraints for table `nhanvien`
--
ALTER TABLE `nhanvien`
  ADD CONSTRAINT `fk_nhanvien_chucvu` FOREIGN KEY (`MaChucVu`) REFERENCES `chucvu` (`MaChucVu`);

--
-- Constraints for table `phieukhaosat`
--
ALTER TABLE `phieukhaosat`
  ADD CONSTRAINT `fk_PhieuKhaoSat_HoatDongKhaoSat` FOREIGN KEY (`MaHoatDongKhaoSat`) REFERENCES `hoatdongkhaosat` (`MaHoatDong`),
  ADD CONSTRAINT `fk_PhieuKhaoSat_LoaiPhieu` FOREIGN KEY (`MaLoaiPhieu`) REFERENCES `loaiphieu` (`MaLoaiPhieu`),
  ADD CONSTRAINT `fk_PhieuKhaoSat_LopHocPhan` FOREIGN KEY (`MaLopHocPhan`) REFERENCES `lophocphan` (`MaLopHocPhan`);

--
-- Constraints for table `tieuchidanhgia`
--
ALTER TABLE `tieuchidanhgia`
  ADD CONSTRAINT `fk_TieuChiDanhGia_NhomTieuChi` FOREIGN KEY (`MaNhomTieuChi`) REFERENCES `nhomtieuchi` (`MaNhomTieuChi`);
COMMIT;

/*!40101 SET CHARACTER_SET_CLIENT=@OLD_CHARACTER_SET_CLIENT */;
/*!40101 SET CHARACTER_SET_RESULTS=@OLD_CHARACTER_SET_RESULTS */;
/*!40101 SET COLLATION_CONNECTION=@OLD_COLLATION_CONNECTION */;
