-- phpMyAdmin SQL Dump
-- version 5.1.0
-- https://www.phpmyadmin.net/
--
-- Host: 127.0.0.1
-- Generation Time: Jun 21, 2021 at 12:08 PM
-- Server version: 10.4.18-MariaDB
-- PHP Version: 8.0.3

SET SQL_MODE = "NO_AUTO_VALUE_ON_ZERO";
START TRANSACTION;
SET time_zone = "+00:00";


/*!40101 SET @OLD_CHARACTER_SET_CLIENT=@@CHARACTER_SET_CLIENT */;
/*!40101 SET @OLD_CHARACTER_SET_RESULTS=@@CHARACTER_SET_RESULTS */;
/*!40101 SET @OLD_COLLATION_CONNECTION=@@COLLATION_CONNECTION */;
/*!40101 SET NAMES utf8mb4 */;

--
-- Database: `quanlydanhgia`
--

-- --------------------------------------------------------

--
-- Table structure for table `bomon`
--

CREATE TABLE `bomon` (
  `MaBoMon` int(11) NOT NULL,
  `MaKhoa` int(11) NOT NULL,
  `TenBoMon` varchar(100) COLLATE utf8_unicode_ci NOT NULL
) ENGINE=InnoDB DEFAULT CHARSET=utf8 COLLATE=utf8_unicode_ci;

--
-- Dumping data for table `bomon`
--

INSERT INTO `bomon` (`MaBoMon`, `MaKhoa`, `TenBoMon`) VALUES
(8, 3, 'lập trình cơ khí'),
(9, 5, 'lập trình thiết bị di động'),
(12, 5, 'kỹ thuật phần mềm');

-- --------------------------------------------------------

--
-- Table structure for table `cauhoicuahoatdong`
--

CREATE TABLE `cauhoicuahoatdong` (
  `MaHoatDongCauHoi` int(11) NOT NULL,
  `MaHoatDongKhaoSat` int(11) NOT NULL,
  `MaCauHoi` int(11) NOT NULL
) ENGINE=InnoDB DEFAULT CHARSET=utf8 COLLATE=utf8_unicode_ci;

--
-- Dumping data for table `cauhoicuahoatdong`
--

INSERT INTO `cauhoicuahoatdong` (`MaHoatDongCauHoi`, `MaHoatDongKhaoSat`, `MaCauHoi`) VALUES
(39, 1, 1),
(40, 1, 2),
(41, 1, 3),
(42, 1, 4),
(43, 1, 5),
(44, 1, 6),
(45, 1, 7),
(46, 1, 8),
(47, 1, 9),
(48, 1, 10),
(49, 1, 11),
(50, 1, 12),
(51, 1, 13),
(52, 1, 14),
(53, 1, 15),
(54, 1, 16),
(55, 1, 17),
(56, 1, 18),
(57, 1, 19),
(58, 2, 1),
(59, 2, 2),
(60, 2, 3),
(61, 2, 4),
(62, 2, 5),
(63, 2, 6),
(64, 2, 7),
(65, 2, 8),
(66, 2, 9),
(67, 2, 10),
(68, 2, 11),
(69, 2, 12),
(70, 2, 13),
(71, 2, 14),
(72, 2, 15),
(73, 2, 16),
(74, 2, 17),
(75, 2, 18),
(76, 2, 19);

-- --------------------------------------------------------

--
-- Table structure for table `chitietkhaosatcauhoimo`
--

CREATE TABLE `chitietkhaosatcauhoimo` (
  `MaChiTietPhieuCauHoiMo` int(11) NOT NULL,
  `MaLopHocPhan` int(11) NOT NULL,
  `MaTieuChiDanhGia` int(11) NOT NULL,
  `MaHoatDongKhaoSat` int(11) NOT NULL,
  `ThuTuCauHoi` int(11) NOT NULL,
  `NoiDungGopY` varchar(500) COLLATE utf8_unicode_ci NOT NULL,
  `PhanLop` varchar(500) COLLATE utf8_unicode_ci NOT NULL,
  `DanhGia` varchar(100) COLLATE utf8_unicode_ci NOT NULL
) ENGINE=InnoDB DEFAULT CHARSET=utf8 COLLATE=utf8_unicode_ci;

--
-- Dumping data for table `chitietkhaosatcauhoimo`
--

INSERT INTO `chitietkhaosatcauhoimo` (`MaChiTietPhieuCauHoiMo`, `MaLopHocPhan`, `MaTieuChiDanhGia`, `MaHoatDongKhaoSat`, `ThuTuCauHoi`, `NoiDungGopY`, `PhanLop`, `DanhGia`) VALUES
(58, 50, 20, 1, 1, 'nhiệt tình quan tâm trong việc giảng dạy và truyền đạt kiến thức', 'Phương pháp', 'Positive'),
(59, 51, 20, 1, 2, 'giảng viên rất vui tính', 'Thái độ', 'Positive'),
(60, 51, 20, 1, 3, 'thầy rất giỏi và day rất tốt', 'Phương pháp', 'Positive'),
(61, 51, 20, 1, 4, 'thầy rất hài hước và nhiệt tình', 'Thái độ', 'Positive'),
(62, 51, 20, 1, 5, 'vui tính', 'Thái độ', 'Positive'),
(63, 51, 21, 1, 6, 'không có', 'Phương pháp', 'Positive'),
(64, 51, 22, 1, 7, 'không có', 'Phương pháp', 'Positive'),
(65, 52, 20, 1, 8, 'thầy siêu nhiệt tình và dễ thương', 'Thái độ', 'Positive'),
(66, 52, 20, 1, 9, 'thâ y da y râ t sôi nô i va nhiê t ti nh', 'Thái độ', 'Positive'),
(67, 52, 20, 1, 10, 'nhiệt tình', 'Thái độ', 'Positive'),
(68, 52, 21, 1, 11, 'điểm trừ duy nhất là thầy dạnh hơi nhanh', 'Phương pháp', 'Negative'),
(69, 52, 22, 1, 12, 'không có', 'Phương pháp', 'Positive'),
(70, 53, 20, 1, 13, 'vui vẻ', 'Thái độ', 'Positive'),
(71, 53, 20, 1, 14, 'liên kết với thục tế trong giảng dạy', 'Phương pháp', 'Positive'),
(72, 53, 20, 1, 15, 'không ý kiến', 'Phương pháp', 'None'),
(73, 53, 21, 1, 16, 'không ý kiến', 'Phương pháp', 'None'),
(74, 54, 20, 1, 17, 'giảng dễ hiểu vui tình', 'Phương pháp', 'Positive'),
(75, 54, 21, 1, 18, 'giảng khó hiểu chỉ sinh viên mhông nhiệt tình', 'Thái độ', 'Positive'),
(76, 55, 20, 1, 19, 'thầy dễ gần vui vẻ nhiệt tình cung cấp nhiều kiến thức hay', 'Phương pháp', 'Positive'),
(77, 55, 20, 1, 20, 'quan tâm', 'Thái độ', 'Positive'),
(78, 55, 20, 1, 21, 'giảng dễ hiểu', 'Phương pháp', 'Positive'),
(79, 55, 21, 1, 22, 'nhẹ nhàng với chúng em hơn', 'Thái độ', 'Negative'),
(80, 55, 21, 1, 23, 'quan tâm', 'Thái độ', 'Positive'),
(81, 55, 21, 1, 24, 'giảng chậm lại', 'Phương pháp', 'Negative'),
(82, 55, 22, 1, 25, 'hệ thống máy còn nhiều máy bị lỗi gặp khó khăn trong quá trình thi và kiểm tra', 'Cơ sở vật chất', 'Negative'),
(83, 55, 22, 1, 26, 'quan tâm', 'Thái độ', 'Positive'),
(84, 55, 22, 1, 27, 'cần năng cao cơ sở vật chất', 'Cơ sở vật chất', 'Negative'),
(85, 56, 20, 1, 28, 'tốt', 'Phương pháp', 'Positive'),
(86, 56, 20, 1, 29, 'thầy dạy hay', 'Phương pháp', 'Positive'),
(87, 56, 20, 1, 30, 'dạy hay', 'Phương pháp', 'Positive'),
(88, 56, 20, 1, 31, 'gia ng viên gia ng da y dê hiê u vui ti nh co liên hê giư a ho c tâ p va thư c tiê n', 'Cơ sở vật chất', 'Negative'),
(89, 56, 20, 1, 32, 'quá tốt', 'Phương pháp', 'Positive'),
(90, 56, 20, 1, 33, 'thầy giảng dễ hiểu có hướng dẫn các thao tác làm bài thực hành trên máy', 'Phương pháp', 'Positive'),
(91, 56, 21, 1, 34, 'không ý kiến', 'Phương pháp', 'None'),
(92, 56, 21, 1, 35, 'tăng thêm giờ', 'Phương pháp', 'Negative'),
(93, 56, 21, 1, 36, 'cần kèm sinh viên yếu thêm', 'Cơ sở vật chất', 'Negative'),
(94, 56, 22, 1, 37, 'nhà trường đưa ra những biện pháp cho học sinh yếu những môn', 'Khác', 'Negative'),
(95, 57, 20, 1, 38, 'nhiệt tình', 'Thái độ', 'Positive'),
(96, 57, 20, 1, 39, 'tích cực', 'Thái độ', 'Positive'),
(97, 57, 20, 1, 40, 'giảng dạy nhiệt tình', 'Thái độ', 'Positive'),
(98, 57, 20, 1, 41, 'gv dạy nhiệt tình dễ hiểu', 'Phương pháp', 'Positive'),
(99, 57, 20, 1, 42, 'hài hước có tâm giảng dạy', 'Thái độ', 'Positive'),
(100, 57, 20, 1, 43, 'em rất thích cách thầy giảng dạy', 'Phương pháp', 'Positive'),
(101, 57, 21, 1, 44, 'cần cho nhiều bt', 'Phương pháp', 'Negative'),
(102, 57, 21, 1, 45, 'nhiệt tình hơn nữa', 'Phương pháp', 'Positive'),
(103, 57, 22, 1, 46, 'học nhóm', 'Phương pháp', 'Positive'),
(104, 57, 22, 1, 47, 'nâng cao chất lương máy hơn', 'Cơ sở vật chất', 'Negative'),
(105, 58, 20, 1, 48, 'thầy dậy không tạo áp lực con điểm dạy dễ hiểu và trọng tâm ', 'Phương pháp', 'Positive'),
(106, 58, 20, 1, 49, 'thầy dạy dễ hiểu và thân thiện với sinh viên', 'Phương pháp', 'Positive'),
(107, 58, 20, 1, 50, 'nhiệt tình với sinh viên', 'Thái độ', 'Positive'),
(108, 59, 20, 1, 51, 'nhiệt tình vui vẻ', 'Thái độ', 'Positive'),
(109, 59, 20, 1, 52, 'thầy vui tính', 'Thái độ', 'Positive'),
(110, 59, 20, 1, 53, 'gv vừa giảng lý thuyết vừa hướng dẫn cho sinh viên nắm rõ và cũng là người nói chuyện rất vui', 'Phương pháp', 'Positive'),
(111, 60, 20, 1, 54, 'nhiệt tình và trách nhiệm trong giảng dạy', 'Thái độ', 'Positive'),
(112, 61, 20, 1, 55, 'thầy khá hài hước em khá hài lòng', 'Phương pháp', 'Positive'),
(113, 61, 20, 1, 56, 'không', 'Phương pháp', 'Negative'),
(114, 61, 20, 1, 57, 'vui vẻ', 'Thái độ', 'Positive'),
(115, 61, 20, 1, 58, 'nhiệt tình và có trách nhiệm', 'Thái độ', 'Positive'),
(116, 61, 20, 1, 59, 'gv nhiệt tình và có trách nhiệm trong giảng dạy', 'Thái độ', 'Positive'),
(117, 61, 20, 1, 60, 'thầy dạy rất tận tâm và nhiệt tình và luôn giúp đỡ học sinh', 'Thái độ', 'Positive'),
(118, 62, 21, 1, 61, 'gv đưa ra các phương pháp giảng dạy mới cho sv', 'Phương pháp', 'Positive'),
(119, 62, 22, 1, 62, 'nhà trường đưa ra các phương pháp giảng dạy giúp sv nâng cao kết quả học tập', 'Phương pháp', 'Negative'),
(120, 62, 22, 1, 63, 'nâng cao cơ sở vật chất', 'Cơ sở vật chất', 'Negative'),
(121, 63, 20, 1, 64, 'thao ta c trên ma y ti nh cu a gia o viên qua nhanh nhiê u khi không theo ki p', 'Cơ sở vật chất', 'Negative'),
(122, 63, 20, 1, 65, 'hòa đồng vs sinh viên nên tạo không khí rất sôi nỗi chỉ dẫn tận tình cho sinh viên', 'Thái độ', 'Positive'),
(123, 63, 20, 1, 66, 'gv có tâm', 'Phương pháp', 'Positive'),
(124, 63, 20, 1, 67, 'thầy dạy trách nhiệm truyền đạt dễ hiểu vui vẻ', 'Phương pháp', 'Positive'),
(125, 63, 21, 1, 68, 'có một số thầy chưa tâm trong việc giảng dạy', 'Phương pháp', 'Positive'),
(126, 63, 21, 1, 69, 'gv hay chửi sv', 'Phương pháp', 'Positive'),
(127, 63, 22, 1, 70, 'cần thêm cũng thiết bị hiện đại cho việc giảng dậy', 'Cơ sở vật chất', 'Negative'),
(128, 64, 20, 1, 71, 'cực kỳ hài lòng với cách dạy của thầy sinh viên yếu nhất cũng có thể hiểu bài tốt được bởi thầy chỉ dạy trọng tâm không lan man dài dòng thầy rất có tâm nhiệt tình giảng lại và thường xuyên nhắc nhở phần nào quan trọng để sinh viên chú ý hơn dạy mẹo để sinh viên rút ngắn thời gian làm bài thay vì giảng lại bài thì thầy chỉ gợi ý vài điểm để sinh viên tự suy nghĩ mình đã hiểu sai chỗ nào hoặc làm sai chỗ nào', 'Phương pháp', 'Negative'),
(129, 64, 21, 1, 72, 'mong thầy tiếp tục giữ vững duy trì cách giảng dạy đó', 'Phương pháp', 'Positive'),
(130, 65, 21, 1, 73, 'tô t', 'Thái độ', 'Positive'),
(131, 65, 21, 1, 74, 'giảng chậm lại', 'Phương pháp', 'Negative'),
(132, 66, 20, 1, 75, 'ok', 'Phương pháp', 'Positive'),
(133, 66, 20, 1, 76, 'phong cách diễn đạt bài giảng rất hay', 'Phương pháp', 'Positive'),
(134, 66, 20, 1, 77, 'cho sv biết thêm kiến thức và nắm vững kiến thức', 'Phương pháp', 'Positive'),
(135, 66, 20, 1, 78, 'gv hướng dẫn chi tiết ', 'Phương pháp', 'Positive'),
(136, 66, 21, 1, 79, 'cần chỉ rõ ràng hơn', 'Phương pháp', 'Negative'),
(137, 66, 22, 1, 80, 'thêm thời gian học', 'Khác', 'Negative'),
(138, 67, 21, 1, 81, 'em hài lòng với cách giảng dạy của giáo viên', 'Phương pháp', 'Positive'),
(139, 68, 21, 1, 82, 'thầy đừng đi trễ quá ngoài ra đừng đổi phòng học nhiều nhiều lúc phải tới thật sớm để chờ thầy rồi ms vào phòng', 'Khác', 'Negative'),
(140, 69, 21, 1, 83, 'mong thầy kết hợp nhiều phương pháp giảng dạy mới lạ', 'Phương pháp', 'Positive'),
(141, 69, 22, 1, 84, 'mong nhà trường có những buổi ngoại khóa cho sinh viên', 'Khác', 'Negative'),
(142, 70, 20, 1, 85, 'thầy dạy tốt', 'Phương pháp', 'Positive'),
(143, 70, 20, 1, 86, 'không', 'Phương pháp', 'Negative'),
(144, 70, 20, 1, 87, 'dạy dễ hiểu', 'Phương pháp', 'Positive'),
(145, 70, 20, 1, 88, 'tích cực giảng dạy', 'Thái độ', 'Positive'),
(146, 70, 21, 1, 89, 'cần quan tâm sv hơn nửa', 'Thái độ', 'Negative'),
(147, 70, 21, 1, 90, 'yêu cầu về kiến thức của thầy quá cao nên cho đề kiểm tra đơn giản hơn ', 'Phương pháp', 'Negative'),
(148, 70, 21, 1, 91, 'không có', 'Phương pháp', 'Positive'),
(149, 70, 21, 1, 92, 'thầy giảng bài hơi khó hiểu cho các sinh viên khác ngành và ít giải thích các bài tập đặt ra', 'Phương pháp', 'Negative'),
(150, 70, 22, 1, 93, 'cần có nhiều phươg pháp giảng dạy tốt hơn', 'Phương pháp', 'Negative'),
(151, 70, 22, 1, 94, 'học phần này chủ yếu được chạy trên máy tính nên khi kết nối máy tính với máy chiếu thường rất mờ', 'Cơ sở vật chất', 'Negative'),
(152, 72, 20, 1, 95, 'thầy rất nhiệt tình giảng bài rất rõ ràng cụ thể cho sinh viên hiểu', 'Phương pháp', 'Positive'),
(153, 73, 20, 1, 96, 'ok', 'Phương pháp', 'Positive'),
(154, 73, 20, 1, 97, 'nhiệt tình', 'Thái độ', 'Positive'),
(155, 73, 20, 1, 98, 'thầy dạy kĩ và có nhiều kiến thức mở rộng', 'Phương pháp', 'Positive'),
(156, 73, 20, 1, 99, 'thầy dạy nhiệt tình', 'Thái độ', 'Positive'),
(157, 73, 20, 1, 100, 'thân thiện', 'Thái độ', 'Positive'),
(158, 73, 20, 1, 101, 'vui ti nh', 'Thái độ', 'Positive'),
(159, 73, 20, 1, 102, 'không có ý kiến gì thêm', 'Phương pháp', 'None'),
(160, 73, 20, 1, 103, 'có trách nhiệm', 'Thái độ', 'Positive'),
(161, 73, 20, 1, 104, 'chu đáo', 'Thái độ', 'Positive'),
(162, 73, 21, 1, 105, 'đôi khi thầy dạy không lôi cuốn sinh viên lắm', 'Phương pháp', 'Positive'),
(163, 73, 21, 1, 106, 'cần tăng số tiết', 'Phương pháp', 'Negative'),
(164, 73, 21, 1, 107, 'thầy nên giảng giải vào trọng tâm vấn đề giải thích ngắn gọn dễ hiểu hơn', 'Phương pháp', 'Positive'),
(165, 74, 21, 1, 108, 'thầy nên giảng chậm lại để sinh viên còn hiểu ', 'Phương pháp', 'Negative'),
(166, 74, 22, 1, 109, 'tạm ổn', 'Cơ sở vật chất', 'None'),
(167, 71, 20, 1, 110, 'tốt', 'Phương pháp', 'Positive'),
(168, 71, 20, 1, 111, 'gv bộ môn dạy rất nhiệt tình ', 'Thái độ', 'Positive'),
(169, 71, 20, 1, 112, 'thầy rất nhiệt tình giúp đỡ và tạo mọi điều kiện học tập tốt nhất cho học sinh ', 'Phương pháp', 'Positive'),
(170, 71, 20, 1, 113, 'thầy có trách nhiệm đúng giờ ', 'Thái độ', 'Positive'),
(171, 71, 20, 1, 114, 'năng nổ nhiệt tình', 'Thái độ', 'Positive'),
(172, 71, 20, 1, 115, 'năng lươ ng nhiê t huyê t', 'Thái độ', 'Positive'),
(173, 71, 21, 1, 116, 'em không có ý kiến gì thêm', 'Phương pháp', 'None'),
(174, 71, 21, 1, 117, 'riêng em thấy thầy khá giỏi chỉ là giảng hơi khó hiểu một chút em phải học bài trước ở nhà mới hiểu những gì thầy giảng ', 'Phương pháp', 'Negative'),
(175, 78, 20, 1, 133, 'tận tình', 'Thái độ', 'Positive'),
(176, 78, 20, 1, 134, 'đúng giờ', 'Phương pháp', 'Positive'),
(177, 78, 20, 1, 135, 'nhiệt tình', 'Thái độ', 'Positive'),
(178, 78, 21, 1, 136, 'em mong thầy có thể đề nghị nhà trường cùng các giảng viên trong khoa có thể thay đổi chương trình đào tạo của môn vì học với webform vô cùng nhàm chán và nó cũng quá lỗi thời nên đổi mới theo mô hình mvc restful api và dạy nhiều hơn về javascript ', 'Khác', 'Negative'),
(179, 77, 20, 1, 142, 'thầy rất dễ tính làm cho học sinh không bị áp lực học hành kiểm tra không cần các kĩ năng không cần thiết như thuyết trinh chỉ đánh giá học sinh với đúng năng lực của từng đứa ', 'Phương pháp', 'Negative'),
(180, 77, 20, 1, 143, 'no', 'Phương pháp', 'Negative'),
(181, 77, 20, 1, 144, 'hiền cho nhiều bài tập vận dụng', 'Phương pháp', 'Positive'),
(182, 77, 20, 1, 145, 'thầy rất nhiệt tình', 'Thái độ', 'Positive'),
(183, 77, 20, 1, 146, 'nhiệt tình', 'Thái độ', 'Positive'),
(184, 76, 20, 1, 147, 'giao vien len lop rat dung gio than thien voi hoc sinh giang bai de hieu', 'Khác', 'None'),
(185, 76, 20, 1, 148, 'nhiệt tình', 'Thái độ', 'Positive'),
(186, 76, 20, 1, 149, 'cô tâ n tâm gia ng hê t kiê n thư c cho sinh viên', 'Thái độ', 'Negative'),
(187, 76, 20, 1, 150, 'ok', 'Phương pháp', 'Positive'),
(188, 76, 20, 1, 151, 'hài lòng', 'Phương pháp', 'Positive'),
(189, 76, 20, 1, 152, 'cô hiền vui vẻ', 'Thái độ', 'Positive'),
(190, 76, 20, 1, 153, 'không có', 'Phương pháp', 'Positive'),
(191, 76, 20, 1, 154, 'hiền dạy hay dễ hiểu nhiệt tình', 'Phương pháp', 'Positive'),
(192, 76, 20, 1, 155, 'cô rất nhiệt tình ', 'Thái độ', 'Positive'),
(193, 76, 20, 1, 156, 'tốt', 'Phương pháp', 'Positive'),
(194, 76, 20, 1, 157, 'cô dạy nhiệt tình hay xem bài chỉ các bạn phần chưa hiểu cách code có code mẫu cho sinh viên tham khảo', 'Phương pháp', 'Positive'),
(195, 76, 20, 1, 158, 'dạy rất nhiệt tình làm cho sinh viên hứng thú trong giờ học', 'Phương pháp', 'Positive'),
(196, 76, 20, 1, 159, 'cô dạy rất kỹ nội dung dễ hiểu và dễ theo dõi ', 'Phương pháp', 'Positive'),
(197, 76, 20, 1, 160, 'không', 'Phương pháp', 'Negative'),
(198, 76, 20, 1, 161, 'giảng dạy nhiệt tình dễ hiểu', 'Phương pháp', 'Positive'),
(199, 76, 20, 1, 162, 'cô dạy rất nhiệt tình tận tâm vui vẻ', 'Thái độ', 'Positive'),
(200, 76, 20, 1, 163, 'dạy giỏi', 'Phương pháp', 'Positive'),
(201, 76, 21, 1, 164, 'làm bài tập ít lại và thực hành nhiều hơn', 'Phương pháp', 'Negative'),
(202, 76, 21, 1, 165, 'ok', 'Phương pháp', 'Positive'),
(203, 76, 21, 1, 166, 'không có ý kiến', 'Phương pháp', 'None'),
(204, 76, 21, 1, 167, 'không có góp ý gì thêm', 'Phương pháp', 'None'),
(205, 79, 20, 1, 168, 'yes', 'Thái độ', 'Positive'),
(206, 79, 20, 1, 169, 'giảng hay thú vị nhiệt tình ', 'Phương pháp', 'Positive'),
(207, 79, 20, 1, 170, 'em cảm ơn cô ạ với chúng em cô là người dạy cho chúng em nhiều kiến thức nhiệt tình trong giảng dạy ạ chúc cô một ngày vui vẻ cùng người thân và gia đình ạ ', 'Phương pháp', 'Positive'),
(208, 79, 20, 1, 171, 'cô rất tận tâm và nhiệt tình với sinh viên ', 'Thái độ', 'Positive'),
(209, 79, 20, 1, 172, 'dạy tốt', 'Phương pháp', 'Positive'),
(210, 79, 21, 1, 173, 'giảng viên cần ví dụ minh họa nhiều hơn ', 'Phương pháp', 'Positive'),
(211, 79, 21, 1, 174, 'nên duy trì như hiện tại ', 'Cơ sở vật chất', 'Negative'),
(212, 79, 22, 1, 175, 'nhà trường cần sắp xếp thời gian biểu hợp lý hơn ', 'Khác', 'Negative'),
(213, 80, 20, 1, 176, 'cô dạy dễ mến giảng rất hay', 'Phương pháp', 'Positive'),
(214, 80, 20, 1, 177, 'cô vui tính nhiệt tình giảng dễ hiểu', 'Phương pháp', 'Positive'),
(215, 80, 20, 1, 178, 'cô dạy cực kì cực kì có tâm và dễ hiểu cô rất hiền và không hề có một chút áp lực nào khi học với cô hy vọng nhà trường sẽ sắp xếp cho cô để cô có thể dạy các khóa sau nhiều hơn nữa thật sự nếu như năm hay năm có môn của cô nữa thì em sẽ đăng kí cho thật nhiều chúc cô thật nhiều sức khỏe', 'Khác', 'Negative'),
(216, 80, 20, 1, 179, 'cô dạy nhiệt tình vui vẻ', 'Thái độ', 'Positive'),
(217, 80, 20, 1, 180, 'trong quá trình giảng dạy giảng viên luôn tích cực hỗ trợ sinh viên trong tất cả các vấn đề liên quan đến nội dung học phần và hỗ trợ sinh viên giải quyết tất cả vướng mắc khi giải bài tập và khi tham gia học tập trên lớp ', 'Phương pháp', 'Positive'),
(218, 80, 21, 1, 181, 'cô chấm điểm hơi đắt ', 'Thái độ', 'Negative'),
(219, 80, 21, 1, 182, 'được', 'Phương pháp', 'Positive'),
(220, 82, 20, 1, 183, 'giảng viên dạy rất chuyên nghiệp', 'Phương pháp', 'Positive'),
(221, 82, 20, 1, 184, 'đúng giờ hướng dẫn tận tình', 'Thái độ', 'Positive'),
(222, 82, 21, 1, 185, 'cần giảng bài hiệu quả hơn tạo sự hứng thú cho lớp học', 'Phương pháp', 'Negative'),
(223, 82, 22, 1, 186, 'giảm học phí', 'Khác', 'Negative'),
(232, 81, 20, 1, 195, 'trách nhiện cao', 'Thái độ', 'Positive'),
(233, 81, 20, 1, 196, 'dễ hiễu', 'Phương pháp', 'Positive'),
(234, 81, 20, 1, 197, 'cô giảng dạy rất chu đáo và nhiệt tình đối với sinh viên', 'Thái độ', 'Positive'),
(235, 81, 20, 1, 198, 'giảng dạy dễ nhiểu', 'Phương pháp', 'Positive'),
(236, 81, 20, 1, 199, 'trong quá trình giảng dạy giảng viên luôn tích cực hỗ trợ sinh viên trong tất cả vấn đề về phân đoạn nội dung học tập và hỗ trợ sinh viên giải quyết tất cả vướng mắc khi giải bài tập và khi tham gia học tập trên lớp ', 'Phương pháp', 'Negative'),
(237, 81, 20, 1, 200, 'tốt', 'Phương pháp', 'Positive'),
(238, 81, 20, 1, 201, 'nhiệt tình giảng dạy tạo cơ hội chia sẻ ý kiến', 'Phương pháp', 'Positive'),
(239, 81, 20, 1, 202, 'nhiệt tình thân thiện', 'Thái độ', 'Positive'),
(240, 81, 21, 1, 203, 'không có nhược điểm', 'Phương pháp', 'Negative'),
(241, 81, 21, 1, 204, 'không có ý kiến', 'Phương pháp', 'None');

-- --------------------------------------------------------

--
-- Table structure for table `chitietkhaosatphieu`
--

CREATE TABLE `chitietkhaosatphieu` (
  `MaChiTietKhaoSatPhieu` int(11) NOT NULL,
  `MaPhieuKhaoSat` int(11) NOT NULL,
  `MaTieuChiDanhGia` int(11) NOT NULL,
  `MaHinhThucPhanLoai` int(11) NOT NULL,
  `DiemSo` int(11) NOT NULL
) ENGINE=InnoDB DEFAULT CHARSET=utf8 COLLATE=utf8_unicode_ci;

--
-- Dumping data for table `chitietkhaosatphieu`
--

INSERT INTO `chitietkhaosatphieu` (`MaChiTietKhaoSatPhieu`, `MaPhieuKhaoSat`, `MaTieuChiDanhGia`, `MaHinhThucPhanLoai`, `DiemSo`) VALUES
(5834, 308, 1, 1, 5),
(5835, 308, 2, 6, 5),
(5836, 308, 3, 11, 5),
(5837, 308, 4, 16, 5),
(5838, 308, 5, 21, 5),
(5839, 308, 6, 26, 5),
(5840, 308, 7, 31, 5),
(5841, 308, 8, 36, 5),
(5842, 308, 9, 41, 5),
(5843, 308, 10, 46, 5),
(5844, 308, 11, 52, 4),
(5845, 308, 12, 57, 4),
(5846, 308, 13, 61, 5),
(5847, 308, 14, 66, 5),
(5848, 308, 15, 71, 5),
(5849, 308, 16, 76, 5),
(5850, 308, 17, 81, 1),
(5851, 308, 18, 83, 1),
(5852, 308, 19, 89, 2),
(5853, 309, 1, 2, 4),
(5854, 309, 2, 7, 4),
(5855, 309, 3, 11, 5),
(5856, 309, 4, 17, 4),
(5857, 309, 5, 22, 4),
(5858, 309, 6, 27, 4),
(5859, 309, 7, 31, 5),
(5860, 309, 8, 36, 5),
(5861, 309, 9, 42, 4),
(5862, 309, 10, 47, 4),
(5863, 309, 11, 51, 5),
(5864, 309, 12, 57, 4),
(5865, 309, 13, 62, 4),
(5866, 309, 14, 66, 5),
(5867, 309, 15, 72, 4),
(5868, 309, 16, 77, 4),
(5869, 309, 17, 81, 1),
(5870, 309, 18, 83, 1),
(5871, 309, 19, 89, 2),
(5872, 310, 1, 1, 5),
(5873, 310, 2, 6, 5),
(5874, 310, 3, 11, 5),
(5875, 310, 4, 16, 5),
(5876, 310, 5, 21, 5),
(5877, 310, 6, 26, 5),
(5878, 310, 7, 31, 5),
(5879, 310, 8, 37, 4),
(5880, 310, 9, 41, 5),
(5881, 310, 10, 46, 5),
(5882, 310, 11, 51, 5),
(5883, 310, 12, 56, 5),
(5884, 310, 13, 61, 5),
(5885, 310, 14, 66, 5),
(5886, 310, 15, 71, 5),
(5887, 310, 16, 76, 5),
(5888, 310, 17, 81, 1),
(5889, 310, 18, 83, 1),
(5890, 310, 19, 89, 2),
(5891, 311, 1, 2, 4),
(5892, 311, 2, 7, 4),
(5893, 311, 3, 12, 4),
(5894, 311, 4, 17, 4),
(5895, 311, 5, 22, 4),
(5896, 311, 6, 27, 4),
(5897, 311, 7, 32, 4),
(5898, 311, 8, 37, 4),
(5899, 311, 9, 42, 4),
(5900, 311, 10, 47, 4),
(5901, 311, 11, 52, 4),
(5902, 311, 12, 57, 4),
(5903, 311, 13, 62, 4),
(5904, 311, 14, 67, 4),
(5905, 311, 15, 72, 4),
(5906, 311, 16, 77, 4),
(5907, 311, 17, 81, 1),
(5908, 311, 18, 83, 1),
(5909, 311, 19, 88, 3),
(5910, 312, 1, 1, 5),
(5911, 312, 2, 7, 4),
(5912, 312, 3, 12, 4),
(5913, 312, 4, 18, 3),
(5914, 312, 5, 23, 3),
(5915, 312, 6, 27, 4),
(5916, 312, 7, 32, 4),
(5917, 312, 8, 36, 5),
(5918, 312, 9, 42, 4),
(5919, 312, 10, 47, 4),
(5920, 312, 11, 53, 3),
(5921, 312, 12, 58, 3),
(5922, 312, 13, 62, 4),
(5923, 312, 14, 68, 3),
(5924, 312, 15, 73, 3),
(5925, 312, 16, 76, 5),
(5926, 312, 17, 81, 1),
(5927, 312, 18, 83, 1),
(5928, 312, 19, 88, 3),
(5929, 313, 1, 1, 5),
(5930, 313, 2, 6, 5),
(5931, 313, 3, 11, 5),
(5932, 313, 4, 16, 5),
(5933, 313, 5, 21, 5),
(5934, 313, 6, 26, 5),
(5935, 313, 7, 31, 5),
(5936, 313, 8, 36, 5),
(5937, 313, 9, 41, 5),
(5938, 313, 10, 46, 5),
(5939, 313, 11, 51, 5),
(5940, 313, 12, 56, 5),
(5941, 313, 13, 61, 5),
(5942, 313, 14, 66, 5),
(5943, 313, 15, 71, 5),
(5944, 313, 16, 76, 5),
(5945, 313, 17, 81, 1),
(5946, 313, 18, 83, 1),
(5947, 313, 19, 89, 2),
(5948, 314, 1, 3, 3),
(5949, 314, 2, 7, 4),
(5950, 314, 3, 13, 3),
(5951, 314, 4, 17, 4),
(5952, 314, 5, 23, 3),
(5953, 314, 6, 28, 3),
(5954, 314, 7, 33, 3),
(5955, 314, 8, 38, 3),
(5956, 314, 9, 42, 4),
(5957, 314, 10, 48, 3),
(5958, 314, 11, 53, 3),
(5959, 314, 12, 58, 3),
(5960, 314, 13, 62, 4),
(5961, 314, 14, 68, 3),
(5962, 314, 15, 72, 4),
(5963, 314, 16, 77, 4),
(5964, 314, 17, 81, 1),
(5965, 314, 18, 83, 1),
(5966, 314, 19, 90, 1),
(5967, 315, 1, 2, 4),
(5968, 315, 2, 7, 4),
(5969, 315, 3, 12, 4),
(5970, 315, 4, 17, 4),
(5971, 315, 5, 22, 4),
(5972, 315, 6, 27, 4),
(5973, 315, 7, 32, 4),
(5974, 315, 8, 37, 4),
(5975, 315, 9, 42, 4),
(5976, 315, 10, 47, 4),
(5977, 315, 11, 52, 4),
(5978, 315, 12, 57, 4),
(5979, 315, 13, 62, 4),
(5980, 315, 14, 67, 4),
(5981, 315, 15, 72, 4),
(5982, 315, 16, 77, 4),
(5983, 315, 17, 81, 1),
(5984, 315, 18, 83, 1),
(5985, 315, 19, 90, 1),
(5986, 316, 1, 1, 5),
(5987, 316, 2, 6, 5),
(5988, 316, 3, 12, 4),
(5989, 316, 4, 16, 5),
(5990, 316, 5, 21, 5),
(5991, 316, 6, 26, 5),
(5992, 316, 7, 31, 5),
(5993, 316, 8, 36, 5),
(5994, 316, 9, 42, 4),
(5995, 316, 10, 46, 5),
(5996, 316, 11, 51, 5),
(5997, 316, 12, 57, 4),
(5998, 316, 13, 62, 4),
(5999, 316, 14, 66, 5),
(6000, 316, 15, 71, 5),
(6001, 316, 16, 76, 5),
(6002, 316, 17, 81, 1),
(6003, 316, 18, 83, 1),
(6004, 316, 19, 88, 3),
(6005, 317, 1, 1, 5),
(6006, 317, 2, 6, 5),
(6007, 317, 3, 11, 5),
(6008, 317, 4, 16, 5),
(6009, 317, 5, 21, 5),
(6010, 317, 6, 26, 5),
(6011, 317, 7, 31, 5),
(6012, 317, 8, 36, 5),
(6013, 317, 9, 41, 5),
(6014, 317, 10, 46, 5),
(6015, 317, 11, 51, 5),
(6016, 317, 12, 56, 5),
(6017, 317, 13, 61, 5),
(6018, 317, 14, 66, 5),
(6019, 317, 15, 71, 5),
(6020, 317, 16, 76, 5),
(6021, 317, 17, 81, 1),
(6022, 317, 18, 83, 1),
(6023, 317, 19, 90, 1),
(6024, 318, 1, 1, 5),
(6025, 318, 2, 6, 5),
(6026, 318, 3, 11, 5),
(6027, 318, 4, 16, 5),
(6028, 318, 5, 21, 5),
(6029, 318, 6, 26, 5),
(6030, 318, 7, 31, 5),
(6031, 318, 8, 36, 5),
(6032, 318, 9, 41, 5),
(6033, 318, 10, 46, 5),
(6034, 318, 11, 52, 4),
(6035, 318, 12, 57, 4),
(6036, 318, 13, 61, 5),
(6037, 318, 14, 66, 5),
(6038, 318, 15, 71, 5),
(6039, 318, 16, 76, 5),
(6040, 318, 17, 81, 1),
(6041, 318, 18, 83, 1),
(6042, 318, 19, 89, 2),
(6043, 319, 1, 2, 4),
(6044, 319, 2, 7, 4),
(6045, 319, 3, 11, 5),
(6046, 319, 4, 17, 4),
(6047, 319, 5, 22, 4),
(6048, 319, 6, 27, 4),
(6049, 319, 7, 31, 5),
(6050, 319, 8, 36, 5),
(6051, 319, 9, 42, 4),
(6052, 319, 10, 47, 4),
(6053, 319, 11, 51, 5),
(6054, 319, 12, 57, 4),
(6055, 319, 13, 62, 4),
(6056, 319, 14, 66, 5),
(6057, 319, 15, 72, 4),
(6058, 319, 16, 77, 4),
(6059, 319, 17, 81, 1),
(6060, 319, 18, 83, 1),
(6061, 319, 19, 89, 2),
(6062, 320, 1, 1, 5),
(6063, 320, 2, 6, 5),
(6064, 320, 3, 11, 5),
(6065, 320, 4, 16, 5),
(6066, 320, 5, 21, 5),
(6067, 320, 6, 26, 5),
(6068, 320, 7, 31, 5),
(6069, 320, 8, 37, 4),
(6070, 320, 9, 41, 5),
(6071, 320, 10, 46, 5),
(6072, 320, 11, 51, 5),
(6073, 320, 12, 56, 5),
(6074, 320, 13, 61, 5),
(6075, 320, 14, 66, 5),
(6076, 320, 15, 71, 5),
(6077, 320, 16, 76, 5),
(6078, 320, 17, 81, 1),
(6079, 320, 18, 83, 1),
(6080, 320, 19, 89, 2),
(6081, 321, 1, 2, 4),
(6082, 321, 2, 7, 4),
(6083, 321, 3, 12, 4),
(6084, 321, 4, 17, 4),
(6085, 321, 5, 22, 4),
(6086, 321, 6, 27, 4),
(6087, 321, 7, 32, 4),
(6088, 321, 8, 37, 4),
(6089, 321, 9, 42, 4),
(6090, 321, 10, 47, 4),
(6091, 321, 11, 52, 4),
(6092, 321, 12, 57, 4),
(6093, 321, 13, 62, 4),
(6094, 321, 14, 67, 4),
(6095, 321, 15, 72, 4),
(6096, 321, 16, 77, 4),
(6097, 321, 17, 81, 1),
(6098, 321, 18, 83, 1),
(6099, 321, 19, 88, 3),
(6100, 322, 1, 1, 5),
(6101, 322, 2, 7, 4),
(6102, 322, 3, 12, 4),
(6103, 322, 4, 18, 3),
(6104, 322, 5, 23, 3),
(6105, 322, 6, 27, 4),
(6106, 322, 7, 32, 4),
(6107, 322, 8, 36, 5),
(6108, 322, 9, 42, 4),
(6109, 322, 10, 47, 4),
(6110, 322, 11, 53, 3),
(6111, 322, 12, 58, 3),
(6112, 322, 13, 62, 4),
(6113, 322, 14, 68, 3),
(6114, 322, 15, 73, 3),
(6115, 322, 16, 76, 5),
(6116, 322, 17, 81, 1),
(6117, 322, 18, 83, 1),
(6118, 322, 19, 88, 3),
(6119, 323, 1, 1, 5),
(6120, 323, 2, 6, 5),
(6121, 323, 3, 11, 5),
(6122, 323, 4, 16, 5),
(6123, 323, 5, 21, 5),
(6124, 323, 6, 26, 5),
(6125, 323, 7, 31, 5),
(6126, 323, 8, 36, 5),
(6127, 323, 9, 41, 5),
(6128, 323, 10, 46, 5),
(6129, 323, 11, 51, 5),
(6130, 323, 12, 56, 5),
(6131, 323, 13, 61, 5),
(6132, 323, 14, 66, 5),
(6133, 323, 15, 71, 5),
(6134, 323, 16, 76, 5),
(6135, 323, 17, 81, 1),
(6136, 323, 18, 83, 1),
(6137, 323, 19, 89, 2),
(6138, 324, 1, 3, 3),
(6139, 324, 2, 7, 4),
(6140, 324, 3, 13, 3),
(6141, 324, 4, 17, 4),
(6142, 324, 5, 23, 3),
(6143, 324, 6, 28, 3),
(6144, 324, 7, 33, 3),
(6145, 324, 8, 38, 3),
(6146, 324, 9, 42, 4),
(6147, 324, 10, 48, 3),
(6148, 324, 11, 53, 3),
(6149, 324, 12, 58, 3),
(6150, 324, 13, 62, 4),
(6151, 324, 14, 68, 3),
(6152, 324, 15, 72, 4),
(6153, 324, 16, 77, 4),
(6154, 324, 17, 81, 1),
(6155, 324, 18, 83, 1),
(6156, 324, 19, 90, 1),
(6157, 325, 1, 2, 4),
(6158, 325, 2, 7, 4),
(6159, 325, 3, 12, 4),
(6160, 325, 4, 17, 4),
(6161, 325, 5, 22, 4),
(6162, 325, 6, 27, 4),
(6163, 325, 7, 32, 4),
(6164, 325, 8, 37, 4),
(6165, 325, 9, 42, 4),
(6166, 325, 10, 47, 4),
(6167, 325, 11, 52, 4),
(6168, 325, 12, 57, 4),
(6169, 325, 13, 62, 4),
(6170, 325, 14, 67, 4),
(6171, 325, 15, 72, 4),
(6172, 325, 16, 77, 4),
(6173, 325, 17, 81, 1),
(6174, 325, 18, 83, 1),
(6175, 325, 19, 90, 1),
(6176, 326, 1, 1, 5),
(6177, 326, 2, 6, 5),
(6178, 326, 3, 12, 4),
(6179, 326, 4, 16, 5),
(6180, 326, 5, 21, 5),
(6181, 326, 6, 26, 5),
(6182, 326, 7, 31, 5),
(6183, 326, 8, 36, 5),
(6184, 326, 9, 42, 4),
(6185, 326, 10, 46, 5),
(6186, 326, 11, 51, 5),
(6187, 326, 12, 57, 4),
(6188, 326, 13, 62, 4),
(6189, 326, 14, 66, 5),
(6190, 326, 15, 71, 5),
(6191, 326, 16, 76, 5),
(6192, 326, 17, 81, 1),
(6193, 326, 18, 83, 1),
(6194, 326, 19, 88, 3),
(6195, 327, 1, 1, 5),
(6196, 327, 2, 6, 5),
(6197, 327, 3, 11, 5),
(6198, 327, 4, 16, 5),
(6199, 327, 5, 21, 5),
(6200, 327, 6, 26, 5),
(6201, 327, 7, 31, 5),
(6202, 327, 8, 36, 5),
(6203, 327, 9, 41, 5),
(6204, 327, 10, 46, 5),
(6205, 327, 11, 51, 5),
(6206, 327, 12, 56, 5),
(6207, 327, 13, 61, 5),
(6208, 327, 14, 66, 5),
(6209, 327, 15, 71, 5),
(6210, 327, 16, 76, 5),
(6211, 327, 17, 81, 1),
(6212, 327, 18, 83, 1),
(6213, 327, 19, 90, 1),
(6214, 328, 1, 1, 5),
(6215, 328, 2, 6, 5),
(6216, 328, 3, 11, 5),
(6217, 328, 4, 16, 5),
(6218, 328, 5, 21, 5),
(6219, 328, 6, 26, 5),
(6220, 328, 7, 31, 5),
(6221, 328, 8, 36, 5),
(6222, 328, 9, 41, 5),
(6223, 328, 10, 46, 5),
(6224, 328, 11, 52, 4),
(6225, 328, 12, 57, 4),
(6226, 328, 13, 61, 5),
(6227, 328, 14, 66, 5),
(6228, 328, 15, 71, 5),
(6229, 328, 16, 76, 5),
(6230, 328, 17, 81, 1),
(6231, 328, 18, 83, 1),
(6232, 328, 19, 89, 2),
(6233, 329, 1, 2, 4),
(6234, 329, 2, 7, 4),
(6235, 329, 3, 11, 5),
(6236, 329, 4, 17, 4),
(6237, 329, 5, 22, 4),
(6238, 329, 6, 27, 4),
(6239, 329, 7, 31, 5),
(6240, 329, 8, 36, 5),
(6241, 329, 9, 42, 4),
(6242, 329, 10, 47, 4),
(6243, 329, 11, 51, 5),
(6244, 329, 12, 57, 4),
(6245, 329, 13, 62, 4),
(6246, 329, 14, 66, 5),
(6247, 329, 15, 72, 4),
(6248, 329, 16, 77, 4),
(6249, 329, 17, 81, 1),
(6250, 329, 18, 83, 1),
(6251, 329, 19, 89, 2),
(6252, 330, 1, 1, 5),
(6253, 330, 2, 6, 5),
(6254, 330, 3, 11, 5),
(6255, 330, 4, 16, 5),
(6256, 330, 5, 21, 5),
(6257, 330, 6, 26, 5),
(6258, 330, 7, 31, 5),
(6259, 330, 8, 37, 4),
(6260, 330, 9, 41, 5),
(6261, 330, 10, 46, 5),
(6262, 330, 11, 51, 5),
(6263, 330, 12, 56, 5),
(6264, 330, 13, 61, 5),
(6265, 330, 14, 66, 5),
(6266, 330, 15, 71, 5),
(6267, 330, 16, 76, 5),
(6268, 330, 17, 81, 1),
(6269, 330, 18, 83, 1),
(6270, 330, 19, 89, 2),
(6271, 331, 1, 2, 4),
(6272, 331, 2, 7, 4),
(6273, 331, 3, 12, 4),
(6274, 331, 4, 17, 4),
(6275, 331, 5, 22, 4),
(6276, 331, 6, 27, 4),
(6277, 331, 7, 32, 4),
(6278, 331, 8, 37, 4),
(6279, 331, 9, 42, 4),
(6280, 331, 10, 47, 4),
(6281, 331, 11, 52, 4),
(6282, 331, 12, 57, 4),
(6283, 331, 13, 62, 4),
(6284, 331, 14, 67, 4),
(6285, 331, 15, 72, 4),
(6286, 331, 16, 77, 4),
(6287, 331, 17, 81, 1),
(6288, 331, 18, 83, 1),
(6289, 331, 19, 88, 3),
(6290, 332, 1, 1, 5),
(6291, 332, 2, 7, 4),
(6292, 332, 3, 12, 4),
(6293, 332, 4, 18, 3),
(6294, 332, 5, 23, 3),
(6295, 332, 6, 27, 4),
(6296, 332, 7, 32, 4),
(6297, 332, 8, 36, 5),
(6298, 332, 9, 42, 4),
(6299, 332, 10, 47, 4),
(6300, 332, 11, 53, 3),
(6301, 332, 12, 58, 3),
(6302, 332, 13, 62, 4),
(6303, 332, 14, 68, 3),
(6304, 332, 15, 73, 3),
(6305, 332, 16, 76, 5),
(6306, 332, 17, 81, 1),
(6307, 332, 18, 83, 1),
(6308, 332, 19, 88, 3),
(6309, 333, 1, 1, 5),
(6310, 333, 2, 6, 5),
(6311, 333, 3, 11, 5),
(6312, 333, 4, 16, 5),
(6313, 333, 5, 21, 5),
(6314, 333, 6, 26, 5),
(6315, 333, 7, 31, 5),
(6316, 333, 8, 36, 5),
(6317, 333, 9, 41, 5),
(6318, 333, 10, 46, 5),
(6319, 333, 11, 51, 5),
(6320, 333, 12, 56, 5),
(6321, 333, 13, 61, 5),
(6322, 333, 14, 66, 5),
(6323, 333, 15, 71, 5),
(6324, 333, 16, 76, 5),
(6325, 333, 17, 81, 1),
(6326, 333, 18, 83, 1),
(6327, 333, 19, 89, 2),
(6328, 334, 1, 3, 3),
(6329, 334, 2, 7, 4),
(6330, 334, 3, 13, 3),
(6331, 334, 4, 17, 4),
(6332, 334, 5, 23, 3),
(6333, 334, 6, 28, 3),
(6334, 334, 7, 33, 3),
(6335, 334, 8, 38, 3),
(6336, 334, 9, 42, 4),
(6337, 334, 10, 48, 3),
(6338, 334, 11, 53, 3),
(6339, 334, 12, 58, 3),
(6340, 334, 13, 62, 4),
(6341, 334, 14, 68, 3),
(6342, 334, 15, 72, 4),
(6343, 334, 16, 77, 4),
(6344, 334, 17, 81, 1),
(6345, 334, 18, 83, 1),
(6346, 334, 19, 90, 1),
(6347, 335, 1, 2, 4),
(6348, 335, 2, 7, 4),
(6349, 335, 3, 12, 4),
(6350, 335, 4, 17, 4),
(6351, 335, 5, 22, 4),
(6352, 335, 6, 27, 4),
(6353, 335, 7, 32, 4),
(6354, 335, 8, 37, 4),
(6355, 335, 9, 42, 4),
(6356, 335, 10, 47, 4),
(6357, 335, 11, 52, 4),
(6358, 335, 12, 57, 4),
(6359, 335, 13, 62, 4),
(6360, 335, 14, 67, 4),
(6361, 335, 15, 72, 4),
(6362, 335, 16, 77, 4),
(6363, 335, 17, 81, 1),
(6364, 335, 18, 83, 1),
(6365, 335, 19, 90, 1),
(6366, 336, 1, 1, 5),
(6367, 336, 2, 6, 5),
(6368, 336, 3, 12, 4),
(6369, 336, 4, 16, 5),
(6370, 336, 5, 21, 5),
(6371, 336, 6, 26, 5),
(6372, 336, 7, 31, 5),
(6373, 336, 8, 36, 5),
(6374, 336, 9, 42, 4),
(6375, 336, 10, 46, 5),
(6376, 336, 11, 51, 5),
(6377, 336, 12, 57, 4),
(6378, 336, 13, 62, 4),
(6379, 336, 14, 66, 5),
(6380, 336, 15, 71, 5),
(6381, 336, 16, 76, 5),
(6382, 336, 17, 81, 1),
(6383, 336, 18, 83, 1),
(6384, 336, 19, 88, 3),
(6385, 337, 1, 1, 5),
(6386, 337, 2, 6, 5),
(6387, 337, 3, 11, 5),
(6388, 337, 4, 16, 5),
(6389, 337, 5, 21, 5),
(6390, 337, 6, 26, 5),
(6391, 337, 7, 31, 5),
(6392, 337, 8, 36, 5),
(6393, 337, 9, 41, 5),
(6394, 337, 10, 46, 5),
(6395, 337, 11, 51, 5),
(6396, 337, 12, 56, 5),
(6397, 337, 13, 61, 5),
(6398, 337, 14, 66, 5),
(6399, 337, 15, 71, 5),
(6400, 337, 16, 76, 5),
(6401, 337, 17, 81, 1),
(6402, 337, 18, 83, 1),
(6403, 337, 19, 90, 1),
(6404, 338, 1, 1, 5),
(6405, 338, 2, 6, 5),
(6406, 338, 3, 11, 5),
(6407, 338, 4, 16, 5),
(6408, 338, 5, 21, 5),
(6409, 338, 6, 26, 5),
(6410, 338, 7, 31, 5),
(6411, 338, 8, 36, 5),
(6412, 338, 9, 41, 5),
(6413, 338, 10, 46, 5),
(6414, 338, 11, 52, 4),
(6415, 338, 12, 57, 4),
(6416, 338, 13, 61, 5),
(6417, 338, 14, 66, 5),
(6418, 338, 15, 71, 5),
(6419, 338, 16, 76, 5),
(6420, 338, 17, 81, 1),
(6421, 338, 18, 83, 1),
(6422, 338, 19, 89, 2),
(6423, 339, 1, 2, 4),
(6424, 339, 2, 7, 4),
(6425, 339, 3, 11, 5),
(6426, 339, 4, 17, 4),
(6427, 339, 5, 22, 4),
(6428, 339, 6, 27, 4),
(6429, 339, 7, 31, 5),
(6430, 339, 8, 36, 5),
(6431, 339, 9, 42, 4),
(6432, 339, 10, 47, 4),
(6433, 339, 11, 51, 5),
(6434, 339, 12, 57, 4),
(6435, 339, 13, 62, 4),
(6436, 339, 14, 66, 5),
(6437, 339, 15, 72, 4),
(6438, 339, 16, 77, 4),
(6439, 339, 17, 81, 1),
(6440, 339, 18, 83, 1),
(6441, 339, 19, 89, 2),
(6442, 340, 1, 1, 5),
(6443, 340, 2, 6, 5),
(6444, 340, 3, 11, 5),
(6445, 340, 4, 16, 5),
(6446, 340, 5, 21, 5),
(6447, 340, 6, 26, 5),
(6448, 340, 7, 31, 5),
(6449, 340, 8, 37, 4),
(6450, 340, 9, 41, 5),
(6451, 340, 10, 46, 5),
(6452, 340, 11, 51, 5),
(6453, 340, 12, 56, 5),
(6454, 340, 13, 61, 5),
(6455, 340, 14, 66, 5),
(6456, 340, 15, 71, 5),
(6457, 340, 16, 76, 5),
(6458, 340, 17, 81, 1),
(6459, 340, 18, 83, 1),
(6460, 340, 19, 89, 2),
(6461, 341, 1, 2, 4),
(6462, 341, 2, 7, 4),
(6463, 341, 3, 12, 4),
(6464, 341, 4, 17, 4),
(6465, 341, 5, 22, 4),
(6466, 341, 6, 27, 4),
(6467, 341, 7, 32, 4),
(6468, 341, 8, 37, 4),
(6469, 341, 9, 42, 4),
(6470, 341, 10, 47, 4),
(6471, 341, 11, 52, 4),
(6472, 341, 12, 57, 4),
(6473, 341, 13, 62, 4),
(6474, 341, 14, 67, 4),
(6475, 341, 15, 72, 4),
(6476, 341, 16, 77, 4),
(6477, 341, 17, 81, 1),
(6478, 341, 18, 83, 1),
(6479, 341, 19, 88, 3),
(6480, 342, 1, 1, 5),
(6481, 342, 2, 7, 4),
(6482, 342, 3, 12, 4),
(6483, 342, 4, 18, 3),
(6484, 342, 5, 23, 3),
(6485, 342, 6, 27, 4),
(6486, 342, 7, 32, 4),
(6487, 342, 8, 36, 5),
(6488, 342, 9, 42, 4),
(6489, 342, 10, 47, 4),
(6490, 342, 11, 53, 3),
(6491, 342, 12, 58, 3),
(6492, 342, 13, 62, 4),
(6493, 342, 14, 68, 3),
(6494, 342, 15, 73, 3),
(6495, 342, 16, 76, 5),
(6496, 342, 17, 81, 1),
(6497, 342, 18, 83, 1),
(6498, 342, 19, 88, 3),
(6499, 343, 1, 1, 5),
(6500, 343, 2, 6, 5),
(6501, 343, 3, 11, 5),
(6502, 343, 4, 16, 5),
(6503, 343, 5, 21, 5),
(6504, 343, 6, 26, 5),
(6505, 343, 7, 31, 5),
(6506, 343, 8, 36, 5),
(6507, 343, 9, 41, 5),
(6508, 343, 10, 46, 5),
(6509, 343, 11, 51, 5),
(6510, 343, 12, 56, 5),
(6511, 343, 13, 61, 5),
(6512, 343, 14, 66, 5),
(6513, 343, 15, 71, 5),
(6514, 343, 16, 76, 5),
(6515, 343, 17, 81, 1),
(6516, 343, 18, 83, 1),
(6517, 343, 19, 89, 2),
(6518, 344, 1, 3, 3),
(6519, 344, 2, 7, 4),
(6520, 344, 3, 13, 3),
(6521, 344, 4, 17, 4),
(6522, 344, 5, 23, 3),
(6523, 344, 6, 28, 3),
(6524, 344, 7, 33, 3),
(6525, 344, 8, 38, 3),
(6526, 344, 9, 42, 4),
(6527, 344, 10, 48, 3),
(6528, 344, 11, 53, 3),
(6529, 344, 12, 58, 3),
(6530, 344, 13, 62, 4),
(6531, 344, 14, 68, 3),
(6532, 344, 15, 72, 4),
(6533, 344, 16, 77, 4),
(6534, 344, 17, 81, 1),
(6535, 344, 18, 83, 1),
(6536, 344, 19, 90, 1),
(6537, 345, 1, 2, 4),
(6538, 345, 2, 7, 4),
(6539, 345, 3, 12, 4),
(6540, 345, 4, 17, 4),
(6541, 345, 5, 22, 4),
(6542, 345, 6, 27, 4),
(6543, 345, 7, 32, 4),
(6544, 345, 8, 37, 4),
(6545, 345, 9, 42, 4),
(6546, 345, 10, 47, 4),
(6547, 345, 11, 52, 4),
(6548, 345, 12, 57, 4),
(6549, 345, 13, 62, 4),
(6550, 345, 14, 67, 4),
(6551, 345, 15, 72, 4),
(6552, 345, 16, 77, 4),
(6553, 345, 17, 81, 1),
(6554, 345, 18, 83, 1),
(6555, 345, 19, 90, 1),
(6556, 346, 1, 1, 5),
(6557, 346, 2, 6, 5),
(6558, 346, 3, 12, 4),
(6559, 346, 4, 16, 5),
(6560, 346, 5, 21, 5),
(6561, 346, 6, 26, 5),
(6562, 346, 7, 31, 5),
(6563, 346, 8, 36, 5),
(6564, 346, 9, 42, 4),
(6565, 346, 10, 46, 5),
(6566, 346, 11, 51, 5),
(6567, 346, 12, 57, 4),
(6568, 346, 13, 62, 4),
(6569, 346, 14, 66, 5),
(6570, 346, 15, 71, 5),
(6571, 346, 16, 76, 5),
(6572, 346, 17, 81, 1),
(6573, 346, 18, 83, 1),
(6574, 346, 19, 88, 3),
(6575, 347, 1, 1, 5),
(6576, 347, 2, 6, 5),
(6577, 347, 3, 11, 5),
(6578, 347, 4, 16, 5),
(6579, 347, 5, 21, 5),
(6580, 347, 6, 26, 5),
(6581, 347, 7, 31, 5),
(6582, 347, 8, 36, 5),
(6583, 347, 9, 41, 5),
(6584, 347, 10, 46, 5),
(6585, 347, 11, 51, 5),
(6586, 347, 12, 56, 5),
(6587, 347, 13, 61, 5),
(6588, 347, 14, 66, 5),
(6589, 347, 15, 71, 5),
(6590, 347, 16, 76, 5),
(6591, 347, 17, 81, 1),
(6592, 347, 18, 83, 1),
(6593, 347, 19, 90, 1),
(6594, 348, 1, 1, 5),
(6595, 348, 2, 6, 5),
(6596, 348, 3, 11, 5),
(6597, 348, 4, 16, 5),
(6598, 348, 5, 21, 5),
(6599, 348, 6, 26, 5),
(6600, 348, 7, 31, 5),
(6601, 348, 8, 36, 5),
(6602, 348, 9, 41, 5),
(6603, 348, 10, 46, 5),
(6604, 348, 11, 52, 4),
(6605, 348, 12, 57, 4),
(6606, 348, 13, 61, 5),
(6607, 348, 14, 66, 5),
(6608, 348, 15, 71, 5),
(6609, 348, 16, 76, 5),
(6610, 348, 17, 81, 1),
(6611, 348, 18, 83, 1),
(6612, 348, 19, 89, 2),
(6613, 349, 1, 2, 4),
(6614, 349, 2, 7, 4),
(6615, 349, 3, 11, 5),
(6616, 349, 4, 17, 4),
(6617, 349, 5, 22, 4),
(6618, 349, 6, 27, 4),
(6619, 349, 7, 31, 5),
(6620, 349, 8, 36, 5),
(6621, 349, 9, 42, 4),
(6622, 349, 10, 47, 4),
(6623, 349, 11, 51, 5),
(6624, 349, 12, 57, 4),
(6625, 349, 13, 62, 4),
(6626, 349, 14, 66, 5),
(6627, 349, 15, 72, 4),
(6628, 349, 16, 77, 4),
(6629, 349, 17, 81, 1),
(6630, 349, 18, 83, 1),
(6631, 349, 19, 89, 2),
(6632, 350, 1, 1, 5),
(6633, 350, 2, 6, 5),
(6634, 350, 3, 11, 5),
(6635, 350, 4, 16, 5),
(6636, 350, 5, 21, 5),
(6637, 350, 6, 26, 5),
(6638, 350, 7, 31, 5),
(6639, 350, 8, 37, 4),
(6640, 350, 9, 41, 5),
(6641, 350, 10, 46, 5),
(6642, 350, 11, 51, 5),
(6643, 350, 12, 56, 5),
(6644, 350, 13, 61, 5),
(6645, 350, 14, 66, 5),
(6646, 350, 15, 71, 5),
(6647, 350, 16, 76, 5),
(6648, 350, 17, 81, 1),
(6649, 350, 18, 83, 1),
(6650, 350, 19, 89, 2),
(6651, 351, 1, 2, 4),
(6652, 351, 2, 7, 4),
(6653, 351, 3, 12, 4),
(6654, 351, 4, 17, 4),
(6655, 351, 5, 22, 4),
(6656, 351, 6, 27, 4),
(6657, 351, 7, 32, 4),
(6658, 351, 8, 37, 4),
(6659, 351, 9, 42, 4),
(6660, 351, 10, 47, 4),
(6661, 351, 11, 52, 4),
(6662, 351, 12, 57, 4),
(6663, 351, 13, 62, 4),
(6664, 351, 14, 67, 4),
(6665, 351, 15, 72, 4),
(6666, 351, 16, 77, 4),
(6667, 351, 17, 81, 1),
(6668, 351, 18, 83, 1),
(6669, 351, 19, 88, 3),
(6670, 352, 1, 1, 5),
(6671, 352, 2, 7, 4),
(6672, 352, 3, 12, 4),
(6673, 352, 4, 18, 3),
(6674, 352, 5, 23, 3),
(6675, 352, 6, 27, 4),
(6676, 352, 7, 32, 4),
(6677, 352, 8, 36, 5),
(6678, 352, 9, 42, 4),
(6679, 352, 10, 47, 4),
(6680, 352, 11, 53, 3),
(6681, 352, 12, 58, 3),
(6682, 352, 13, 62, 4),
(6683, 352, 14, 68, 3),
(6684, 352, 15, 73, 3),
(6685, 352, 16, 76, 5),
(6686, 352, 17, 81, 1),
(6687, 352, 18, 83, 1),
(6688, 352, 19, 88, 3),
(6689, 353, 1, 1, 5),
(6690, 353, 2, 6, 5),
(6691, 353, 3, 11, 5),
(6692, 353, 4, 16, 5),
(6693, 353, 5, 21, 5),
(6694, 353, 6, 26, 5),
(6695, 353, 7, 31, 5),
(6696, 353, 8, 36, 5),
(6697, 353, 9, 41, 5),
(6698, 353, 10, 46, 5),
(6699, 353, 11, 51, 5),
(6700, 353, 12, 56, 5),
(6701, 353, 13, 61, 5),
(6702, 353, 14, 66, 5),
(6703, 353, 15, 71, 5),
(6704, 353, 16, 76, 5),
(6705, 353, 17, 81, 1),
(6706, 353, 18, 83, 1),
(6707, 353, 19, 89, 2),
(6708, 354, 1, 3, 3),
(6709, 354, 2, 7, 4),
(6710, 354, 3, 13, 3),
(6711, 354, 4, 17, 4),
(6712, 354, 5, 23, 3),
(6713, 354, 6, 28, 3),
(6714, 354, 7, 33, 3),
(6715, 354, 8, 38, 3),
(6716, 354, 9, 42, 4),
(6717, 354, 10, 48, 3),
(6718, 354, 11, 53, 3),
(6719, 354, 12, 58, 3),
(6720, 354, 13, 62, 4),
(6721, 354, 14, 68, 3),
(6722, 354, 15, 72, 4),
(6723, 354, 16, 77, 4),
(6724, 354, 17, 81, 1),
(6725, 354, 18, 83, 1),
(6726, 354, 19, 90, 1),
(6727, 355, 1, 2, 4),
(6728, 355, 2, 7, 4),
(6729, 355, 3, 12, 4),
(6730, 355, 4, 17, 4),
(6731, 355, 5, 22, 4),
(6732, 355, 6, 27, 4),
(6733, 355, 7, 32, 4),
(6734, 355, 8, 37, 4),
(6735, 355, 9, 42, 4),
(6736, 355, 10, 47, 4),
(6737, 355, 11, 52, 4),
(6738, 355, 12, 57, 4),
(6739, 355, 13, 62, 4),
(6740, 355, 14, 67, 4),
(6741, 355, 15, 72, 4),
(6742, 355, 16, 77, 4),
(6743, 355, 17, 81, 1),
(6744, 355, 18, 83, 1),
(6745, 355, 19, 90, 1),
(6746, 356, 1, 1, 5),
(6747, 356, 2, 6, 5),
(6748, 356, 3, 12, 4),
(6749, 356, 4, 16, 5),
(6750, 356, 5, 21, 5),
(6751, 356, 6, 26, 5),
(6752, 356, 7, 31, 5),
(6753, 356, 8, 36, 5),
(6754, 356, 9, 42, 4),
(6755, 356, 10, 46, 5),
(6756, 356, 11, 51, 5),
(6757, 356, 12, 57, 4),
(6758, 356, 13, 62, 4),
(6759, 356, 14, 66, 5),
(6760, 356, 15, 71, 5),
(6761, 356, 16, 76, 5),
(6762, 356, 17, 81, 1),
(6763, 356, 18, 83, 1),
(6764, 356, 19, 88, 3),
(6765, 357, 1, 1, 5),
(6766, 357, 2, 6, 5),
(6767, 357, 3, 11, 5),
(6768, 357, 4, 16, 5),
(6769, 357, 5, 21, 5),
(6770, 357, 6, 26, 5),
(6771, 357, 7, 31, 5),
(6772, 357, 8, 36, 5),
(6773, 357, 9, 41, 5),
(6774, 357, 10, 46, 5),
(6775, 357, 11, 51, 5),
(6776, 357, 12, 56, 5),
(6777, 357, 13, 61, 5),
(6778, 357, 14, 66, 5),
(6779, 357, 15, 71, 5),
(6780, 357, 16, 76, 5),
(6781, 357, 17, 81, 1),
(6782, 357, 18, 83, 1),
(6783, 357, 19, 90, 1),
(6784, 358, 1, 1, 5),
(6785, 358, 2, 6, 5),
(6786, 358, 3, 11, 5),
(6787, 358, 4, 16, 5),
(6788, 358, 5, 21, 5),
(6789, 358, 6, 26, 5),
(6790, 358, 7, 31, 5),
(6791, 358, 8, 36, 5),
(6792, 358, 9, 41, 5),
(6793, 358, 10, 46, 5),
(6794, 358, 11, 52, 4),
(6795, 358, 12, 57, 4),
(6796, 358, 13, 61, 5),
(6797, 358, 14, 66, 5),
(6798, 358, 15, 71, 5),
(6799, 358, 16, 76, 5),
(6800, 358, 17, 81, 1),
(6801, 358, 18, 83, 1),
(6802, 358, 19, 89, 2),
(6803, 359, 1, 2, 4),
(6804, 359, 2, 7, 4),
(6805, 359, 3, 11, 5),
(6806, 359, 4, 17, 4),
(6807, 359, 5, 22, 4),
(6808, 359, 6, 27, 4),
(6809, 359, 7, 31, 5),
(6810, 359, 8, 36, 5),
(6811, 359, 9, 42, 4),
(6812, 359, 10, 47, 4),
(6813, 359, 11, 51, 5),
(6814, 359, 12, 57, 4),
(6815, 359, 13, 62, 4),
(6816, 359, 14, 66, 5),
(6817, 359, 15, 72, 4),
(6818, 359, 16, 77, 4),
(6819, 359, 17, 81, 1),
(6820, 359, 18, 83, 1),
(6821, 359, 19, 89, 2),
(6822, 360, 1, 1, 5),
(6823, 360, 2, 6, 5),
(6824, 360, 3, 11, 5),
(6825, 360, 4, 16, 5),
(6826, 360, 5, 21, 5),
(6827, 360, 6, 26, 5),
(6828, 360, 7, 31, 5),
(6829, 360, 8, 37, 4),
(6830, 360, 9, 41, 5),
(6831, 360, 10, 46, 5),
(6832, 360, 11, 51, 5),
(6833, 360, 12, 56, 5),
(6834, 360, 13, 61, 5),
(6835, 360, 14, 66, 5),
(6836, 360, 15, 71, 5),
(6837, 360, 16, 76, 5),
(6838, 360, 17, 81, 1),
(6839, 360, 18, 83, 1),
(6840, 360, 19, 89, 2),
(6841, 361, 1, 2, 4),
(6842, 361, 2, 7, 4),
(6843, 361, 3, 12, 4),
(6844, 361, 4, 17, 4),
(6845, 361, 5, 22, 4),
(6846, 361, 6, 27, 4),
(6847, 361, 7, 32, 4),
(6848, 361, 8, 37, 4),
(6849, 361, 9, 42, 4),
(6850, 361, 10, 47, 4),
(6851, 361, 11, 52, 4),
(6852, 361, 12, 57, 4),
(6853, 361, 13, 62, 4),
(6854, 361, 14, 67, 4),
(6855, 361, 15, 72, 4),
(6856, 361, 16, 77, 4),
(6857, 361, 17, 81, 1),
(6858, 361, 18, 83, 1),
(6859, 361, 19, 88, 3),
(6860, 362, 1, 1, 5),
(6861, 362, 2, 7, 4),
(6862, 362, 3, 12, 4),
(6863, 362, 4, 18, 3),
(6864, 362, 5, 23, 3),
(6865, 362, 6, 27, 4),
(6866, 362, 7, 32, 4),
(6867, 362, 8, 36, 5),
(6868, 362, 9, 42, 4),
(6869, 362, 10, 47, 4),
(6870, 362, 11, 53, 3),
(6871, 362, 12, 58, 3),
(6872, 362, 13, 62, 4),
(6873, 362, 14, 68, 3),
(6874, 362, 15, 73, 3),
(6875, 362, 16, 76, 5),
(6876, 362, 17, 81, 1),
(6877, 362, 18, 83, 1),
(6878, 362, 19, 88, 3),
(6879, 363, 1, 1, 5),
(6880, 363, 2, 6, 5),
(6881, 363, 3, 11, 5),
(6882, 363, 4, 16, 5),
(6883, 363, 5, 21, 5),
(6884, 363, 6, 26, 5),
(6885, 363, 7, 31, 5),
(6886, 363, 8, 36, 5),
(6887, 363, 9, 41, 5),
(6888, 363, 10, 46, 5),
(6889, 363, 11, 51, 5),
(6890, 363, 12, 56, 5),
(6891, 363, 13, 61, 5),
(6892, 363, 14, 66, 5),
(6893, 363, 15, 71, 5),
(6894, 363, 16, 76, 5),
(6895, 363, 17, 81, 1),
(6896, 363, 18, 83, 1),
(6897, 363, 19, 89, 2),
(6898, 364, 1, 3, 3),
(6899, 364, 2, 7, 4),
(6900, 364, 3, 13, 3),
(6901, 364, 4, 17, 4),
(6902, 364, 5, 23, 3),
(6903, 364, 6, 28, 3),
(6904, 364, 7, 33, 3),
(6905, 364, 8, 38, 3),
(6906, 364, 9, 42, 4),
(6907, 364, 10, 48, 3),
(6908, 364, 11, 53, 3),
(6909, 364, 12, 58, 3),
(6910, 364, 13, 62, 4),
(6911, 364, 14, 68, 3),
(6912, 364, 15, 72, 4),
(6913, 364, 16, 77, 4),
(6914, 364, 17, 81, 1),
(6915, 364, 18, 83, 1),
(6916, 364, 19, 90, 1),
(6917, 365, 1, 2, 4),
(6918, 365, 2, 7, 4),
(6919, 365, 3, 12, 4),
(6920, 365, 4, 17, 4),
(6921, 365, 5, 22, 4),
(6922, 365, 6, 27, 4),
(6923, 365, 7, 32, 4),
(6924, 365, 8, 37, 4),
(6925, 365, 9, 42, 4),
(6926, 365, 10, 47, 4),
(6927, 365, 11, 52, 4),
(6928, 365, 12, 57, 4),
(6929, 365, 13, 62, 4),
(6930, 365, 14, 67, 4),
(6931, 365, 15, 72, 4),
(6932, 365, 16, 77, 4),
(6933, 365, 17, 81, 1),
(6934, 365, 18, 83, 1),
(6935, 365, 19, 90, 1),
(6936, 366, 1, 1, 5),
(6937, 366, 2, 6, 5),
(6938, 366, 3, 12, 4),
(6939, 366, 4, 16, 5),
(6940, 366, 5, 21, 5),
(6941, 366, 6, 26, 5),
(6942, 366, 7, 31, 5),
(6943, 366, 8, 36, 5),
(6944, 366, 9, 42, 4),
(6945, 366, 10, 46, 5),
(6946, 366, 11, 51, 5),
(6947, 366, 12, 57, 4),
(6948, 366, 13, 62, 4),
(6949, 366, 14, 66, 5),
(6950, 366, 15, 71, 5),
(6951, 366, 16, 76, 5),
(6952, 366, 17, 81, 1),
(6953, 366, 18, 83, 1),
(6954, 366, 19, 88, 3),
(6955, 367, 1, 1, 5),
(6956, 367, 2, 6, 5),
(6957, 367, 3, 11, 5),
(6958, 367, 4, 16, 5),
(6959, 367, 5, 21, 5),
(6960, 367, 6, 26, 5),
(6961, 367, 7, 31, 5),
(6962, 367, 8, 36, 5),
(6963, 367, 9, 41, 5),
(6964, 367, 10, 46, 5),
(6965, 367, 11, 51, 5),
(6966, 367, 12, 56, 5),
(6967, 367, 13, 61, 5),
(6968, 367, 14, 66, 5),
(6969, 367, 15, 71, 5),
(6970, 367, 16, 76, 5),
(6971, 367, 17, 81, 1),
(6972, 367, 18, 83, 1),
(6973, 367, 19, 90, 1),
(6974, 368, 1, 1, 5),
(6975, 368, 2, 6, 5),
(6976, 368, 3, 11, 5),
(6977, 368, 4, 16, 5),
(6978, 368, 5, 21, 5),
(6979, 368, 6, 26, 5),
(6980, 368, 7, 31, 5),
(6981, 368, 8, 36, 5),
(6982, 368, 9, 41, 5),
(6983, 368, 10, 46, 5),
(6984, 368, 11, 52, 4),
(6985, 368, 12, 57, 4),
(6986, 368, 13, 61, 5),
(6987, 368, 14, 66, 5),
(6988, 368, 15, 71, 5),
(6989, 368, 16, 76, 5),
(6990, 368, 17, 81, 1),
(6991, 368, 18, 83, 1),
(6992, 368, 19, 89, 2),
(6993, 369, 1, 2, 4),
(6994, 369, 2, 7, 4),
(6995, 369, 3, 11, 5),
(6996, 369, 4, 17, 4),
(6997, 369, 5, 22, 4),
(6998, 369, 6, 27, 4),
(6999, 369, 7, 31, 5),
(7000, 369, 8, 36, 5),
(7001, 369, 9, 42, 4),
(7002, 369, 10, 47, 4),
(7003, 369, 11, 51, 5),
(7004, 369, 12, 57, 4),
(7005, 369, 13, 62, 4),
(7006, 369, 14, 66, 5),
(7007, 369, 15, 72, 4),
(7008, 369, 16, 77, 4),
(7009, 369, 17, 81, 1),
(7010, 369, 18, 83, 1),
(7011, 369, 19, 89, 2),
(7012, 370, 1, 1, 5),
(7013, 370, 2, 6, 5),
(7014, 370, 3, 11, 5),
(7015, 370, 4, 16, 5),
(7016, 370, 5, 21, 5),
(7017, 370, 6, 26, 5),
(7018, 370, 7, 31, 5),
(7019, 370, 8, 37, 4),
(7020, 370, 9, 41, 5),
(7021, 370, 10, 46, 5),
(7022, 370, 11, 51, 5),
(7023, 370, 12, 56, 5),
(7024, 370, 13, 61, 5),
(7025, 370, 14, 66, 5),
(7026, 370, 15, 71, 5),
(7027, 370, 16, 76, 5),
(7028, 370, 17, 81, 1),
(7029, 370, 18, 83, 1),
(7030, 370, 19, 89, 2),
(7031, 371, 1, 2, 4),
(7032, 371, 2, 7, 4),
(7033, 371, 3, 12, 4),
(7034, 371, 4, 17, 4),
(7035, 371, 5, 22, 4),
(7036, 371, 6, 27, 4),
(7037, 371, 7, 32, 4),
(7038, 371, 8, 37, 4),
(7039, 371, 9, 42, 4),
(7040, 371, 10, 47, 4),
(7041, 371, 11, 52, 4),
(7042, 371, 12, 57, 4),
(7043, 371, 13, 62, 4),
(7044, 371, 14, 67, 4),
(7045, 371, 15, 72, 4),
(7046, 371, 16, 77, 4),
(7047, 371, 17, 81, 1),
(7048, 371, 18, 83, 1),
(7049, 371, 19, 88, 3),
(7050, 372, 1, 1, 5),
(7051, 372, 2, 7, 4),
(7052, 372, 3, 12, 4),
(7053, 372, 4, 18, 3),
(7054, 372, 5, 23, 3),
(7055, 372, 6, 27, 4),
(7056, 372, 7, 32, 4),
(7057, 372, 8, 36, 5),
(7058, 372, 9, 42, 4),
(7059, 372, 10, 47, 4),
(7060, 372, 11, 53, 3),
(7061, 372, 12, 58, 3),
(7062, 372, 13, 62, 4),
(7063, 372, 14, 68, 3),
(7064, 372, 15, 73, 3),
(7065, 372, 16, 76, 5),
(7066, 372, 17, 81, 1),
(7067, 372, 18, 83, 1),
(7068, 372, 19, 88, 3),
(7069, 373, 1, 1, 5),
(7070, 373, 2, 6, 5),
(7071, 373, 3, 11, 5),
(7072, 373, 4, 16, 5),
(7073, 373, 5, 21, 5),
(7074, 373, 6, 26, 5),
(7075, 373, 7, 31, 5),
(7076, 373, 8, 36, 5),
(7077, 373, 9, 41, 5),
(7078, 373, 10, 46, 5),
(7079, 373, 11, 51, 5),
(7080, 373, 12, 56, 5),
(7081, 373, 13, 61, 5),
(7082, 373, 14, 66, 5),
(7083, 373, 15, 71, 5),
(7084, 373, 16, 76, 5),
(7085, 373, 17, 81, 1),
(7086, 373, 18, 83, 1),
(7087, 373, 19, 89, 2),
(7088, 374, 1, 3, 3),
(7089, 374, 2, 7, 4),
(7090, 374, 3, 13, 3),
(7091, 374, 4, 17, 4),
(7092, 374, 5, 23, 3),
(7093, 374, 6, 28, 3),
(7094, 374, 7, 33, 3),
(7095, 374, 8, 38, 3),
(7096, 374, 9, 42, 4),
(7097, 374, 10, 48, 3),
(7098, 374, 11, 53, 3),
(7099, 374, 12, 58, 3),
(7100, 374, 13, 62, 4),
(7101, 374, 14, 68, 3),
(7102, 374, 15, 72, 4),
(7103, 374, 16, 77, 4),
(7104, 374, 17, 81, 1),
(7105, 374, 18, 83, 1),
(7106, 374, 19, 90, 1),
(7107, 375, 1, 2, 4),
(7108, 375, 2, 7, 4),
(7109, 375, 3, 12, 4),
(7110, 375, 4, 17, 4),
(7111, 375, 5, 22, 4),
(7112, 375, 6, 27, 4),
(7113, 375, 7, 32, 4),
(7114, 375, 8, 37, 4),
(7115, 375, 9, 42, 4),
(7116, 375, 10, 47, 4),
(7117, 375, 11, 52, 4),
(7118, 375, 12, 57, 4),
(7119, 375, 13, 62, 4),
(7120, 375, 14, 67, 4),
(7121, 375, 15, 72, 4),
(7122, 375, 16, 77, 4),
(7123, 375, 17, 81, 1),
(7124, 375, 18, 83, 1),
(7125, 375, 19, 90, 1),
(7126, 376, 1, 1, 5),
(7127, 376, 2, 6, 5),
(7128, 376, 3, 12, 4),
(7129, 376, 4, 16, 5),
(7130, 376, 5, 21, 5),
(7131, 376, 6, 26, 5),
(7132, 376, 7, 31, 5),
(7133, 376, 8, 36, 5),
(7134, 376, 9, 42, 4),
(7135, 376, 10, 46, 5),
(7136, 376, 11, 51, 5),
(7137, 376, 12, 57, 4),
(7138, 376, 13, 62, 4),
(7139, 376, 14, 66, 5),
(7140, 376, 15, 71, 5),
(7141, 376, 16, 76, 5),
(7142, 376, 17, 81, 1),
(7143, 376, 18, 83, 1),
(7144, 376, 19, 88, 3),
(7145, 377, 1, 1, 5),
(7146, 377, 2, 6, 5),
(7147, 377, 3, 11, 5),
(7148, 377, 4, 16, 5),
(7149, 377, 5, 21, 5),
(7150, 377, 6, 26, 5),
(7151, 377, 7, 31, 5),
(7152, 377, 8, 36, 5),
(7153, 377, 9, 41, 5),
(7154, 377, 10, 46, 5),
(7155, 377, 11, 51, 5),
(7156, 377, 12, 56, 5),
(7157, 377, 13, 61, 5),
(7158, 377, 14, 66, 5),
(7159, 377, 15, 71, 5),
(7160, 377, 16, 76, 5),
(7161, 377, 17, 81, 1),
(7162, 377, 18, 83, 1),
(7163, 377, 19, 90, 1),
(7164, 378, 1, 1, 5),
(7165, 378, 2, 6, 5),
(7166, 378, 3, 11, 5),
(7167, 378, 4, 16, 5),
(7168, 378, 5, 21, 5),
(7169, 378, 6, 26, 5),
(7170, 378, 7, 31, 5),
(7171, 378, 8, 36, 5),
(7172, 378, 9, 41, 5),
(7173, 378, 10, 46, 5),
(7174, 378, 11, 52, 4),
(7175, 378, 12, 57, 4),
(7176, 378, 13, 61, 5),
(7177, 378, 14, 66, 5),
(7178, 378, 15, 71, 5),
(7179, 378, 16, 76, 5),
(7180, 378, 17, 81, 1),
(7181, 378, 18, 83, 1),
(7182, 378, 19, 89, 2),
(7183, 379, 1, 2, 4),
(7184, 379, 2, 7, 4),
(7185, 379, 3, 11, 5),
(7186, 379, 4, 17, 4),
(7187, 379, 5, 22, 4),
(7188, 379, 6, 27, 4),
(7189, 379, 7, 31, 5),
(7190, 379, 8, 36, 5),
(7191, 379, 9, 42, 4),
(7192, 379, 10, 47, 4),
(7193, 379, 11, 51, 5),
(7194, 379, 12, 57, 4),
(7195, 379, 13, 62, 4),
(7196, 379, 14, 66, 5),
(7197, 379, 15, 72, 4),
(7198, 379, 16, 77, 4),
(7199, 379, 17, 81, 1),
(7200, 379, 18, 83, 1),
(7201, 379, 19, 89, 2),
(7202, 380, 1, 1, 5),
(7203, 380, 2, 6, 5),
(7204, 380, 3, 11, 5),
(7205, 380, 4, 16, 5),
(7206, 380, 5, 21, 5),
(7207, 380, 6, 26, 5),
(7208, 380, 7, 31, 5),
(7209, 380, 8, 37, 4),
(7210, 380, 9, 41, 5),
(7211, 380, 10, 46, 5),
(7212, 380, 11, 51, 5),
(7213, 380, 12, 56, 5),
(7214, 380, 13, 61, 5),
(7215, 380, 14, 66, 5),
(7216, 380, 15, 71, 5),
(7217, 380, 16, 76, 5),
(7218, 380, 17, 81, 1),
(7219, 380, 18, 83, 1),
(7220, 380, 19, 89, 2),
(7221, 381, 1, 2, 4),
(7222, 381, 2, 7, 4),
(7223, 381, 3, 12, 4),
(7224, 381, 4, 17, 4),
(7225, 381, 5, 22, 4),
(7226, 381, 6, 27, 4),
(7227, 381, 7, 32, 4),
(7228, 381, 8, 37, 4),
(7229, 381, 9, 42, 4),
(7230, 381, 10, 47, 4),
(7231, 381, 11, 52, 4),
(7232, 381, 12, 57, 4),
(7233, 381, 13, 62, 4),
(7234, 381, 14, 67, 4),
(7235, 381, 15, 72, 4),
(7236, 381, 16, 77, 4),
(7237, 381, 17, 81, 1),
(7238, 381, 18, 83, 1),
(7239, 381, 19, 88, 3),
(7240, 382, 1, 1, 5),
(7241, 382, 2, 7, 4),
(7242, 382, 3, 12, 4),
(7243, 382, 4, 18, 3),
(7244, 382, 5, 23, 3),
(7245, 382, 6, 27, 4),
(7246, 382, 7, 32, 4),
(7247, 382, 8, 36, 5),
(7248, 382, 9, 42, 4),
(7249, 382, 10, 47, 4),
(7250, 382, 11, 53, 3),
(7251, 382, 12, 58, 3),
(7252, 382, 13, 62, 4),
(7253, 382, 14, 68, 3),
(7254, 382, 15, 73, 3),
(7255, 382, 16, 76, 5),
(7256, 382, 17, 81, 1),
(7257, 382, 18, 83, 1),
(7258, 382, 19, 88, 3),
(7259, 383, 1, 1, 5),
(7260, 383, 2, 6, 5),
(7261, 383, 3, 11, 5),
(7262, 383, 4, 16, 5),
(7263, 383, 5, 21, 5),
(7264, 383, 6, 26, 5),
(7265, 383, 7, 31, 5),
(7266, 383, 8, 36, 5),
(7267, 383, 9, 41, 5),
(7268, 383, 10, 46, 5),
(7269, 383, 11, 51, 5),
(7270, 383, 12, 56, 5),
(7271, 383, 13, 61, 5),
(7272, 383, 14, 66, 5),
(7273, 383, 15, 71, 5),
(7274, 383, 16, 76, 5),
(7275, 383, 17, 81, 1),
(7276, 383, 18, 83, 1),
(7277, 383, 19, 89, 2),
(7278, 384, 1, 3, 3),
(7279, 384, 2, 7, 4),
(7280, 384, 3, 13, 3),
(7281, 384, 4, 17, 4),
(7282, 384, 5, 23, 3),
(7283, 384, 6, 28, 3),
(7284, 384, 7, 33, 3),
(7285, 384, 8, 38, 3),
(7286, 384, 9, 42, 4),
(7287, 384, 10, 48, 3),
(7288, 384, 11, 53, 3),
(7289, 384, 12, 58, 3),
(7290, 384, 13, 62, 4),
(7291, 384, 14, 68, 3),
(7292, 384, 15, 72, 4),
(7293, 384, 16, 77, 4),
(7294, 384, 17, 81, 1),
(7295, 384, 18, 83, 1),
(7296, 384, 19, 90, 1),
(7297, 385, 1, 2, 4),
(7298, 385, 2, 7, 4),
(7299, 385, 3, 12, 4),
(7300, 385, 4, 17, 4),
(7301, 385, 5, 22, 4),
(7302, 385, 6, 27, 4),
(7303, 385, 7, 32, 4),
(7304, 385, 8, 37, 4),
(7305, 385, 9, 42, 4),
(7306, 385, 10, 47, 4),
(7307, 385, 11, 52, 4),
(7308, 385, 12, 57, 4),
(7309, 385, 13, 62, 4),
(7310, 385, 14, 67, 4),
(7311, 385, 15, 72, 4),
(7312, 385, 16, 77, 4),
(7313, 385, 17, 81, 1),
(7314, 385, 18, 83, 1),
(7315, 385, 19, 90, 1),
(7316, 386, 1, 1, 5),
(7317, 386, 2, 6, 5),
(7318, 386, 3, 12, 4),
(7319, 386, 4, 16, 5),
(7320, 386, 5, 21, 5),
(7321, 386, 6, 26, 5),
(7322, 386, 7, 31, 5),
(7323, 386, 8, 36, 5),
(7324, 386, 9, 42, 4),
(7325, 386, 10, 46, 5),
(7326, 386, 11, 51, 5),
(7327, 386, 12, 57, 4),
(7328, 386, 13, 62, 4),
(7329, 386, 14, 66, 5),
(7330, 386, 15, 71, 5),
(7331, 386, 16, 76, 5),
(7332, 386, 17, 81, 1),
(7333, 386, 18, 83, 1),
(7334, 386, 19, 88, 3),
(7335, 387, 1, 1, 5),
(7336, 387, 2, 6, 5),
(7337, 387, 3, 11, 5),
(7338, 387, 4, 16, 5),
(7339, 387, 5, 21, 5),
(7340, 387, 6, 26, 5),
(7341, 387, 7, 31, 5),
(7342, 387, 8, 36, 5),
(7343, 387, 9, 41, 5),
(7344, 387, 10, 46, 5),
(7345, 387, 11, 51, 5),
(7346, 387, 12, 56, 5),
(7347, 387, 13, 61, 5),
(7348, 387, 14, 66, 5),
(7349, 387, 15, 71, 5),
(7350, 387, 16, 76, 5),
(7351, 387, 17, 81, 1),
(7352, 387, 18, 83, 1),
(7353, 387, 19, 90, 1),
(7354, 388, 1, 1, 5),
(7355, 388, 2, 6, 5),
(7356, 388, 3, 11, 5),
(7357, 388, 4, 16, 5),
(7358, 388, 5, 21, 5),
(7359, 388, 6, 26, 5),
(7360, 388, 7, 31, 5),
(7361, 388, 8, 36, 5),
(7362, 388, 9, 41, 5),
(7363, 388, 10, 46, 5),
(7364, 388, 11, 52, 4),
(7365, 388, 12, 57, 4),
(7366, 388, 13, 61, 5),
(7367, 388, 14, 66, 5),
(7368, 388, 15, 71, 5),
(7369, 388, 16, 76, 5),
(7370, 388, 17, 81, 1),
(7371, 388, 18, 83, 1),
(7372, 388, 19, 89, 2),
(7373, 389, 1, 2, 4),
(7374, 389, 2, 7, 4),
(7375, 389, 3, 11, 5),
(7376, 389, 4, 17, 4),
(7377, 389, 5, 22, 4),
(7378, 389, 6, 27, 4),
(7379, 389, 7, 31, 5),
(7380, 389, 8, 36, 5),
(7381, 389, 9, 42, 4),
(7382, 389, 10, 47, 4),
(7383, 389, 11, 51, 5),
(7384, 389, 12, 57, 4),
(7385, 389, 13, 62, 4),
(7386, 389, 14, 66, 5),
(7387, 389, 15, 72, 4),
(7388, 389, 16, 77, 4),
(7389, 389, 17, 81, 1),
(7390, 389, 18, 83, 1),
(7391, 389, 19, 89, 2),
(7392, 390, 1, 1, 5),
(7393, 390, 2, 6, 5),
(7394, 390, 3, 11, 5),
(7395, 390, 4, 16, 5),
(7396, 390, 5, 21, 5),
(7397, 390, 6, 26, 5),
(7398, 390, 7, 31, 5),
(7399, 390, 8, 37, 4),
(7400, 390, 9, 41, 5),
(7401, 390, 10, 46, 5),
(7402, 390, 11, 51, 5),
(7403, 390, 12, 56, 5),
(7404, 390, 13, 61, 5),
(7405, 390, 14, 66, 5),
(7406, 390, 15, 71, 5),
(7407, 390, 16, 76, 5),
(7408, 390, 17, 81, 1),
(7409, 390, 18, 83, 1),
(7410, 390, 19, 89, 2),
(7411, 391, 1, 2, 4),
(7412, 391, 2, 7, 4),
(7413, 391, 3, 12, 4),
(7414, 391, 4, 17, 4),
(7415, 391, 5, 22, 4),
(7416, 391, 6, 27, 4),
(7417, 391, 7, 32, 4),
(7418, 391, 8, 37, 4),
(7419, 391, 9, 42, 4),
(7420, 391, 10, 47, 4),
(7421, 391, 11, 52, 4),
(7422, 391, 12, 57, 4),
(7423, 391, 13, 62, 4),
(7424, 391, 14, 67, 4),
(7425, 391, 15, 72, 4),
(7426, 391, 16, 77, 4),
(7427, 391, 17, 81, 1),
(7428, 391, 18, 83, 1),
(7429, 391, 19, 88, 3),
(7430, 392, 1, 1, 5),
(7431, 392, 2, 7, 4),
(7432, 392, 3, 12, 4),
(7433, 392, 4, 18, 3),
(7434, 392, 5, 23, 3),
(7435, 392, 6, 27, 4),
(7436, 392, 7, 32, 4),
(7437, 392, 8, 36, 5),
(7438, 392, 9, 42, 4),
(7439, 392, 10, 47, 4),
(7440, 392, 11, 53, 3),
(7441, 392, 12, 58, 3),
(7442, 392, 13, 62, 4),
(7443, 392, 14, 68, 3),
(7444, 392, 15, 73, 3),
(7445, 392, 16, 76, 5),
(7446, 392, 17, 81, 1),
(7447, 392, 18, 83, 1),
(7448, 392, 19, 88, 3),
(7449, 393, 1, 1, 5),
(7450, 393, 2, 6, 5),
(7451, 393, 3, 11, 5),
(7452, 393, 4, 16, 5),
(7453, 393, 5, 21, 5),
(7454, 393, 6, 26, 5),
(7455, 393, 7, 31, 5),
(7456, 393, 8, 36, 5),
(7457, 393, 9, 41, 5),
(7458, 393, 10, 46, 5),
(7459, 393, 11, 51, 5),
(7460, 393, 12, 56, 5),
(7461, 393, 13, 61, 5),
(7462, 393, 14, 66, 5),
(7463, 393, 15, 71, 5),
(7464, 393, 16, 76, 5),
(7465, 393, 17, 81, 1),
(7466, 393, 18, 83, 1),
(7467, 393, 19, 89, 2),
(7468, 394, 1, 3, 3),
(7469, 394, 2, 7, 4),
(7470, 394, 3, 13, 3),
(7471, 394, 4, 17, 4),
(7472, 394, 5, 23, 3),
(7473, 394, 6, 28, 3),
(7474, 394, 7, 33, 3),
(7475, 394, 8, 38, 3),
(7476, 394, 9, 42, 4),
(7477, 394, 10, 48, 3),
(7478, 394, 11, 53, 3),
(7479, 394, 12, 58, 3),
(7480, 394, 13, 62, 4),
(7481, 394, 14, 68, 3),
(7482, 394, 15, 72, 4),
(7483, 394, 16, 77, 4),
(7484, 394, 17, 81, 1),
(7485, 394, 18, 83, 1),
(7486, 394, 19, 90, 1),
(7487, 395, 1, 2, 4),
(7488, 395, 2, 7, 4),
(7489, 395, 3, 12, 4),
(7490, 395, 4, 17, 4),
(7491, 395, 5, 22, 4),
(7492, 395, 6, 27, 4),
(7493, 395, 7, 32, 4),
(7494, 395, 8, 37, 4),
(7495, 395, 9, 42, 4),
(7496, 395, 10, 47, 4),
(7497, 395, 11, 52, 4),
(7498, 395, 12, 57, 4),
(7499, 395, 13, 62, 4),
(7500, 395, 14, 67, 4),
(7501, 395, 15, 72, 4),
(7502, 395, 16, 77, 4),
(7503, 395, 17, 81, 1),
(7504, 395, 18, 83, 1),
(7505, 395, 19, 90, 1),
(7506, 396, 1, 1, 5),
(7507, 396, 2, 6, 5),
(7508, 396, 3, 12, 4),
(7509, 396, 4, 16, 5),
(7510, 396, 5, 21, 5),
(7511, 396, 6, 26, 5),
(7512, 396, 7, 31, 5),
(7513, 396, 8, 36, 5),
(7514, 396, 9, 42, 4),
(7515, 396, 10, 46, 5),
(7516, 396, 11, 51, 5),
(7517, 396, 12, 57, 4),
(7518, 396, 13, 62, 4),
(7519, 396, 14, 66, 5),
(7520, 396, 15, 71, 5),
(7521, 396, 16, 76, 5),
(7522, 396, 17, 81, 1),
(7523, 396, 18, 83, 1),
(7524, 396, 19, 88, 3),
(7525, 397, 1, 1, 5),
(7526, 397, 2, 6, 5),
(7527, 397, 3, 11, 5),
(7528, 397, 4, 16, 5),
(7529, 397, 5, 21, 5),
(7530, 397, 6, 26, 5),
(7531, 397, 7, 31, 5),
(7532, 397, 8, 36, 5),
(7533, 397, 9, 41, 5),
(7534, 397, 10, 46, 5),
(7535, 397, 11, 51, 5),
(7536, 397, 12, 56, 5),
(7537, 397, 13, 61, 5),
(7538, 397, 14, 66, 5),
(7539, 397, 15, 71, 5),
(7540, 397, 16, 76, 5),
(7541, 397, 17, 81, 1),
(7542, 397, 18, 83, 1),
(7543, 397, 19, 90, 1),
(7544, 398, 1, 1, 5),
(7545, 398, 2, 6, 5),
(7546, 398, 3, 11, 5),
(7547, 398, 4, 16, 5),
(7548, 398, 5, 21, 5),
(7549, 398, 6, 26, 5),
(7550, 398, 7, 31, 5),
(7551, 398, 8, 36, 5),
(7552, 398, 9, 41, 5),
(7553, 398, 10, 46, 5),
(7554, 398, 11, 52, 4),
(7555, 398, 12, 57, 4),
(7556, 398, 13, 61, 5),
(7557, 398, 14, 66, 5),
(7558, 398, 15, 71, 5),
(7559, 398, 16, 76, 5),
(7560, 398, 17, 81, 1),
(7561, 398, 18, 83, 1),
(7562, 398, 19, 89, 2),
(7563, 399, 1, 2, 4),
(7564, 399, 2, 7, 4),
(7565, 399, 3, 11, 5),
(7566, 399, 4, 17, 4),
(7567, 399, 5, 22, 4),
(7568, 399, 6, 27, 4),
(7569, 399, 7, 31, 5),
(7570, 399, 8, 36, 5),
(7571, 399, 9, 42, 4),
(7572, 399, 10, 47, 4),
(7573, 399, 11, 51, 5),
(7574, 399, 12, 57, 4),
(7575, 399, 13, 62, 4),
(7576, 399, 14, 66, 5),
(7577, 399, 15, 72, 4),
(7578, 399, 16, 77, 4),
(7579, 399, 17, 81, 1),
(7580, 399, 18, 83, 1),
(7581, 399, 19, 89, 2),
(7582, 400, 1, 1, 5),
(7583, 400, 2, 6, 5),
(7584, 400, 3, 11, 5),
(7585, 400, 4, 16, 5),
(7586, 400, 5, 21, 5),
(7587, 400, 6, 26, 5),
(7588, 400, 7, 31, 5),
(7589, 400, 8, 37, 4),
(7590, 400, 9, 41, 5),
(7591, 400, 10, 46, 5),
(7592, 400, 11, 51, 5),
(7593, 400, 12, 56, 5),
(7594, 400, 13, 61, 5),
(7595, 400, 14, 66, 5),
(7596, 400, 15, 71, 5),
(7597, 400, 16, 76, 5),
(7598, 400, 17, 81, 1),
(7599, 400, 18, 83, 1),
(7600, 400, 19, 89, 2),
(7601, 401, 1, 2, 4),
(7602, 401, 2, 7, 4),
(7603, 401, 3, 12, 4),
(7604, 401, 4, 17, 4),
(7605, 401, 5, 22, 4),
(7606, 401, 6, 27, 4),
(7607, 401, 7, 32, 4),
(7608, 401, 8, 37, 4),
(7609, 401, 9, 42, 4),
(7610, 401, 10, 47, 4),
(7611, 401, 11, 52, 4),
(7612, 401, 12, 57, 4),
(7613, 401, 13, 62, 4),
(7614, 401, 14, 67, 4),
(7615, 401, 15, 72, 4),
(7616, 401, 16, 77, 4),
(7617, 401, 17, 81, 1),
(7618, 401, 18, 83, 1),
(7619, 401, 19, 88, 3),
(7620, 402, 1, 1, 5),
(7621, 402, 2, 7, 4),
(7622, 402, 3, 12, 4),
(7623, 402, 4, 18, 3),
(7624, 402, 5, 23, 3),
(7625, 402, 6, 27, 4),
(7626, 402, 7, 32, 4),
(7627, 402, 8, 36, 5),
(7628, 402, 9, 42, 4),
(7629, 402, 10, 47, 4),
(7630, 402, 11, 53, 3),
(7631, 402, 12, 58, 3),
(7632, 402, 13, 62, 4),
(7633, 402, 14, 68, 3),
(7634, 402, 15, 73, 3),
(7635, 402, 16, 76, 5),
(7636, 402, 17, 81, 1),
(7637, 402, 18, 83, 1),
(7638, 402, 19, 88, 3),
(7639, 403, 1, 1, 5),
(7640, 403, 2, 6, 5),
(7641, 403, 3, 11, 5),
(7642, 403, 4, 16, 5),
(7643, 403, 5, 21, 5),
(7644, 403, 6, 26, 5),
(7645, 403, 7, 31, 5),
(7646, 403, 8, 36, 5),
(7647, 403, 9, 41, 5),
(7648, 403, 10, 46, 5),
(7649, 403, 11, 51, 5),
(7650, 403, 12, 56, 5),
(7651, 403, 13, 61, 5),
(7652, 403, 14, 66, 5),
(7653, 403, 15, 71, 5),
(7654, 403, 16, 76, 5),
(7655, 403, 17, 81, 1),
(7656, 403, 18, 83, 1),
(7657, 403, 19, 89, 2),
(7658, 404, 1, 3, 3),
(7659, 404, 2, 7, 4),
(7660, 404, 3, 13, 3),
(7661, 404, 4, 17, 4),
(7662, 404, 5, 23, 3),
(7663, 404, 6, 28, 3),
(7664, 404, 7, 33, 3),
(7665, 404, 8, 38, 3),
(7666, 404, 9, 42, 4),
(7667, 404, 10, 48, 3),
(7668, 404, 11, 53, 3),
(7669, 404, 12, 58, 3),
(7670, 404, 13, 62, 4),
(7671, 404, 14, 68, 3),
(7672, 404, 15, 72, 4),
(7673, 404, 16, 77, 4),
(7674, 404, 17, 81, 1),
(7675, 404, 18, 83, 1),
(7676, 404, 19, 90, 1),
(7677, 405, 1, 2, 4),
(7678, 405, 2, 7, 4),
(7679, 405, 3, 12, 4),
(7680, 405, 4, 17, 4),
(7681, 405, 5, 22, 4),
(7682, 405, 6, 27, 4),
(7683, 405, 7, 32, 4),
(7684, 405, 8, 37, 4),
(7685, 405, 9, 42, 4),
(7686, 405, 10, 47, 4),
(7687, 405, 11, 52, 4),
(7688, 405, 12, 57, 4),
(7689, 405, 13, 62, 4),
(7690, 405, 14, 67, 4),
(7691, 405, 15, 72, 4),
(7692, 405, 16, 77, 4),
(7693, 405, 17, 81, 1),
(7694, 406, 1, 1, 5),
(7695, 406, 2, 6, 5),
(7696, 406, 3, 11, 5),
(7697, 406, 4, 16, 5),
(7698, 406, 5, 21, 5),
(7699, 406, 6, 26, 5),
(7700, 406, 7, 31, 5),
(7701, 406, 8, 36, 5),
(7702, 406, 9, 41, 5),
(7703, 406, 10, 46, 5),
(7704, 406, 11, 52, 4),
(7705, 406, 12, 57, 4),
(7706, 406, 13, 61, 5),
(7707, 406, 14, 66, 5),
(7708, 406, 15, 71, 5),
(7709, 406, 16, 76, 5),
(7710, 406, 17, 81, 1),
(7711, 406, 18, 83, 1),
(7712, 406, 19, 89, 2),
(7713, 407, 1, 2, 4),
(7714, 407, 2, 7, 4),
(7715, 407, 3, 11, 5),
(7716, 407, 4, 17, 4),
(7717, 407, 5, 22, 4),
(7718, 407, 6, 27, 4),
(7719, 407, 7, 31, 5),
(7720, 407, 8, 36, 5),
(7721, 407, 9, 42, 4),
(7722, 407, 10, 47, 4),
(7723, 407, 11, 51, 5),
(7724, 407, 12, 57, 4),
(7725, 407, 13, 62, 4),
(7726, 407, 14, 66, 5),
(7727, 407, 15, 72, 4),
(7728, 407, 16, 77, 4),
(7729, 407, 17, 81, 1),
(7730, 407, 18, 83, 1),
(7731, 407, 19, 89, 2),
(7732, 408, 1, 1, 5),
(7733, 408, 2, 6, 5),
(7734, 408, 3, 11, 5),
(7735, 408, 4, 16, 5),
(7736, 408, 5, 21, 5),
(7737, 408, 6, 26, 5),
(7738, 408, 7, 31, 5),
(7739, 408, 8, 37, 4),
(7740, 408, 9, 41, 5),
(7741, 408, 10, 46, 5),
(7742, 408, 11, 51, 5),
(7743, 408, 12, 56, 5),
(7744, 408, 13, 61, 5),
(7745, 408, 14, 66, 5),
(7746, 408, 15, 71, 5),
(7747, 408, 16, 76, 5),
(7748, 408, 17, 81, 1),
(7749, 408, 18, 83, 1),
(7750, 408, 19, 89, 2),
(7751, 409, 1, 2, 4),
(7752, 409, 2, 7, 4),
(7753, 409, 3, 12, 4),
(7754, 409, 4, 17, 4),
(7755, 409, 5, 22, 4),
(7756, 409, 6, 27, 4),
(7757, 409, 7, 32, 4),
(7758, 409, 8, 37, 4),
(7759, 409, 9, 42, 4),
(7760, 409, 10, 47, 4),
(7761, 409, 11, 52, 4),
(7762, 409, 12, 57, 4),
(7763, 409, 13, 62, 4),
(7764, 409, 14, 67, 4),
(7765, 409, 15, 72, 4),
(7766, 409, 16, 77, 4),
(7767, 409, 17, 81, 1),
(7768, 409, 18, 83, 1),
(7769, 409, 19, 88, 3),
(7770, 410, 1, 1, 5),
(7771, 410, 2, 7, 4),
(7772, 410, 3, 12, 4),
(7773, 410, 4, 18, 3),
(7774, 410, 5, 23, 3),
(7775, 410, 6, 27, 4),
(7776, 410, 7, 32, 4),
(7777, 410, 8, 36, 5),
(7778, 410, 9, 42, 4),
(7779, 410, 10, 47, 4),
(7780, 410, 11, 53, 3),
(7781, 410, 12, 58, 3),
(7782, 410, 13, 62, 4),
(7783, 410, 14, 68, 3),
(7784, 410, 15, 73, 3),
(7785, 410, 16, 76, 5),
(7786, 410, 17, 81, 1),
(7787, 410, 18, 83, 1),
(7788, 410, 19, 88, 3),
(7789, 411, 1, 1, 5),
(7790, 411, 2, 6, 5),
(7791, 411, 3, 11, 5),
(7792, 411, 4, 16, 5),
(7793, 411, 5, 21, 5),
(7794, 411, 6, 26, 5),
(7795, 411, 7, 31, 5),
(7796, 411, 8, 36, 5),
(7797, 411, 9, 41, 5),
(7798, 411, 10, 46, 5),
(7799, 411, 11, 51, 5),
(7800, 411, 12, 56, 5),
(7801, 411, 13, 61, 5),
(7802, 411, 14, 66, 5),
(7803, 411, 15, 71, 5),
(7804, 411, 16, 76, 5),
(7805, 411, 17, 81, 1),
(7806, 411, 18, 83, 1),
(7807, 411, 19, 89, 2),
(7808, 412, 1, 3, 3),
(7809, 412, 2, 7, 4),
(7810, 412, 3, 13, 3),
(7811, 412, 4, 17, 4),
(7812, 412, 5, 23, 3),
(7813, 412, 6, 28, 3),
(7814, 412, 7, 33, 3),
(7815, 412, 8, 38, 3),
(7816, 412, 9, 42, 4),
(7817, 412, 10, 48, 3),
(7818, 412, 11, 53, 3),
(7819, 412, 12, 58, 3),
(7820, 412, 13, 62, 4),
(7821, 412, 14, 68, 3),
(7822, 412, 15, 72, 4),
(7823, 412, 16, 77, 4),
(7824, 412, 17, 81, 1),
(7825, 412, 18, 83, 1),
(7826, 412, 19, 90, 1),
(7827, 413, 1, 2, 4),
(7828, 413, 2, 7, 4),
(7829, 413, 3, 12, 4),
(7830, 413, 4, 17, 4),
(7831, 413, 5, 22, 4),
(7832, 413, 6, 27, 4),
(7833, 413, 7, 32, 4),
(7834, 413, 8, 37, 4),
(7835, 413, 9, 42, 4),
(7836, 413, 10, 47, 4),
(7837, 413, 11, 52, 4),
(7838, 413, 12, 57, 4),
(7839, 413, 13, 62, 4),
(7840, 413, 14, 67, 4),
(7841, 413, 15, 72, 4),
(7842, 413, 16, 77, 4),
(7843, 413, 17, 81, 1),
(7844, 413, 18, 83, 1),
(7845, 413, 19, 90, 1),
(7846, 414, 1, 1, 5),
(7847, 414, 2, 6, 5),
(7848, 414, 3, 12, 4),
(7849, 414, 4, 16, 5),
(7850, 414, 5, 21, 5),
(7851, 414, 6, 26, 5),
(7852, 414, 7, 31, 5),
(7853, 414, 8, 36, 5),
(7854, 414, 9, 42, 4),
(7855, 414, 10, 46, 5),
(7856, 414, 11, 51, 5),
(7857, 414, 12, 57, 4),
(7858, 414, 13, 62, 4),
(7859, 414, 14, 66, 5),
(7860, 414, 15, 71, 5),
(7861, 414, 16, 76, 5),
(7862, 414, 17, 81, 1),
(7863, 414, 18, 83, 1),
(7864, 414, 19, 88, 3),
(7865, 415, 1, 1, 5),
(7866, 415, 2, 6, 5),
(7867, 415, 3, 11, 5),
(7868, 415, 4, 16, 5),
(7869, 415, 5, 21, 5),
(7870, 415, 6, 26, 5),
(7871, 415, 7, 31, 5),
(7872, 415, 8, 36, 5),
(7873, 415, 9, 41, 5),
(7874, 415, 10, 46, 5),
(7875, 415, 11, 51, 5),
(7876, 415, 12, 56, 5),
(7877, 415, 13, 61, 5),
(7878, 415, 14, 66, 5),
(7879, 415, 15, 71, 5),
(7880, 415, 16, 76, 5),
(7881, 415, 17, 81, 1),
(7882, 415, 18, 83, 1),
(7883, 415, 19, 90, 1),
(7884, 416, 1, 1, 5),
(7885, 416, 2, 6, 5),
(7886, 416, 3, 11, 5),
(7887, 416, 4, 16, 5),
(7888, 416, 5, 21, 5),
(7889, 416, 6, 26, 5),
(7890, 416, 7, 31, 5),
(7891, 416, 8, 36, 5),
(7892, 416, 9, 41, 5),
(7893, 416, 10, 46, 5),
(7894, 416, 11, 52, 4),
(7895, 416, 12, 57, 4),
(7896, 416, 13, 61, 5),
(7897, 416, 14, 66, 5),
(7898, 416, 15, 71, 5),
(7899, 416, 16, 76, 5),
(7900, 416, 17, 81, 1),
(7901, 416, 18, 83, 1),
(7902, 416, 19, 89, 2),
(7903, 417, 1, 2, 4),
(7904, 417, 2, 7, 4),
(7905, 417, 3, 11, 5),
(7906, 417, 4, 17, 4),
(7907, 417, 5, 22, 4),
(7908, 417, 6, 27, 4),
(7909, 417, 7, 31, 5),
(7910, 417, 8, 36, 5),
(7911, 417, 9, 42, 4),
(7912, 417, 10, 47, 4),
(7913, 417, 11, 51, 5),
(7914, 417, 12, 57, 4),
(7915, 417, 13, 62, 4),
(7916, 417, 14, 66, 5),
(7917, 417, 15, 72, 4),
(7918, 417, 16, 77, 4),
(7919, 417, 17, 81, 1),
(7920, 417, 18, 83, 1),
(7921, 417, 19, 89, 2),
(7922, 418, 1, 1, 5),
(7923, 418, 2, 6, 5),
(7924, 418, 3, 11, 5),
(7925, 418, 4, 16, 5),
(7926, 418, 5, 21, 5),
(7927, 418, 6, 26, 5),
(7928, 418, 7, 31, 5),
(7929, 418, 8, 37, 4),
(7930, 418, 9, 41, 5),
(7931, 418, 10, 46, 5),
(7932, 418, 11, 51, 5),
(7933, 418, 12, 56, 5),
(7934, 418, 13, 61, 5),
(7935, 418, 14, 66, 5),
(7936, 418, 15, 71, 5),
(7937, 418, 16, 76, 5),
(7938, 418, 17, 81, 1),
(7939, 418, 18, 83, 1),
(7940, 418, 19, 89, 2),
(7941, 419, 1, 2, 4),
(7942, 419, 2, 7, 4),
(7943, 419, 3, 12, 4),
(7944, 419, 4, 17, 4),
(7945, 419, 5, 22, 4),
(7946, 419, 6, 27, 4),
(7947, 419, 7, 32, 4),
(7948, 419, 8, 37, 4),
(7949, 419, 9, 42, 4),
(7950, 419, 10, 47, 4),
(7951, 419, 11, 52, 4),
(7952, 419, 12, 57, 4),
(7953, 419, 13, 62, 4),
(7954, 419, 14, 67, 4),
(7955, 419, 15, 72, 4),
(7956, 419, 16, 77, 4),
(7957, 419, 17, 81, 1),
(7958, 419, 18, 83, 1),
(7959, 419, 19, 88, 3),
(7960, 420, 1, 1, 5),
(7961, 420, 2, 7, 4),
(7962, 420, 3, 12, 4),
(7963, 420, 4, 18, 3),
(7964, 420, 5, 23, 3),
(7965, 420, 6, 27, 4),
(7966, 420, 7, 32, 4),
(7967, 420, 8, 36, 5),
(7968, 420, 9, 42, 4),
(7969, 420, 10, 47, 4),
(7970, 420, 11, 53, 3),
(7971, 420, 12, 58, 3),
(7972, 420, 13, 62, 4),
(7973, 420, 14, 68, 3),
(7974, 420, 15, 73, 3),
(7975, 420, 16, 76, 5),
(7976, 420, 17, 81, 1),
(7977, 420, 18, 83, 1),
(7978, 420, 19, 88, 3),
(7979, 421, 1, 1, 5),
(7980, 421, 2, 6, 5),
(7981, 421, 3, 11, 5),
(7982, 421, 4, 16, 5),
(7983, 421, 5, 21, 5),
(7984, 421, 6, 26, 5),
(7985, 421, 7, 31, 5),
(7986, 421, 8, 36, 5),
(7987, 421, 9, 41, 5),
(7988, 421, 10, 46, 5),
(7989, 421, 11, 51, 5),
(7990, 421, 12, 56, 5),
(7991, 421, 13, 61, 5),
(7992, 421, 14, 66, 5),
(7993, 421, 15, 71, 5),
(7994, 421, 16, 76, 5),
(7995, 421, 17, 81, 1),
(7996, 421, 18, 83, 1),
(7997, 421, 19, 89, 2),
(7998, 422, 1, 3, 3),
(7999, 422, 2, 7, 4),
(8000, 422, 3, 13, 3),
(8001, 422, 4, 17, 4),
(8002, 422, 5, 23, 3),
(8003, 422, 6, 28, 3),
(8004, 422, 7, 33, 3),
(8005, 422, 8, 38, 3),
(8006, 422, 9, 42, 4),
(8007, 422, 10, 48, 3),
(8008, 422, 11, 53, 3),
(8009, 422, 12, 58, 3),
(8010, 422, 13, 62, 4),
(8011, 422, 14, 68, 3),
(8012, 422, 15, 72, 4),
(8013, 422, 16, 77, 4),
(8014, 422, 17, 81, 1),
(8015, 422, 18, 83, 1),
(8016, 422, 19, 90, 1),
(8017, 423, 1, 2, 4),
(8018, 423, 2, 7, 4),
(8019, 423, 3, 12, 4),
(8020, 423, 4, 17, 4),
(8021, 423, 5, 22, 4),
(8022, 423, 6, 27, 4),
(8023, 423, 7, 32, 4),
(8024, 423, 8, 37, 4),
(8025, 423, 9, 42, 4),
(8026, 423, 10, 47, 4),
(8027, 423, 11, 52, 4),
(8028, 423, 12, 57, 4),
(8029, 423, 13, 62, 4),
(8030, 423, 14, 67, 4),
(8031, 423, 15, 72, 4),
(8032, 423, 16, 77, 4),
(8033, 423, 17, 81, 1),
(8034, 423, 18, 83, 1),
(8035, 423, 19, 90, 1),
(8036, 424, 1, 1, 5),
(8037, 424, 2, 6, 5),
(8038, 424, 3, 12, 4),
(8039, 424, 4, 16, 5),
(8040, 424, 5, 21, 5),
(8041, 424, 6, 26, 5),
(8042, 424, 7, 31, 5),
(8043, 424, 8, 36, 5),
(8044, 424, 9, 42, 4),
(8045, 424, 10, 46, 5),
(8046, 424, 11, 51, 5),
(8047, 424, 12, 57, 4),
(8048, 424, 13, 62, 4),
(8049, 424, 14, 66, 5),
(8050, 424, 15, 71, 5),
(8051, 424, 16, 76, 5),
(8052, 424, 17, 81, 1),
(8053, 424, 18, 83, 1),
(8054, 424, 19, 88, 3),
(8055, 425, 1, 1, 5),
(8056, 425, 2, 6, 5),
(8057, 425, 3, 11, 5),
(8058, 425, 4, 16, 5),
(8059, 425, 5, 21, 5),
(8060, 425, 6, 26, 5),
(8061, 425, 7, 31, 5),
(8062, 425, 8, 36, 5),
(8063, 425, 9, 41, 5),
(8064, 425, 10, 46, 5),
(8065, 425, 11, 51, 5),
(8066, 425, 12, 56, 5),
(8067, 425, 13, 61, 5),
(8068, 425, 14, 66, 5),
(8069, 425, 15, 71, 5),
(8070, 425, 16, 76, 5),
(8071, 425, 17, 81, 1),
(8072, 425, 18, 83, 1),
(8073, 425, 19, 90, 1),
(8074, 426, 1, 1, 5),
(8075, 426, 2, 6, 5),
(8076, 426, 3, 11, 5),
(8077, 426, 4, 16, 5),
(8078, 426, 5, 21, 5),
(8079, 426, 6, 26, 5),
(8080, 426, 7, 31, 5),
(8081, 426, 8, 36, 5),
(8082, 426, 9, 41, 5),
(8083, 426, 10, 46, 5),
(8084, 426, 11, 52, 4),
(8085, 426, 12, 57, 4),
(8086, 426, 13, 61, 5),
(8087, 426, 14, 66, 5),
(8088, 426, 15, 71, 5),
(8089, 426, 16, 76, 5),
(8090, 426, 17, 81, 1),
(8091, 426, 18, 83, 1),
(8092, 426, 19, 89, 2),
(8093, 427, 1, 2, 4),
(8094, 427, 2, 7, 4),
(8095, 427, 3, 11, 5),
(8096, 427, 4, 17, 4),
(8097, 427, 5, 22, 4),
(8098, 427, 6, 27, 4),
(8099, 427, 7, 31, 5),
(8100, 427, 8, 36, 5),
(8101, 427, 9, 42, 4),
(8102, 427, 10, 47, 4),
(8103, 427, 11, 51, 5),
(8104, 427, 12, 57, 4),
(8105, 427, 13, 62, 4),
(8106, 427, 14, 66, 5),
(8107, 427, 15, 72, 4),
(8108, 427, 16, 77, 4),
(8109, 427, 17, 81, 1),
(8110, 427, 18, 83, 1),
(8111, 427, 19, 89, 2),
(8112, 428, 1, 1, 5),
(8113, 428, 2, 6, 5),
(8114, 428, 3, 11, 5),
(8115, 428, 4, 16, 5),
(8116, 428, 5, 21, 5),
(8117, 428, 6, 26, 5),
(8118, 428, 7, 31, 5),
(8119, 428, 8, 37, 4),
(8120, 428, 9, 41, 5),
(8121, 428, 10, 46, 5),
(8122, 428, 11, 51, 5),
(8123, 428, 12, 56, 5),
(8124, 428, 13, 61, 5),
(8125, 428, 14, 66, 5),
(8126, 428, 15, 71, 5),
(8127, 428, 16, 76, 5),
(8128, 428, 17, 81, 1),
(8129, 428, 18, 83, 1),
(8130, 428, 19, 89, 2),
(8131, 429, 1, 2, 4),
(8132, 429, 2, 7, 4),
(8133, 429, 3, 12, 4),
(8134, 429, 4, 17, 4),
(8135, 429, 5, 22, 4),
(8136, 429, 6, 27, 4),
(8137, 429, 7, 32, 4),
(8138, 429, 8, 37, 4),
(8139, 429, 9, 42, 4),
(8140, 429, 10, 47, 4),
(8141, 429, 11, 52, 4),
(8142, 429, 12, 57, 4),
(8143, 429, 13, 62, 4),
(8144, 429, 14, 67, 4),
(8145, 429, 15, 72, 4),
(8146, 429, 16, 77, 4),
(8147, 429, 17, 81, 1),
(8148, 429, 18, 83, 1),
(8149, 429, 19, 88, 3),
(8150, 430, 1, 1, 5),
(8151, 430, 2, 7, 4),
(8152, 430, 3, 12, 4),
(8153, 430, 4, 18, 3),
(8154, 430, 5, 23, 3),
(8155, 430, 6, 27, 4),
(8156, 430, 7, 32, 4),
(8157, 430, 8, 36, 5),
(8158, 430, 9, 42, 4),
(8159, 430, 10, 47, 4),
(8160, 430, 11, 53, 3),
(8161, 430, 12, 58, 3);
INSERT INTO `chitietkhaosatphieu` (`MaChiTietKhaoSatPhieu`, `MaPhieuKhaoSat`, `MaTieuChiDanhGia`, `MaHinhThucPhanLoai`, `DiemSo`) VALUES
(8162, 430, 13, 62, 4),
(8163, 430, 14, 68, 3),
(8164, 430, 15, 73, 3),
(8165, 430, 16, 76, 5),
(8166, 430, 17, 81, 1),
(8167, 430, 18, 83, 1),
(8168, 430, 19, 88, 3),
(8169, 431, 1, 1, 5),
(8170, 431, 2, 6, 5),
(8171, 431, 3, 11, 5),
(8172, 431, 4, 16, 5),
(8173, 431, 5, 21, 5),
(8174, 431, 6, 26, 5),
(8175, 431, 7, 31, 5),
(8176, 431, 8, 36, 5),
(8177, 431, 9, 41, 5),
(8178, 431, 10, 46, 5),
(8179, 431, 11, 51, 5),
(8180, 431, 12, 56, 5),
(8181, 431, 13, 61, 5),
(8182, 431, 14, 66, 5),
(8183, 431, 15, 71, 5),
(8184, 431, 16, 76, 5),
(8185, 431, 17, 81, 1),
(8186, 431, 18, 83, 1),
(8187, 431, 19, 89, 2),
(8188, 432, 1, 3, 3),
(8189, 432, 2, 7, 4),
(8190, 432, 3, 13, 3),
(8191, 432, 4, 17, 4),
(8192, 432, 5, 23, 3),
(8193, 432, 6, 28, 3),
(8194, 432, 7, 33, 3),
(8195, 432, 8, 38, 3),
(8196, 432, 9, 42, 4),
(8197, 432, 10, 48, 3),
(8198, 432, 11, 53, 3),
(8199, 432, 12, 58, 3),
(8200, 432, 13, 62, 4),
(8201, 432, 14, 68, 3),
(8202, 432, 15, 72, 4),
(8203, 432, 16, 77, 4),
(8204, 432, 17, 81, 1),
(8205, 432, 18, 83, 1),
(8206, 432, 19, 90, 1),
(8207, 433, 1, 2, 4),
(8208, 433, 2, 7, 4),
(8209, 433, 3, 12, 4),
(8210, 433, 4, 17, 4),
(8211, 433, 5, 22, 4),
(8212, 433, 6, 27, 4),
(8213, 433, 7, 32, 4),
(8214, 433, 8, 37, 4),
(8215, 433, 9, 42, 4),
(8216, 433, 10, 47, 4),
(8217, 433, 11, 52, 4),
(8218, 433, 12, 57, 4),
(8219, 433, 13, 62, 4),
(8220, 433, 14, 67, 4),
(8221, 433, 15, 72, 4),
(8222, 433, 16, 77, 4),
(8223, 433, 17, 81, 1),
(8224, 433, 18, 83, 1),
(8225, 433, 19, 90, 1),
(8226, 434, 1, 1, 5),
(8227, 434, 2, 6, 5),
(8228, 434, 3, 12, 4),
(8229, 434, 4, 16, 5),
(8230, 434, 5, 21, 5),
(8231, 434, 6, 26, 5),
(8232, 434, 7, 31, 5),
(8233, 434, 8, 36, 5),
(8234, 434, 9, 42, 4),
(8235, 434, 10, 46, 5),
(8236, 434, 11, 51, 5),
(8237, 434, 12, 57, 4),
(8238, 434, 13, 62, 4),
(8239, 434, 14, 66, 5),
(8240, 434, 15, 71, 5),
(8241, 434, 16, 76, 5),
(8242, 434, 17, 81, 1),
(8243, 434, 18, 83, 1),
(8244, 434, 19, 88, 3),
(8245, 435, 1, 1, 5),
(8246, 435, 2, 6, 5),
(8247, 435, 3, 11, 5),
(8248, 435, 4, 16, 5),
(8249, 435, 5, 21, 5),
(8250, 435, 6, 26, 5),
(8251, 435, 7, 31, 5),
(8252, 435, 8, 36, 5),
(8253, 435, 9, 41, 5),
(8254, 435, 10, 46, 5),
(8255, 435, 11, 51, 5),
(8256, 435, 12, 56, 5),
(8257, 435, 13, 61, 5),
(8258, 435, 14, 66, 5),
(8259, 435, 15, 71, 5),
(8260, 435, 16, 76, 5),
(8261, 435, 17, 81, 1),
(8262, 435, 18, 83, 1),
(8263, 435, 19, 90, 1),
(8264, 436, 1, 1, 5),
(8265, 436, 2, 6, 5),
(8266, 436, 3, 11, 5),
(8267, 436, 4, 16, 5),
(8268, 436, 5, 21, 5),
(8269, 436, 6, 26, 5),
(8270, 436, 7, 31, 5),
(8271, 436, 8, 36, 5),
(8272, 436, 9, 41, 5),
(8273, 436, 10, 46, 5),
(8274, 436, 11, 52, 4),
(8275, 436, 12, 57, 4),
(8276, 436, 13, 61, 5),
(8277, 436, 14, 66, 5),
(8278, 436, 15, 71, 5),
(8279, 436, 16, 76, 5),
(8280, 436, 17, 81, 1),
(8281, 436, 18, 83, 1),
(8282, 436, 19, 89, 2),
(8283, 437, 1, 2, 4),
(8284, 437, 2, 7, 4),
(8285, 437, 3, 11, 5),
(8286, 437, 4, 17, 4),
(8287, 437, 5, 22, 4),
(8288, 437, 6, 27, 4),
(8289, 437, 7, 31, 5),
(8290, 437, 8, 36, 5),
(8291, 437, 9, 42, 4),
(8292, 437, 10, 47, 4),
(8293, 437, 11, 51, 5),
(8294, 437, 12, 57, 4),
(8295, 437, 13, 62, 4),
(8296, 437, 14, 66, 5),
(8297, 437, 15, 72, 4),
(8298, 437, 16, 77, 4),
(8299, 437, 17, 81, 1),
(8300, 437, 18, 83, 1),
(8301, 437, 19, 89, 2),
(8302, 438, 1, 1, 5),
(8303, 438, 2, 6, 5),
(8304, 438, 3, 11, 5),
(8305, 438, 4, 16, 5),
(8306, 438, 5, 21, 5),
(8307, 438, 6, 26, 5),
(8308, 438, 7, 31, 5),
(8309, 438, 8, 37, 4),
(8310, 438, 9, 41, 5),
(8311, 438, 10, 46, 5),
(8312, 438, 11, 51, 5),
(8313, 438, 12, 56, 5),
(8314, 438, 13, 61, 5),
(8315, 438, 14, 66, 5),
(8316, 438, 15, 71, 5),
(8317, 438, 16, 76, 5),
(8318, 438, 17, 81, 1),
(8319, 438, 18, 83, 1),
(8320, 438, 19, 89, 2),
(8321, 439, 1, 2, 4),
(8322, 439, 2, 7, 4),
(8323, 439, 3, 12, 4),
(8324, 439, 4, 17, 4),
(8325, 439, 5, 22, 4),
(8326, 439, 6, 27, 4),
(8327, 439, 7, 32, 4),
(8328, 439, 8, 37, 4),
(8329, 439, 9, 42, 4),
(8330, 439, 10, 47, 4),
(8331, 439, 11, 52, 4),
(8332, 439, 12, 57, 4),
(8333, 439, 13, 62, 4),
(8334, 439, 14, 67, 4),
(8335, 439, 15, 72, 4),
(8336, 439, 16, 77, 4),
(8337, 439, 17, 81, 1),
(8338, 439, 18, 83, 1),
(8339, 439, 19, 88, 3),
(8340, 440, 1, 1, 5),
(8341, 440, 2, 7, 4),
(8342, 440, 3, 12, 4),
(8343, 440, 4, 18, 3),
(8344, 440, 5, 23, 3),
(8345, 440, 6, 27, 4),
(8346, 440, 7, 32, 4),
(8347, 440, 8, 36, 5),
(8348, 440, 9, 42, 4),
(8349, 440, 10, 47, 4),
(8350, 440, 11, 53, 3),
(8351, 440, 12, 58, 3),
(8352, 440, 13, 62, 4),
(8353, 440, 14, 68, 3),
(8354, 440, 15, 73, 3),
(8355, 440, 16, 76, 5),
(8356, 440, 17, 81, 1),
(8357, 440, 18, 83, 1),
(8358, 440, 19, 88, 3),
(8359, 441, 1, 1, 5),
(8360, 441, 2, 6, 5),
(8361, 441, 3, 11, 5),
(8362, 441, 4, 16, 5),
(8363, 441, 5, 21, 5),
(8364, 441, 6, 26, 5),
(8365, 441, 7, 31, 5),
(8366, 441, 8, 36, 5),
(8367, 441, 9, 41, 5),
(8368, 441, 10, 46, 5),
(8369, 441, 11, 51, 5),
(8370, 441, 12, 56, 5),
(8371, 441, 13, 61, 5),
(8372, 441, 14, 66, 5),
(8373, 441, 15, 71, 5),
(8374, 441, 16, 76, 5),
(8375, 441, 17, 81, 1),
(8376, 441, 18, 83, 1),
(8377, 441, 19, 89, 2),
(8378, 442, 1, 3, 3),
(8379, 442, 2, 7, 4),
(8380, 442, 3, 13, 3),
(8381, 442, 4, 17, 4),
(8382, 442, 5, 23, 3),
(8383, 442, 6, 28, 3),
(8384, 442, 7, 33, 3),
(8385, 442, 8, 38, 3),
(8386, 442, 9, 42, 4),
(8387, 442, 10, 48, 3),
(8388, 442, 11, 53, 3),
(8389, 442, 12, 58, 3),
(8390, 442, 13, 62, 4),
(8391, 442, 14, 68, 3),
(8392, 442, 15, 72, 4),
(8393, 442, 16, 77, 4),
(8394, 442, 17, 81, 1),
(8395, 442, 18, 83, 1),
(8396, 442, 19, 90, 1),
(8397, 443, 1, 2, 4),
(8398, 443, 2, 7, 4),
(8399, 443, 3, 12, 4),
(8400, 443, 4, 17, 4),
(8401, 443, 5, 22, 4),
(8402, 443, 6, 27, 4),
(8403, 443, 7, 32, 4),
(8404, 443, 8, 37, 4),
(8405, 443, 9, 42, 4),
(8406, 443, 10, 47, 4),
(8407, 443, 11, 52, 4),
(8408, 443, 12, 57, 4),
(8409, 443, 13, 62, 4),
(8410, 443, 14, 67, 4),
(8411, 443, 15, 72, 4),
(8412, 443, 16, 77, 4),
(8413, 443, 17, 81, 1),
(8414, 443, 18, 83, 1),
(8415, 443, 19, 90, 1),
(8416, 444, 1, 1, 5),
(8417, 444, 2, 6, 5),
(8418, 444, 3, 12, 4),
(8419, 444, 4, 16, 5),
(8420, 444, 5, 21, 5),
(8421, 444, 6, 26, 5),
(8422, 444, 7, 31, 5),
(8423, 444, 8, 36, 5),
(8424, 444, 9, 42, 4),
(8425, 444, 10, 46, 5),
(8426, 444, 11, 51, 5),
(8427, 444, 12, 57, 4),
(8428, 444, 13, 62, 4),
(8429, 444, 14, 66, 5),
(8430, 444, 15, 71, 5),
(8431, 444, 16, 76, 5),
(8432, 444, 17, 81, 1),
(8433, 444, 18, 83, 1),
(8434, 444, 19, 88, 3),
(8435, 445, 1, 1, 5),
(8436, 445, 2, 6, 5),
(8437, 445, 3, 11, 5),
(8438, 445, 4, 16, 5),
(8439, 445, 5, 21, 5),
(8440, 445, 6, 26, 5),
(8441, 445, 7, 31, 5),
(8442, 445, 8, 36, 5),
(8443, 445, 9, 41, 5),
(8444, 445, 10, 46, 5),
(8445, 445, 11, 51, 5),
(8446, 445, 12, 56, 5),
(8447, 445, 13, 61, 5),
(8448, 445, 14, 66, 5),
(8449, 445, 15, 71, 5),
(8450, 445, 16, 76, 5),
(8451, 445, 17, 81, 1),
(8452, 445, 18, 83, 1),
(8453, 445, 19, 90, 1),
(8454, 446, 1, 1, 5),
(8455, 446, 2, 6, 5),
(8456, 446, 3, 11, 5),
(8457, 446, 4, 16, 5),
(8458, 446, 5, 21, 5),
(8459, 446, 6, 26, 5),
(8460, 446, 7, 31, 5),
(8461, 446, 8, 36, 5),
(8462, 446, 9, 41, 5),
(8463, 446, 10, 46, 5),
(8464, 446, 11, 52, 4),
(8465, 446, 12, 57, 4),
(8466, 446, 13, 61, 5),
(8467, 446, 14, 66, 5),
(8468, 446, 15, 71, 5),
(8469, 446, 16, 76, 5),
(8470, 446, 17, 81, 1),
(8471, 446, 18, 83, 1),
(8472, 446, 19, 89, 2),
(8473, 447, 1, 2, 4),
(8474, 447, 2, 7, 4),
(8475, 447, 3, 11, 5),
(8476, 447, 4, 17, 4),
(8477, 447, 5, 22, 4),
(8478, 447, 6, 27, 4),
(8479, 447, 7, 31, 5),
(8480, 447, 8, 36, 5),
(8481, 447, 9, 42, 4),
(8482, 447, 10, 47, 4),
(8483, 447, 11, 51, 5),
(8484, 447, 12, 57, 4),
(8485, 447, 13, 62, 4),
(8486, 447, 14, 66, 5),
(8487, 447, 15, 72, 4),
(8488, 447, 16, 77, 4),
(8489, 447, 17, 81, 1),
(8490, 447, 18, 83, 1),
(8491, 447, 19, 89, 2),
(8492, 448, 1, 1, 5),
(8493, 448, 2, 6, 5),
(8494, 448, 3, 11, 5),
(8495, 448, 4, 16, 5),
(8496, 448, 5, 21, 5),
(8497, 448, 6, 26, 5),
(8498, 448, 7, 31, 5),
(8499, 448, 8, 37, 4),
(8500, 448, 9, 41, 5),
(8501, 448, 10, 46, 5),
(8502, 448, 11, 51, 5),
(8503, 448, 12, 56, 5),
(8504, 448, 13, 61, 5),
(8505, 448, 14, 66, 5),
(8506, 448, 15, 71, 5),
(8507, 448, 16, 76, 5),
(8508, 448, 17, 81, 1),
(8509, 448, 18, 83, 1),
(8510, 448, 19, 89, 2),
(8511, 449, 1, 2, 4),
(8512, 449, 2, 7, 4),
(8513, 449, 3, 12, 4),
(8514, 449, 4, 17, 4),
(8515, 449, 5, 22, 4),
(8516, 449, 6, 27, 4),
(8517, 449, 7, 32, 4),
(8518, 449, 8, 37, 4),
(8519, 449, 9, 42, 4),
(8520, 449, 10, 47, 4),
(8521, 449, 11, 52, 4),
(8522, 449, 12, 57, 4),
(8523, 449, 13, 62, 4),
(8524, 449, 14, 67, 4),
(8525, 449, 15, 72, 4),
(8526, 449, 16, 77, 4),
(8527, 449, 17, 81, 1),
(8528, 449, 18, 83, 1),
(8529, 449, 19, 88, 3),
(8530, 450, 1, 1, 5),
(8531, 450, 2, 7, 4),
(8532, 450, 3, 12, 4),
(8533, 450, 4, 18, 3),
(8534, 450, 5, 23, 3),
(8535, 450, 6, 27, 4),
(8536, 450, 7, 32, 4),
(8537, 450, 8, 36, 5),
(8538, 450, 9, 42, 4),
(8539, 450, 10, 47, 4),
(8540, 450, 11, 53, 3),
(8541, 450, 12, 58, 3),
(8542, 450, 13, 62, 4),
(8543, 450, 14, 68, 3),
(8544, 450, 15, 73, 3),
(8545, 450, 16, 76, 5),
(8546, 450, 17, 81, 1),
(8547, 450, 18, 83, 1),
(8548, 450, 19, 88, 3),
(8549, 451, 1, 1, 5),
(8550, 451, 2, 6, 5),
(8551, 451, 3, 11, 5),
(8552, 451, 4, 16, 5),
(8553, 451, 5, 21, 5),
(8554, 451, 6, 26, 5),
(8555, 451, 7, 31, 5),
(8556, 451, 8, 36, 5),
(8557, 451, 9, 41, 5),
(8558, 451, 10, 46, 5),
(8559, 451, 11, 51, 5),
(8560, 451, 12, 56, 5),
(8561, 451, 13, 61, 5),
(8562, 451, 14, 66, 5),
(8563, 451, 15, 71, 5),
(8564, 451, 16, 76, 5),
(8565, 451, 17, 81, 1),
(8566, 451, 18, 83, 1),
(8567, 451, 19, 89, 2),
(8568, 452, 1, 3, 3),
(8569, 452, 2, 7, 4),
(8570, 452, 3, 13, 3),
(8571, 452, 4, 17, 4),
(8572, 452, 5, 23, 3),
(8573, 452, 6, 28, 3),
(8574, 452, 7, 33, 3),
(8575, 452, 8, 38, 3),
(8576, 452, 9, 42, 4),
(8577, 452, 10, 48, 3),
(8578, 452, 11, 53, 3),
(8579, 452, 12, 58, 3),
(8580, 452, 13, 62, 4),
(8581, 452, 14, 68, 3),
(8582, 452, 15, 72, 4),
(8583, 452, 16, 77, 4),
(8584, 452, 17, 81, 1),
(8585, 452, 18, 83, 1),
(8586, 452, 19, 90, 1),
(8587, 453, 1, 2, 4),
(8588, 453, 2, 7, 4),
(8589, 453, 3, 12, 4),
(8590, 453, 4, 17, 4),
(8591, 453, 5, 22, 4),
(8592, 453, 6, 27, 4),
(8593, 453, 7, 32, 4),
(8594, 453, 8, 37, 4),
(8595, 453, 9, 42, 4),
(8596, 453, 10, 47, 4),
(8597, 453, 11, 52, 4),
(8598, 453, 12, 57, 4),
(8599, 453, 13, 62, 4),
(8600, 453, 14, 67, 4),
(8601, 453, 15, 72, 4),
(8602, 453, 16, 77, 4),
(8603, 453, 17, 81, 1),
(8604, 453, 18, 83, 1),
(8605, 453, 19, 90, 1),
(8606, 454, 1, 1, 5),
(8607, 454, 2, 6, 5),
(8608, 454, 3, 12, 4),
(8609, 454, 4, 16, 5),
(8610, 454, 5, 21, 5),
(8611, 454, 6, 26, 5),
(8612, 454, 7, 31, 5),
(8613, 454, 8, 36, 5),
(8614, 454, 9, 42, 4),
(8615, 454, 10, 46, 5),
(8616, 454, 11, 51, 5),
(8617, 454, 12, 57, 4),
(8618, 454, 13, 62, 4),
(8619, 454, 14, 66, 5),
(8620, 454, 15, 71, 5),
(8621, 454, 16, 76, 5),
(8622, 454, 17, 81, 1),
(8623, 454, 18, 83, 1),
(8624, 454, 19, 88, 3),
(8625, 455, 1, 1, 5),
(8626, 455, 2, 6, 5),
(8627, 455, 3, 11, 5),
(8628, 455, 4, 16, 5),
(8629, 455, 5, 21, 5),
(8630, 455, 6, 26, 5),
(8631, 455, 7, 31, 5),
(8632, 455, 8, 36, 5),
(8633, 455, 9, 41, 5),
(8634, 455, 10, 46, 5),
(8635, 455, 11, 51, 5),
(8636, 455, 12, 56, 5),
(8637, 455, 13, 61, 5),
(8638, 455, 14, 66, 5),
(8639, 455, 15, 71, 5),
(8640, 455, 16, 76, 5),
(8641, 455, 17, 81, 1),
(8642, 455, 18, 83, 1),
(8643, 455, 19, 90, 1),
(8644, 456, 1, 1, 5),
(8645, 456, 2, 6, 5),
(8646, 456, 3, 11, 5),
(8647, 456, 4, 16, 5),
(8648, 456, 5, 21, 5),
(8649, 456, 6, 26, 5),
(8650, 456, 7, 31, 5),
(8651, 456, 8, 36, 5),
(8652, 456, 9, 41, 5),
(8653, 456, 10, 46, 5),
(8654, 456, 11, 52, 4),
(8655, 456, 12, 57, 4),
(8656, 456, 13, 61, 5),
(8657, 456, 14, 66, 5),
(8658, 456, 15, 71, 5),
(8659, 456, 16, 76, 5),
(8660, 456, 17, 81, 1),
(8661, 456, 18, 83, 1),
(8662, 456, 19, 89, 2),
(8663, 457, 1, 2, 4),
(8664, 457, 2, 7, 4),
(8665, 457, 3, 11, 5),
(8666, 457, 4, 17, 4),
(8667, 457, 5, 22, 4),
(8668, 457, 6, 27, 4),
(8669, 457, 7, 31, 5),
(8670, 457, 8, 36, 5),
(8671, 457, 9, 42, 4),
(8672, 457, 10, 47, 4),
(8673, 457, 11, 51, 5),
(8674, 457, 12, 57, 4),
(8675, 457, 13, 62, 4),
(8676, 457, 14, 66, 5),
(8677, 457, 15, 72, 4),
(8678, 457, 16, 77, 4),
(8679, 457, 17, 81, 1),
(8680, 457, 18, 83, 1),
(8681, 457, 19, 89, 2),
(8682, 458, 1, 1, 5),
(8683, 458, 2, 6, 5),
(8684, 458, 3, 11, 5),
(8685, 458, 4, 16, 5),
(8686, 458, 5, 21, 5),
(8687, 458, 6, 26, 5),
(8688, 458, 7, 31, 5),
(8689, 458, 8, 37, 4),
(8690, 458, 9, 41, 5),
(8691, 458, 10, 46, 5),
(8692, 458, 11, 51, 5),
(8693, 458, 12, 56, 5),
(8694, 458, 13, 61, 5),
(8695, 458, 14, 66, 5),
(8696, 458, 15, 71, 5),
(8697, 458, 16, 76, 5),
(8698, 458, 17, 81, 1),
(8699, 458, 18, 83, 1),
(8700, 458, 19, 89, 2),
(8701, 459, 1, 2, 4),
(8702, 459, 2, 7, 4),
(8703, 459, 3, 12, 4),
(8704, 459, 4, 17, 4),
(8705, 459, 5, 22, 4),
(8706, 459, 6, 27, 4),
(8707, 459, 7, 32, 4),
(8708, 459, 8, 37, 4),
(8709, 459, 9, 42, 4),
(8710, 459, 10, 47, 4),
(8711, 459, 11, 52, 4),
(8712, 459, 12, 57, 4),
(8713, 459, 13, 62, 4),
(8714, 459, 14, 67, 4),
(8715, 459, 15, 72, 4),
(8716, 459, 16, 77, 4),
(8717, 459, 17, 81, 1),
(8718, 459, 18, 83, 1),
(8719, 459, 19, 88, 3),
(8720, 460, 1, 1, 5),
(8721, 460, 2, 7, 4),
(8722, 460, 3, 12, 4),
(8723, 460, 4, 18, 3),
(8724, 460, 5, 23, 3),
(8725, 460, 6, 27, 4),
(8726, 460, 7, 32, 4),
(8727, 460, 8, 36, 5),
(8728, 460, 9, 42, 4),
(8729, 460, 10, 47, 4),
(8730, 460, 11, 53, 3),
(8731, 460, 12, 58, 3),
(8732, 460, 13, 62, 4),
(8733, 460, 14, 68, 3),
(8734, 460, 15, 73, 3),
(8735, 460, 16, 76, 5),
(8736, 460, 17, 81, 1),
(8737, 460, 18, 83, 1),
(8738, 460, 19, 88, 3),
(8739, 461, 1, 1, 5),
(8740, 461, 2, 6, 5),
(8741, 461, 3, 11, 5),
(8742, 461, 4, 16, 5),
(8743, 461, 5, 21, 5),
(8744, 461, 6, 26, 5),
(8745, 461, 7, 31, 5),
(8746, 461, 8, 36, 5),
(8747, 461, 9, 41, 5),
(8748, 461, 10, 46, 5),
(8749, 461, 11, 51, 5),
(8750, 461, 12, 56, 5),
(8751, 461, 13, 61, 5),
(8752, 461, 14, 66, 5),
(8753, 461, 15, 71, 5),
(8754, 461, 16, 76, 5),
(8755, 461, 17, 81, 1),
(8756, 461, 18, 83, 1),
(8757, 461, 19, 89, 2),
(8758, 462, 1, 3, 3),
(8759, 462, 2, 7, 4),
(8760, 462, 3, 13, 3),
(8761, 462, 4, 17, 4),
(8762, 462, 5, 23, 3),
(8763, 462, 6, 28, 3),
(8764, 462, 7, 33, 3),
(8765, 462, 8, 38, 3),
(8766, 462, 9, 42, 4),
(8767, 462, 10, 48, 3),
(8768, 462, 11, 53, 3),
(8769, 462, 12, 58, 3),
(8770, 462, 13, 62, 4),
(8771, 462, 14, 68, 3),
(8772, 462, 15, 72, 4),
(8773, 462, 16, 77, 4),
(8774, 462, 17, 81, 1),
(8775, 462, 18, 83, 1),
(8776, 462, 19, 90, 1),
(8777, 463, 1, 2, 4),
(8778, 463, 2, 7, 4),
(8779, 463, 3, 12, 4),
(8780, 463, 4, 17, 4),
(8781, 463, 5, 22, 4),
(8782, 463, 6, 27, 4),
(8783, 463, 7, 32, 4),
(8784, 463, 8, 37, 4),
(8785, 463, 9, 42, 4),
(8786, 463, 10, 47, 4),
(8787, 463, 11, 52, 4),
(8788, 463, 12, 57, 4),
(8789, 463, 13, 62, 4),
(8790, 463, 14, 67, 4),
(8791, 463, 15, 72, 4),
(8792, 463, 16, 77, 4),
(8793, 463, 17, 81, 1),
(8794, 463, 18, 83, 1),
(8795, 463, 19, 90, 1),
(8796, 464, 1, 1, 5),
(8797, 464, 2, 6, 5),
(8798, 464, 3, 12, 4),
(8799, 464, 4, 16, 5),
(8800, 464, 5, 21, 5),
(8801, 464, 6, 26, 5),
(8802, 464, 7, 31, 5),
(8803, 464, 8, 36, 5),
(8804, 464, 9, 42, 4),
(8805, 464, 10, 46, 5),
(8806, 464, 11, 51, 5),
(8807, 464, 12, 57, 4),
(8808, 464, 13, 62, 4),
(8809, 464, 14, 66, 5),
(8810, 464, 15, 71, 5),
(8811, 464, 16, 76, 5),
(8812, 464, 17, 81, 1),
(8813, 464, 18, 83, 1),
(8814, 464, 19, 88, 3),
(8815, 465, 1, 1, 5),
(8816, 465, 2, 6, 5),
(8817, 465, 3, 11, 5),
(8818, 465, 4, 16, 5),
(8819, 465, 5, 21, 5),
(8820, 465, 6, 26, 5),
(8821, 465, 7, 31, 5),
(8822, 465, 8, 36, 5),
(8823, 465, 9, 41, 5),
(8824, 465, 10, 46, 5),
(8825, 465, 11, 51, 5),
(8826, 465, 12, 56, 5),
(8827, 465, 13, 61, 5),
(8828, 465, 14, 66, 5),
(8829, 465, 15, 71, 5),
(8830, 465, 16, 76, 5),
(8831, 465, 17, 81, 1),
(8832, 465, 18, 83, 1),
(8833, 465, 19, 90, 1),
(8834, 466, 1, 1, 5),
(8835, 466, 2, 6, 5),
(8836, 466, 3, 11, 5),
(8837, 466, 4, 16, 5),
(8838, 466, 5, 21, 5),
(8839, 466, 6, 26, 5),
(8840, 466, 7, 31, 5),
(8841, 466, 8, 36, 5),
(8842, 466, 9, 41, 5),
(8843, 466, 10, 46, 5),
(8844, 466, 11, 52, 4),
(8845, 466, 12, 57, 4),
(8846, 466, 13, 61, 5),
(8847, 466, 14, 66, 5),
(8848, 466, 15, 71, 5),
(8849, 466, 16, 76, 5),
(8850, 466, 17, 81, 1),
(8851, 466, 18, 83, 1),
(8852, 466, 19, 89, 2),
(8853, 467, 1, 2, 4),
(8854, 467, 2, 7, 4),
(8855, 467, 3, 11, 5),
(8856, 467, 4, 17, 4),
(8857, 467, 5, 22, 4),
(8858, 467, 6, 27, 4),
(8859, 467, 7, 31, 5),
(8860, 467, 8, 36, 5),
(8861, 467, 9, 42, 4),
(8862, 467, 10, 47, 4),
(8863, 467, 11, 51, 5),
(8864, 467, 12, 57, 4),
(8865, 467, 13, 62, 4),
(8866, 467, 14, 66, 5),
(8867, 467, 15, 72, 4),
(8868, 467, 16, 77, 4),
(8869, 467, 17, 81, 1),
(8870, 467, 18, 83, 1),
(8871, 467, 19, 89, 2),
(8872, 468, 1, 1, 5),
(8873, 468, 2, 6, 5),
(8874, 468, 3, 11, 5),
(8875, 468, 4, 16, 5),
(8876, 468, 5, 21, 5),
(8877, 468, 6, 26, 5),
(8878, 468, 7, 31, 5),
(8879, 468, 8, 37, 4),
(8880, 468, 9, 41, 5),
(8881, 468, 10, 46, 5),
(8882, 468, 11, 51, 5),
(8883, 468, 12, 56, 5),
(8884, 468, 13, 61, 5),
(8885, 468, 14, 66, 5),
(8886, 468, 15, 71, 5),
(8887, 468, 16, 76, 5),
(8888, 468, 17, 81, 1),
(8889, 468, 18, 83, 1),
(8890, 468, 19, 89, 2),
(8891, 469, 1, 2, 4),
(8892, 469, 2, 7, 4),
(8893, 469, 3, 12, 4),
(8894, 469, 4, 17, 4),
(8895, 469, 5, 22, 4),
(8896, 469, 6, 27, 4),
(8897, 469, 7, 32, 4),
(8898, 469, 8, 37, 4),
(8899, 469, 9, 42, 4),
(8900, 469, 10, 47, 4),
(8901, 469, 11, 52, 4),
(8902, 469, 12, 57, 4),
(8903, 469, 13, 62, 4),
(8904, 469, 14, 67, 4),
(8905, 469, 15, 72, 4),
(8906, 469, 16, 77, 4),
(8907, 469, 17, 81, 1),
(8908, 469, 18, 83, 1),
(8909, 469, 19, 88, 3),
(8910, 470, 1, 1, 5),
(8911, 470, 2, 7, 4),
(8912, 470, 3, 12, 4),
(8913, 470, 4, 18, 3),
(8914, 470, 5, 23, 3),
(8915, 470, 6, 27, 4),
(8916, 470, 7, 32, 4),
(8917, 470, 8, 36, 5),
(8918, 470, 9, 42, 4),
(8919, 470, 10, 47, 4),
(8920, 470, 11, 53, 3),
(8921, 470, 12, 58, 3),
(8922, 470, 13, 62, 4),
(8923, 470, 14, 68, 3),
(8924, 470, 15, 73, 3),
(8925, 470, 16, 76, 5),
(8926, 470, 17, 81, 1),
(8927, 470, 18, 83, 1),
(8928, 470, 19, 88, 3),
(8929, 471, 1, 1, 5),
(8930, 471, 2, 6, 5),
(8931, 471, 3, 11, 5),
(8932, 471, 4, 16, 5),
(8933, 471, 5, 21, 5),
(8934, 471, 6, 26, 5),
(8935, 471, 7, 31, 5),
(8936, 471, 8, 36, 5),
(8937, 471, 9, 41, 5),
(8938, 471, 10, 46, 5),
(8939, 471, 11, 51, 5),
(8940, 471, 12, 56, 5),
(8941, 471, 13, 61, 5),
(8942, 471, 14, 66, 5),
(8943, 471, 15, 71, 5),
(8944, 471, 16, 76, 5),
(8945, 471, 17, 81, 1),
(8946, 471, 18, 83, 1),
(8947, 471, 19, 89, 2),
(8948, 472, 1, 3, 3),
(8949, 472, 2, 7, 4),
(8950, 472, 3, 13, 3),
(8951, 472, 4, 17, 4),
(8952, 472, 5, 23, 3),
(8953, 472, 6, 28, 3),
(8954, 472, 7, 33, 3),
(8955, 472, 8, 38, 3),
(8956, 472, 9, 42, 4),
(8957, 472, 10, 48, 3),
(8958, 472, 11, 53, 3),
(8959, 472, 12, 58, 3),
(8960, 472, 13, 62, 4),
(8961, 472, 14, 68, 3),
(8962, 472, 15, 72, 4),
(8963, 472, 16, 77, 4),
(8964, 472, 17, 81, 1),
(8965, 472, 18, 83, 1),
(8966, 472, 19, 90, 1),
(8967, 473, 1, 2, 4),
(8968, 473, 2, 7, 4),
(8969, 473, 3, 12, 4),
(8970, 473, 4, 17, 4),
(8971, 473, 5, 22, 4),
(8972, 473, 6, 27, 4),
(8973, 473, 7, 32, 4),
(8974, 473, 8, 37, 4),
(8975, 473, 9, 42, 4),
(8976, 473, 10, 47, 4),
(8977, 473, 11, 52, 4),
(8978, 473, 12, 57, 4),
(8979, 473, 13, 62, 4),
(8980, 473, 14, 67, 4),
(8981, 473, 15, 72, 4),
(8982, 473, 16, 77, 4),
(8983, 473, 17, 81, 1),
(8984, 473, 18, 83, 1),
(8985, 473, 19, 90, 1),
(8986, 474, 1, 1, 5),
(8987, 474, 2, 6, 5),
(8988, 474, 3, 12, 4),
(8989, 474, 4, 16, 5),
(8990, 474, 5, 21, 5),
(8991, 474, 6, 26, 5),
(8992, 474, 7, 31, 5),
(8993, 474, 8, 36, 5),
(8994, 474, 9, 42, 4),
(8995, 474, 10, 46, 5),
(8996, 474, 11, 51, 5),
(8997, 474, 12, 57, 4),
(8998, 474, 13, 62, 4),
(8999, 474, 14, 66, 5),
(9000, 474, 15, 71, 5),
(9001, 474, 16, 76, 5),
(9002, 474, 17, 81, 1),
(9003, 474, 18, 83, 1),
(9004, 474, 19, 88, 3),
(9005, 475, 1, 1, 5),
(9006, 475, 2, 6, 5),
(9007, 475, 3, 11, 5),
(9008, 475, 4, 16, 5),
(9009, 475, 5, 21, 5),
(9010, 475, 6, 26, 5),
(9011, 475, 7, 31, 5),
(9012, 475, 8, 36, 5),
(9013, 475, 9, 41, 5),
(9014, 475, 10, 46, 5),
(9015, 475, 11, 51, 5),
(9016, 475, 12, 56, 5),
(9017, 475, 13, 61, 5),
(9018, 475, 14, 66, 5),
(9019, 475, 15, 71, 5),
(9020, 475, 16, 76, 5),
(9021, 475, 17, 81, 1),
(9022, 475, 18, 83, 1),
(9023, 475, 19, 90, 1),
(9024, 476, 1, 1, 5),
(9025, 476, 2, 6, 5),
(9026, 476, 3, 11, 5),
(9027, 476, 4, 16, 5),
(9028, 476, 5, 21, 5),
(9029, 476, 6, 26, 5),
(9030, 476, 7, 31, 5),
(9031, 476, 8, 36, 5),
(9032, 476, 9, 41, 5),
(9033, 476, 10, 46, 5),
(9034, 476, 11, 52, 4),
(9035, 476, 12, 57, 4),
(9036, 476, 13, 61, 5),
(9037, 476, 14, 66, 5),
(9038, 476, 15, 71, 5),
(9039, 476, 16, 76, 5),
(9040, 476, 17, 81, 1),
(9041, 476, 18, 83, 1),
(9042, 476, 19, 89, 2),
(9043, 477, 1, 2, 4),
(9044, 477, 2, 7, 4),
(9045, 477, 3, 11, 5),
(9046, 477, 4, 17, 4),
(9047, 477, 5, 22, 4),
(9048, 477, 6, 27, 4),
(9049, 477, 7, 31, 5),
(9050, 477, 8, 36, 5),
(9051, 477, 9, 42, 4),
(9052, 477, 10, 47, 4),
(9053, 477, 11, 51, 5),
(9054, 477, 12, 57, 4),
(9055, 477, 13, 62, 4),
(9056, 477, 14, 66, 5),
(9057, 477, 15, 72, 4),
(9058, 477, 16, 77, 4),
(9059, 477, 17, 81, 1),
(9060, 477, 18, 83, 1),
(9061, 477, 19, 89, 2),
(9062, 478, 1, 1, 5),
(9063, 478, 2, 6, 5),
(9064, 478, 3, 11, 5),
(9065, 478, 4, 16, 5),
(9066, 478, 5, 21, 5),
(9067, 478, 6, 26, 5),
(9068, 478, 7, 31, 5),
(9069, 478, 8, 37, 4),
(9070, 478, 9, 41, 5),
(9071, 478, 10, 46, 5),
(9072, 478, 11, 51, 5),
(9073, 478, 12, 56, 5),
(9074, 478, 13, 61, 5),
(9075, 478, 14, 66, 5),
(9076, 478, 15, 71, 5),
(9077, 478, 16, 76, 5),
(9078, 478, 17, 81, 1),
(9079, 478, 18, 83, 1),
(9080, 478, 19, 89, 2),
(9081, 479, 1, 2, 4),
(9082, 479, 2, 7, 4),
(9083, 479, 3, 12, 4),
(9084, 479, 4, 17, 4),
(9085, 479, 5, 22, 4),
(9086, 479, 6, 27, 4),
(9087, 479, 7, 32, 4),
(9088, 479, 8, 37, 4),
(9089, 479, 9, 42, 4),
(9090, 479, 10, 47, 4),
(9091, 479, 11, 52, 4),
(9092, 479, 12, 57, 4),
(9093, 479, 13, 62, 4),
(9094, 479, 14, 67, 4),
(9095, 479, 15, 72, 4),
(9096, 479, 16, 77, 4),
(9097, 479, 17, 81, 1),
(9098, 479, 18, 83, 1),
(9099, 479, 19, 88, 3),
(9100, 480, 1, 1, 5),
(9101, 480, 2, 7, 4),
(9102, 480, 3, 12, 4),
(9103, 480, 4, 18, 3),
(9104, 480, 5, 23, 3),
(9105, 480, 6, 27, 4),
(9106, 480, 7, 32, 4),
(9107, 480, 8, 36, 5),
(9108, 480, 9, 42, 4),
(9109, 480, 10, 47, 4),
(9110, 480, 11, 53, 3),
(9111, 480, 12, 58, 3),
(9112, 480, 13, 62, 4),
(9113, 480, 14, 68, 3),
(9114, 480, 15, 73, 3),
(9115, 480, 16, 76, 5),
(9116, 480, 17, 81, 1),
(9117, 480, 18, 83, 1),
(9118, 480, 19, 88, 3),
(9119, 481, 1, 1, 5),
(9120, 481, 2, 6, 5),
(9121, 481, 3, 11, 5),
(9122, 481, 4, 16, 5),
(9123, 481, 5, 21, 5),
(9124, 481, 6, 26, 5),
(9125, 481, 7, 31, 5),
(9126, 481, 8, 36, 5),
(9127, 481, 9, 41, 5),
(9128, 481, 10, 46, 5),
(9129, 481, 11, 51, 5),
(9130, 481, 12, 56, 5),
(9131, 481, 13, 61, 5),
(9132, 481, 14, 66, 5),
(9133, 481, 15, 71, 5),
(9134, 481, 16, 76, 5),
(9135, 481, 17, 81, 1),
(9136, 481, 18, 83, 1),
(9137, 481, 19, 89, 2),
(9138, 482, 1, 3, 3),
(9139, 482, 2, 7, 4),
(9140, 482, 3, 13, 3),
(9141, 482, 4, 17, 4),
(9142, 482, 5, 23, 3),
(9143, 482, 6, 28, 3),
(9144, 482, 7, 33, 3),
(9145, 482, 8, 38, 3),
(9146, 482, 9, 42, 4),
(9147, 482, 10, 48, 3),
(9148, 482, 11, 53, 3),
(9149, 482, 12, 58, 3),
(9150, 482, 13, 62, 4),
(9151, 482, 14, 68, 3),
(9152, 482, 15, 72, 4),
(9153, 482, 16, 77, 4),
(9154, 482, 17, 81, 1),
(9155, 482, 18, 83, 1),
(9156, 482, 19, 90, 1),
(9157, 483, 1, 2, 4),
(9158, 483, 2, 7, 4),
(9159, 483, 3, 12, 4),
(9160, 483, 4, 17, 4),
(9161, 483, 5, 22, 4),
(9162, 483, 6, 27, 4),
(9163, 483, 7, 32, 4),
(9164, 483, 8, 37, 4),
(9165, 483, 9, 42, 4),
(9166, 483, 10, 47, 4),
(9167, 483, 11, 52, 4),
(9168, 483, 12, 57, 4),
(9169, 483, 13, 62, 4),
(9170, 483, 14, 67, 4),
(9171, 483, 15, 72, 4),
(9172, 483, 16, 77, 4),
(9173, 483, 17, 81, 1),
(9174, 483, 18, 83, 1),
(9175, 483, 19, 90, 1),
(9176, 484, 1, 1, 5),
(9177, 484, 2, 6, 5),
(9178, 484, 3, 12, 4),
(9179, 484, 4, 16, 5),
(9180, 484, 5, 21, 5),
(9181, 484, 6, 26, 5),
(9182, 484, 7, 31, 5),
(9183, 484, 8, 36, 5),
(9184, 484, 9, 42, 4),
(9185, 484, 10, 46, 5),
(9186, 484, 11, 51, 5),
(9187, 484, 12, 57, 4),
(9188, 484, 13, 62, 4),
(9189, 484, 14, 66, 5),
(9190, 484, 15, 71, 5),
(9191, 484, 16, 76, 5),
(9192, 484, 17, 81, 1),
(9193, 484, 18, 83, 1),
(9194, 484, 19, 88, 3),
(9195, 485, 1, 1, 5),
(9196, 485, 2, 6, 5),
(9197, 485, 3, 11, 5),
(9198, 485, 4, 16, 5),
(9199, 485, 5, 21, 5),
(9200, 485, 6, 26, 5),
(9201, 485, 7, 31, 5),
(9202, 485, 8, 36, 5),
(9203, 485, 9, 41, 5),
(9204, 485, 10, 46, 5),
(9205, 485, 11, 51, 5),
(9206, 485, 12, 56, 5),
(9207, 485, 13, 61, 5),
(9208, 485, 14, 66, 5),
(9209, 485, 15, 71, 5),
(9210, 485, 16, 76, 5),
(9211, 485, 17, 81, 1),
(9212, 485, 18, 83, 1),
(9213, 485, 19, 90, 1),
(9214, 486, 1, 1, 5),
(9215, 486, 2, 6, 5),
(9216, 486, 3, 11, 5),
(9217, 486, 4, 16, 5),
(9218, 486, 5, 21, 5),
(9219, 486, 6, 26, 5),
(9220, 486, 7, 31, 5),
(9221, 486, 8, 36, 5),
(9222, 486, 9, 41, 5),
(9223, 486, 10, 46, 5),
(9224, 486, 11, 52, 4),
(9225, 486, 12, 57, 4),
(9226, 486, 13, 61, 5),
(9227, 486, 14, 66, 5),
(9228, 486, 15, 71, 5),
(9229, 486, 16, 76, 5),
(9230, 486, 17, 81, 1),
(9231, 486, 18, 83, 1),
(9232, 486, 19, 89, 2),
(9233, 487, 1, 2, 4),
(9234, 487, 2, 7, 4),
(9235, 487, 3, 11, 5),
(9236, 487, 4, 17, 4),
(9237, 487, 5, 22, 4),
(9238, 487, 6, 27, 4),
(9239, 487, 7, 31, 5),
(9240, 487, 8, 36, 5),
(9241, 487, 9, 42, 4),
(9242, 487, 10, 47, 4),
(9243, 487, 11, 51, 5),
(9244, 487, 12, 57, 4),
(9245, 487, 13, 62, 4),
(9246, 487, 14, 66, 5),
(9247, 487, 15, 72, 4),
(9248, 487, 16, 77, 4),
(9249, 487, 17, 81, 1),
(9250, 487, 18, 83, 1),
(9251, 487, 19, 89, 2),
(9252, 488, 1, 1, 5),
(9253, 488, 2, 6, 5),
(9254, 488, 3, 11, 5),
(9255, 488, 4, 16, 5),
(9256, 488, 5, 21, 5),
(9257, 488, 6, 26, 5),
(9258, 488, 7, 31, 5),
(9259, 488, 8, 37, 4),
(9260, 488, 9, 41, 5),
(9261, 488, 10, 46, 5),
(9262, 488, 11, 51, 5),
(9263, 488, 12, 56, 5),
(9264, 488, 13, 61, 5),
(9265, 488, 14, 66, 5),
(9266, 488, 15, 71, 5),
(9267, 488, 16, 76, 5),
(9268, 488, 17, 81, 1),
(9269, 488, 18, 83, 1),
(9270, 488, 19, 89, 2),
(9271, 489, 1, 2, 4),
(9272, 489, 2, 7, 4),
(9273, 489, 3, 12, 4),
(9274, 489, 4, 17, 4),
(9275, 489, 5, 22, 4),
(9276, 489, 6, 27, 4),
(9277, 489, 7, 32, 4),
(9278, 489, 8, 37, 4),
(9279, 489, 9, 42, 4),
(9280, 489, 10, 47, 4),
(9281, 489, 11, 52, 4),
(9282, 489, 12, 57, 4),
(9283, 489, 13, 62, 4),
(9284, 489, 14, 67, 4),
(9285, 489, 15, 72, 4),
(9286, 489, 16, 77, 4),
(9287, 489, 17, 81, 1),
(9288, 489, 18, 83, 1),
(9289, 489, 19, 88, 3),
(9290, 490, 1, 1, 5),
(9291, 490, 2, 7, 4),
(9292, 490, 3, 12, 4),
(9293, 490, 4, 18, 3),
(9294, 490, 5, 23, 3),
(9295, 490, 6, 27, 4),
(9296, 490, 7, 32, 4),
(9297, 490, 8, 36, 5),
(9298, 490, 9, 42, 4),
(9299, 490, 10, 47, 4),
(9300, 490, 11, 53, 3),
(9301, 490, 12, 58, 3),
(9302, 490, 13, 62, 4),
(9303, 490, 14, 68, 3),
(9304, 490, 15, 73, 3),
(9305, 490, 16, 76, 5),
(9306, 490, 17, 81, 1),
(9307, 490, 18, 83, 1),
(9308, 490, 19, 88, 3),
(9309, 491, 1, 1, 5),
(9310, 491, 2, 6, 5),
(9311, 491, 3, 11, 5),
(9312, 491, 4, 16, 5),
(9313, 491, 5, 21, 5),
(9314, 491, 6, 26, 5),
(9315, 491, 7, 31, 5),
(9316, 491, 8, 36, 5),
(9317, 491, 9, 41, 5),
(9318, 491, 10, 46, 5),
(9319, 491, 11, 51, 5),
(9320, 491, 12, 56, 5),
(9321, 491, 13, 61, 5),
(9322, 491, 14, 66, 5),
(9323, 491, 15, 71, 5),
(9324, 491, 16, 76, 5),
(9325, 491, 17, 81, 1),
(9326, 491, 18, 83, 1),
(9327, 491, 19, 89, 2),
(9328, 492, 1, 3, 3),
(9329, 492, 2, 7, 4),
(9330, 492, 3, 13, 3),
(9331, 492, 4, 17, 4),
(9332, 492, 5, 23, 3),
(9333, 492, 6, 28, 3),
(9334, 492, 7, 33, 3),
(9335, 492, 8, 38, 3),
(9336, 492, 9, 42, 4),
(9337, 492, 10, 48, 3),
(9338, 492, 11, 53, 3),
(9339, 492, 12, 58, 3),
(9340, 492, 13, 62, 4),
(9341, 492, 14, 68, 3),
(9342, 492, 15, 72, 4),
(9343, 492, 16, 77, 4),
(9344, 492, 17, 81, 1),
(9345, 492, 18, 83, 1),
(9346, 492, 19, 90, 1),
(9347, 493, 1, 2, 4),
(9348, 493, 2, 7, 4),
(9349, 493, 3, 12, 4),
(9350, 493, 4, 17, 4),
(9351, 493, 5, 22, 4),
(9352, 493, 6, 27, 4),
(9353, 493, 7, 32, 4),
(9354, 493, 8, 37, 4),
(9355, 493, 9, 42, 4),
(9356, 493, 10, 47, 4),
(9357, 493, 11, 52, 4),
(9358, 493, 12, 57, 4),
(9359, 493, 13, 62, 4),
(9360, 493, 14, 67, 4),
(9361, 493, 15, 72, 4),
(9362, 493, 16, 77, 4),
(9363, 493, 17, 81, 1),
(9364, 493, 18, 83, 1),
(9365, 493, 19, 90, 1),
(9366, 494, 1, 1, 5),
(9367, 494, 2, 6, 5),
(9368, 494, 3, 12, 4),
(9369, 494, 4, 16, 5),
(9370, 494, 5, 21, 5),
(9371, 494, 6, 26, 5),
(9372, 494, 7, 31, 5),
(9373, 494, 8, 36, 5),
(9374, 494, 9, 42, 4),
(9375, 494, 10, 46, 5),
(9376, 494, 11, 51, 5),
(9377, 494, 12, 57, 4),
(9378, 494, 13, 62, 4),
(9379, 494, 14, 66, 5),
(9380, 494, 15, 71, 5),
(9381, 494, 16, 76, 5),
(9382, 494, 17, 81, 1),
(9383, 494, 18, 83, 1),
(9384, 494, 19, 88, 3),
(9385, 495, 1, 1, 5),
(9386, 495, 2, 6, 5),
(9387, 495, 3, 11, 5),
(9388, 495, 4, 16, 5),
(9389, 495, 5, 21, 5),
(9390, 495, 6, 26, 5),
(9391, 495, 7, 31, 5),
(9392, 495, 8, 36, 5),
(9393, 495, 9, 41, 5),
(9394, 495, 10, 46, 5),
(9395, 495, 11, 51, 5),
(9396, 495, 12, 56, 5),
(9397, 495, 13, 61, 5),
(9398, 495, 14, 66, 5),
(9399, 495, 15, 71, 5),
(9400, 495, 16, 76, 5),
(9401, 495, 17, 81, 1),
(9402, 495, 18, 83, 1),
(9403, 495, 19, 90, 1),
(9404, 496, 1, 1, 5),
(9405, 496, 2, 6, 5),
(9406, 496, 3, 11, 5),
(9407, 496, 4, 16, 5),
(9408, 496, 5, 21, 5),
(9409, 496, 6, 26, 5),
(9410, 496, 7, 31, 5),
(9411, 496, 8, 36, 5),
(9412, 496, 9, 41, 5),
(9413, 496, 10, 46, 5),
(9414, 496, 11, 52, 4),
(9415, 496, 12, 57, 4),
(9416, 496, 13, 61, 5),
(9417, 496, 14, 66, 5),
(9418, 496, 15, 71, 5),
(9419, 496, 16, 76, 5),
(9420, 496, 17, 81, 1),
(9421, 496, 18, 83, 1),
(9422, 496, 19, 89, 2),
(9423, 497, 1, 2, 4),
(9424, 497, 2, 7, 4),
(9425, 497, 3, 11, 5),
(9426, 497, 4, 17, 4),
(9427, 497, 5, 22, 4),
(9428, 497, 6, 27, 4),
(9429, 497, 7, 31, 5),
(9430, 497, 8, 36, 5),
(9431, 497, 9, 42, 4),
(9432, 497, 10, 47, 4),
(9433, 497, 11, 51, 5),
(9434, 497, 12, 57, 4),
(9435, 497, 13, 62, 4),
(9436, 497, 14, 66, 5),
(9437, 497, 15, 72, 4),
(9438, 497, 16, 77, 4),
(9439, 497, 17, 81, 1),
(9440, 497, 18, 83, 1),
(9441, 497, 19, 89, 2),
(9442, 498, 1, 1, 5),
(9443, 498, 2, 6, 5),
(9444, 498, 3, 11, 5),
(9445, 498, 4, 16, 5),
(9446, 498, 5, 21, 5),
(9447, 498, 6, 26, 5),
(9448, 498, 7, 31, 5),
(9449, 498, 8, 37, 4),
(9450, 498, 9, 41, 5),
(9451, 498, 10, 46, 5),
(9452, 498, 11, 51, 5),
(9453, 498, 12, 56, 5),
(9454, 498, 13, 61, 5),
(9455, 498, 14, 66, 5),
(9456, 498, 15, 71, 5),
(9457, 498, 16, 76, 5),
(9458, 498, 17, 81, 1),
(9459, 498, 18, 83, 1),
(9460, 498, 19, 89, 2),
(9461, 499, 1, 2, 4),
(9462, 499, 2, 7, 4),
(9463, 499, 3, 12, 4),
(9464, 499, 4, 17, 4),
(9465, 499, 5, 22, 4),
(9466, 499, 6, 27, 4),
(9467, 499, 7, 32, 4),
(9468, 499, 8, 37, 4),
(9469, 499, 9, 42, 4),
(9470, 499, 10, 47, 4),
(9471, 499, 11, 52, 4),
(9472, 499, 12, 57, 4),
(9473, 499, 13, 62, 4),
(9474, 499, 14, 67, 4),
(9475, 499, 15, 72, 4),
(9476, 499, 16, 77, 4),
(9477, 499, 17, 81, 1),
(9478, 499, 18, 83, 1),
(9479, 499, 19, 88, 3),
(9480, 500, 1, 1, 5),
(9481, 500, 2, 7, 4),
(9482, 500, 3, 12, 4),
(9483, 500, 4, 18, 3),
(9484, 500, 5, 23, 3),
(9485, 500, 6, 27, 4),
(9486, 500, 7, 32, 4),
(9487, 500, 8, 36, 5),
(9488, 500, 9, 42, 4),
(9489, 500, 10, 47, 4),
(9490, 500, 11, 53, 3),
(9491, 500, 12, 58, 3),
(9492, 500, 13, 62, 4),
(9493, 500, 14, 68, 3),
(9494, 500, 15, 73, 3),
(9495, 500, 16, 76, 5),
(9496, 500, 17, 81, 1),
(9497, 500, 18, 83, 1),
(9498, 500, 19, 88, 3),
(9499, 501, 1, 1, 5),
(9500, 501, 2, 6, 5),
(9501, 501, 3, 11, 5),
(9502, 501, 4, 16, 5),
(9503, 501, 5, 21, 5),
(9504, 501, 6, 26, 5),
(9505, 501, 7, 31, 5),
(9506, 501, 8, 36, 5),
(9507, 501, 9, 41, 5),
(9508, 501, 10, 46, 5),
(9509, 501, 11, 51, 5),
(9510, 501, 12, 56, 5),
(9511, 501, 13, 61, 5),
(9512, 501, 14, 66, 5),
(9513, 501, 15, 71, 5),
(9514, 501, 16, 76, 5),
(9515, 501, 17, 81, 1),
(9516, 501, 18, 83, 1),
(9517, 501, 19, 89, 2),
(9518, 502, 1, 3, 3),
(9519, 502, 2, 7, 4),
(9520, 502, 3, 13, 3),
(9521, 502, 4, 17, 4),
(9522, 502, 5, 23, 3),
(9523, 502, 6, 28, 3),
(9524, 502, 7, 33, 3),
(9525, 502, 8, 38, 3),
(9526, 502, 9, 42, 4),
(9527, 502, 10, 48, 3),
(9528, 502, 11, 53, 3),
(9529, 502, 12, 58, 3),
(9530, 502, 13, 62, 4),
(9531, 502, 14, 68, 3),
(9532, 502, 15, 72, 4),
(9533, 502, 16, 77, 4),
(9534, 502, 17, 81, 1),
(9535, 502, 18, 83, 1),
(9536, 502, 19, 90, 1),
(9537, 503, 1, 2, 4),
(9538, 503, 2, 7, 4),
(9539, 503, 3, 12, 4),
(9540, 503, 4, 17, 4),
(9541, 503, 5, 22, 4),
(9542, 503, 6, 27, 4),
(9543, 503, 7, 32, 4),
(9544, 503, 8, 37, 4),
(9545, 503, 9, 42, 4),
(9546, 503, 10, 47, 4),
(9547, 503, 11, 52, 4),
(9548, 503, 12, 57, 4),
(9549, 503, 13, 62, 4),
(9550, 503, 14, 67, 4),
(9551, 503, 15, 72, 4),
(9552, 503, 16, 77, 4),
(9553, 503, 17, 81, 1),
(9554, 503, 18, 83, 1),
(9555, 503, 19, 90, 1),
(9556, 504, 1, 1, 5),
(9557, 504, 2, 6, 5),
(9558, 504, 3, 12, 4),
(9559, 504, 4, 16, 5),
(9560, 504, 5, 21, 5),
(9561, 504, 6, 26, 5),
(9562, 504, 7, 31, 5),
(9563, 504, 8, 36, 5),
(9564, 504, 9, 42, 4),
(9565, 504, 10, 46, 5),
(9566, 504, 11, 51, 5),
(9567, 504, 12, 57, 4),
(9568, 504, 13, 62, 4),
(9569, 504, 14, 66, 5),
(9570, 504, 15, 71, 5),
(9571, 504, 16, 76, 5),
(9572, 504, 17, 81, 1),
(9573, 504, 18, 83, 1),
(9574, 504, 19, 88, 3),
(9575, 505, 1, 1, 5),
(9576, 505, 2, 6, 5),
(9577, 505, 3, 11, 5),
(9578, 505, 4, 16, 5),
(9579, 505, 5, 21, 5),
(9580, 505, 6, 26, 5),
(9581, 505, 7, 31, 5),
(9582, 505, 8, 36, 5),
(9583, 505, 9, 41, 5),
(9584, 505, 10, 46, 5),
(9585, 505, 11, 51, 5),
(9586, 505, 12, 56, 5),
(9587, 505, 13, 61, 5),
(9588, 505, 14, 66, 5),
(9589, 505, 15, 71, 5),
(9590, 505, 16, 76, 5),
(9591, 505, 17, 81, 1),
(9592, 505, 18, 83, 1),
(9593, 505, 19, 90, 1),
(9594, 506, 1, 1, 5),
(9595, 506, 2, 6, 5),
(9596, 506, 3, 11, 5),
(9597, 506, 4, 16, 5),
(9598, 506, 5, 21, 5),
(9599, 506, 6, 26, 5),
(9600, 506, 7, 31, 5),
(9601, 506, 8, 36, 5),
(9602, 506, 9, 41, 5),
(9603, 506, 10, 46, 5),
(9604, 506, 11, 52, 4),
(9605, 506, 12, 57, 4),
(9606, 506, 13, 61, 5),
(9607, 506, 14, 66, 5),
(9608, 506, 15, 71, 5),
(9609, 506, 16, 76, 5),
(9610, 506, 17, 81, 1),
(9611, 506, 18, 83, 1),
(9612, 506, 19, 89, 2),
(9613, 507, 1, 2, 4),
(9614, 507, 2, 7, 4),
(9615, 507, 3, 11, 5),
(9616, 507, 4, 17, 4),
(9617, 507, 5, 22, 4),
(9618, 507, 6, 27, 4),
(9619, 507, 7, 31, 5),
(9620, 507, 8, 36, 5),
(9621, 507, 9, 42, 4),
(9622, 507, 10, 47, 4),
(9623, 507, 11, 51, 5),
(9624, 507, 12, 57, 4),
(9625, 507, 13, 62, 4),
(9626, 507, 14, 66, 5),
(9627, 507, 15, 72, 4),
(9628, 507, 16, 77, 4),
(9629, 507, 17, 81, 1),
(9630, 507, 18, 83, 1),
(9631, 507, 19, 89, 2),
(9632, 508, 1, 1, 5),
(9633, 508, 2, 6, 5),
(9634, 508, 3, 11, 5),
(9635, 508, 4, 16, 5),
(9636, 508, 5, 21, 5),
(9637, 508, 6, 26, 5),
(9638, 508, 7, 31, 5),
(9639, 508, 8, 36, 5),
(9640, 508, 9, 41, 5),
(9641, 508, 10, 46, 5),
(9642, 508, 11, 52, 4),
(9643, 508, 12, 57, 4),
(9644, 508, 13, 61, 5),
(9645, 508, 14, 66, 5),
(9646, 508, 15, 71, 5),
(9647, 508, 16, 76, 5),
(9648, 508, 17, 81, 1),
(9649, 508, 18, 83, 1),
(9650, 508, 19, 89, 2),
(9651, 509, 1, 2, 4),
(9652, 509, 2, 7, 4),
(9653, 509, 3, 11, 5),
(9654, 509, 4, 17, 4),
(9655, 509, 5, 22, 4),
(9656, 509, 6, 27, 4),
(9657, 509, 7, 31, 5),
(9658, 509, 8, 36, 5),
(9659, 509, 9, 42, 4),
(9660, 509, 10, 47, 4),
(9661, 509, 11, 51, 5),
(9662, 509, 12, 57, 4),
(9663, 509, 13, 62, 4),
(9664, 509, 14, 66, 5),
(9665, 509, 15, 72, 4),
(9666, 509, 16, 77, 4),
(9667, 509, 17, 81, 1),
(9668, 509, 18, 83, 1),
(9669, 509, 19, 89, 2),
(9670, 510, 1, 1, 5),
(9671, 510, 2, 6, 5),
(9672, 510, 3, 11, 5),
(9673, 510, 4, 16, 5),
(9674, 510, 5, 21, 5),
(9675, 510, 6, 26, 5),
(9676, 510, 7, 31, 5),
(9677, 510, 8, 36, 5),
(9678, 510, 9, 41, 5),
(9679, 510, 10, 46, 5),
(9680, 510, 11, 52, 4),
(9681, 510, 12, 57, 4),
(9682, 510, 13, 61, 5),
(9683, 510, 14, 66, 5),
(9684, 510, 15, 71, 5),
(9685, 510, 16, 76, 5),
(9686, 510, 17, 81, 1),
(9687, 510, 18, 83, 1),
(9688, 510, 19, 89, 2),
(9689, 511, 1, 2, 4),
(9690, 511, 2, 7, 4),
(9691, 511, 3, 11, 5),
(9692, 511, 4, 17, 4),
(9693, 511, 5, 22, 4),
(9694, 511, 6, 27, 4),
(9695, 511, 7, 31, 5),
(9696, 511, 8, 36, 5),
(9697, 511, 9, 42, 4),
(9698, 511, 10, 47, 4),
(9699, 511, 11, 51, 5),
(9700, 511, 12, 57, 4),
(9701, 511, 13, 62, 4),
(9702, 511, 14, 66, 5),
(9703, 511, 15, 72, 4),
(9704, 511, 16, 77, 4),
(9705, 511, 17, 81, 1),
(9706, 511, 18, 83, 1),
(9707, 511, 19, 89, 2),
(9708, 512, 1, 1, 5),
(9709, 512, 2, 6, 5),
(9710, 512, 3, 11, 5),
(9711, 512, 4, 16, 5),
(9712, 512, 5, 21, 5),
(9713, 512, 6, 26, 5),
(9714, 512, 7, 31, 5),
(9715, 512, 8, 36, 5),
(9716, 512, 9, 41, 5),
(9717, 512, 10, 46, 5),
(9718, 512, 11, 52, 4),
(9719, 512, 12, 57, 4),
(9720, 512, 13, 61, 5),
(9721, 512, 14, 66, 5),
(9722, 512, 15, 71, 5),
(9723, 512, 16, 76, 5),
(9724, 512, 17, 81, 1),
(9725, 512, 18, 83, 1),
(9726, 512, 19, 89, 2),
(9727, 513, 1, 2, 4),
(9728, 513, 2, 7, 4),
(9729, 513, 3, 11, 5),
(9730, 513, 4, 17, 4),
(9731, 513, 5, 22, 4),
(9732, 513, 6, 27, 4),
(9733, 513, 7, 31, 5),
(9734, 513, 8, 36, 5),
(9735, 513, 9, 42, 4),
(9736, 513, 10, 47, 4),
(9737, 513, 11, 51, 5),
(9738, 513, 12, 57, 4),
(9739, 513, 13, 62, 4),
(9740, 513, 14, 66, 5),
(9741, 513, 15, 72, 4),
(9742, 513, 16, 77, 4),
(9743, 513, 17, 81, 1),
(9744, 513, 18, 83, 1),
(9745, 513, 19, 89, 2),
(9746, 514, 1, 1, 5),
(9747, 514, 2, 6, 5),
(9748, 514, 3, 11, 5),
(9749, 514, 4, 16, 5),
(9750, 514, 5, 21, 5),
(9751, 514, 6, 26, 5),
(9752, 514, 7, 31, 5),
(9753, 514, 8, 36, 5),
(9754, 514, 9, 41, 5),
(9755, 514, 10, 46, 5),
(9756, 514, 11, 52, 4),
(9757, 514, 12, 57, 4),
(9758, 514, 13, 61, 5),
(9759, 514, 14, 66, 5),
(9760, 514, 15, 71, 5),
(9761, 514, 16, 76, 5),
(9762, 514, 17, 81, 1),
(9763, 514, 18, 83, 1),
(9764, 514, 19, 89, 2),
(9765, 515, 1, 2, 4),
(9766, 515, 2, 7, 4),
(9767, 515, 3, 11, 5),
(9768, 515, 4, 17, 4),
(9769, 515, 5, 22, 4),
(9770, 515, 6, 27, 4),
(9771, 515, 7, 31, 5),
(9772, 515, 8, 36, 5),
(9773, 515, 9, 42, 4),
(9774, 515, 10, 47, 4),
(9775, 515, 11, 51, 5),
(9776, 515, 12, 57, 4),
(9777, 515, 13, 62, 4),
(9778, 515, 14, 66, 5),
(9779, 515, 15, 72, 4),
(9780, 515, 16, 77, 4),
(9781, 515, 17, 81, 1),
(9782, 515, 18, 83, 1),
(9783, 515, 19, 89, 2),
(9784, 516, 1, 1, 5),
(9785, 516, 2, 6, 5),
(9786, 516, 3, 11, 5),
(9787, 516, 4, 16, 5),
(9788, 516, 5, 21, 5),
(9789, 516, 6, 26, 5),
(9790, 516, 7, 31, 5),
(9791, 516, 8, 36, 5),
(9792, 516, 9, 41, 5),
(9793, 516, 10, 46, 5),
(9794, 516, 11, 52, 4),
(9795, 516, 12, 57, 4),
(9796, 516, 13, 61, 5),
(9797, 516, 14, 66, 5),
(9798, 516, 15, 71, 5),
(9799, 516, 16, 76, 5),
(9800, 516, 17, 81, 1),
(9801, 516, 18, 83, 1),
(9802, 516, 19, 89, 2),
(9803, 517, 1, 2, 4),
(9804, 517, 2, 7, 4),
(9805, 517, 3, 11, 5),
(9806, 517, 4, 17, 4),
(9807, 517, 5, 22, 4),
(9808, 517, 6, 27, 4),
(9809, 517, 7, 31, 5),
(9810, 517, 8, 36, 5),
(9811, 517, 9, 42, 4),
(9812, 517, 10, 47, 4),
(9813, 517, 11, 51, 5),
(9814, 517, 12, 57, 4),
(9815, 517, 13, 62, 4),
(9816, 517, 14, 66, 5),
(9817, 517, 15, 72, 4),
(9818, 517, 16, 77, 4),
(9819, 517, 17, 81, 1),
(9820, 517, 18, 83, 1),
(9821, 517, 19, 89, 2),
(9822, 518, 1, 1, 5),
(9823, 518, 2, 6, 5),
(9824, 518, 3, 11, 5),
(9825, 518, 4, 16, 5),
(9826, 518, 5, 21, 5),
(9827, 518, 6, 26, 5),
(9828, 518, 7, 31, 5),
(9829, 518, 8, 36, 5),
(9830, 518, 9, 41, 5),
(9831, 518, 10, 46, 5),
(9832, 518, 11, 52, 4),
(9833, 518, 12, 57, 4),
(9834, 518, 13, 61, 5),
(9835, 518, 14, 66, 5),
(9836, 518, 15, 71, 5),
(9837, 518, 16, 76, 5),
(9838, 518, 17, 81, 1),
(9839, 518, 18, 83, 1),
(9840, 518, 19, 89, 2),
(9841, 519, 1, 2, 4),
(9842, 519, 2, 7, 4),
(9843, 519, 3, 11, 5),
(9844, 519, 4, 17, 4),
(9845, 519, 5, 22, 4),
(9846, 519, 6, 27, 4),
(9847, 519, 7, 31, 5),
(9848, 519, 8, 36, 5),
(9849, 519, 9, 42, 4),
(9850, 519, 10, 47, 4),
(9851, 519, 11, 51, 5),
(9852, 519, 12, 57, 4),
(9853, 519, 13, 62, 4),
(9854, 519, 14, 66, 5),
(9855, 519, 15, 72, 4),
(9856, 519, 16, 77, 4),
(9857, 519, 17, 81, 1),
(9858, 519, 18, 83, 1),
(9859, 519, 19, 89, 2),
(9860, 520, 1, 1, 5),
(9861, 520, 2, 6, 5),
(9862, 520, 3, 11, 5),
(9863, 520, 4, 16, 5),
(9864, 520, 5, 21, 5),
(9865, 520, 6, 26, 5),
(9866, 520, 7, 31, 5),
(9867, 520, 8, 36, 5),
(9868, 520, 9, 41, 5),
(9869, 520, 10, 46, 5),
(9870, 520, 11, 52, 4),
(9871, 520, 12, 57, 4),
(9872, 520, 13, 61, 5),
(9873, 520, 14, 66, 5),
(9874, 520, 15, 71, 5),
(9875, 520, 16, 76, 5),
(9876, 520, 17, 81, 1),
(9877, 520, 18, 83, 1),
(9878, 520, 19, 89, 2),
(9879, 521, 1, 2, 4),
(9880, 521, 2, 7, 4),
(9881, 521, 3, 11, 5),
(9882, 521, 4, 17, 4),
(9883, 521, 5, 22, 4),
(9884, 521, 6, 27, 4),
(9885, 521, 7, 31, 5),
(9886, 521, 8, 36, 5),
(9887, 521, 9, 42, 4),
(9888, 521, 10, 47, 4),
(9889, 521, 11, 51, 5),
(9890, 521, 12, 57, 4),
(9891, 521, 13, 62, 4),
(9892, 521, 14, 66, 5),
(9893, 521, 15, 72, 4),
(9894, 521, 16, 77, 4),
(9895, 521, 17, 81, 1),
(9896, 521, 18, 83, 1),
(9897, 521, 19, 89, 2),
(9898, 522, 1, 1, 5),
(9899, 522, 2, 6, 5),
(9900, 522, 3, 11, 5),
(9901, 522, 4, 16, 5),
(9902, 522, 5, 21, 5),
(9903, 522, 6, 26, 5),
(9904, 522, 7, 31, 5),
(9905, 522, 8, 36, 5),
(9906, 522, 9, 41, 5),
(9907, 522, 10, 46, 5),
(9908, 522, 11, 52, 4),
(9909, 522, 12, 57, 4),
(9910, 522, 13, 61, 5),
(9911, 522, 14, 66, 5),
(9912, 522, 15, 71, 5),
(9913, 522, 16, 76, 5),
(9914, 522, 17, 81, 1),
(9915, 522, 18, 83, 1),
(9916, 522, 19, 89, 2),
(9917, 523, 1, 2, 4),
(9918, 523, 2, 7, 4),
(9919, 523, 3, 11, 5),
(9920, 523, 4, 17, 4),
(9921, 523, 5, 22, 4),
(9922, 523, 6, 27, 4),
(9923, 523, 7, 31, 5),
(9924, 523, 8, 36, 5),
(9925, 523, 9, 42, 4),
(9926, 523, 10, 47, 4),
(9927, 523, 11, 51, 5),
(9928, 523, 12, 57, 4),
(9929, 523, 13, 62, 4),
(9930, 523, 14, 66, 5),
(9931, 523, 15, 72, 4),
(9932, 523, 16, 77, 4),
(9933, 523, 17, 81, 1),
(9934, 523, 18, 83, 1),
(9935, 523, 19, 89, 2),
(9936, 524, 1, 1, 5),
(9937, 524, 2, 6, 5),
(9938, 524, 3, 11, 5),
(9939, 524, 4, 16, 5),
(9940, 524, 5, 21, 5),
(9941, 524, 6, 26, 5),
(9942, 524, 7, 31, 5),
(9943, 524, 8, 36, 5),
(9944, 524, 9, 41, 5),
(9945, 524, 10, 46, 5),
(9946, 524, 11, 52, 4),
(9947, 524, 12, 57, 4),
(9948, 524, 13, 61, 5),
(9949, 524, 14, 66, 5),
(9950, 524, 15, 71, 5),
(9951, 524, 16, 76, 5),
(9952, 524, 17, 81, 1),
(9953, 524, 18, 83, 1),
(9954, 524, 19, 89, 2),
(9955, 525, 1, 2, 4),
(9956, 525, 2, 7, 4),
(9957, 525, 3, 11, 5),
(9958, 525, 4, 17, 4),
(9959, 525, 5, 22, 4),
(9960, 525, 6, 27, 4),
(9961, 525, 7, 31, 5),
(9962, 525, 8, 36, 5),
(9963, 525, 9, 42, 4),
(9964, 525, 10, 47, 4),
(9965, 525, 11, 51, 5),
(9966, 525, 12, 57, 4),
(9967, 525, 13, 62, 4),
(9968, 525, 14, 66, 5),
(9969, 525, 15, 72, 4),
(9970, 525, 16, 77, 4),
(9971, 525, 17, 81, 1),
(9972, 525, 18, 83, 1),
(9973, 525, 19, 89, 2),
(9974, 526, 1, 1, 5),
(9975, 526, 2, 6, 5),
(9976, 526, 3, 11, 5),
(9977, 526, 4, 16, 5),
(9978, 526, 5, 21, 5),
(9979, 526, 6, 26, 5),
(9980, 526, 7, 31, 5),
(9981, 526, 8, 36, 5),
(9982, 526, 9, 41, 5),
(9983, 526, 10, 46, 5),
(9984, 526, 11, 52, 4),
(9985, 526, 12, 57, 4),
(9986, 526, 13, 61, 5),
(9987, 526, 14, 66, 5),
(9988, 526, 15, 71, 5),
(9989, 526, 16, 76, 5),
(9990, 526, 17, 81, 1),
(9991, 526, 18, 83, 1),
(9992, 526, 19, 89, 2),
(9993, 527, 1, 2, 4),
(9994, 527, 2, 7, 4),
(9995, 527, 3, 11, 5),
(9996, 527, 4, 17, 4),
(9997, 527, 5, 22, 4),
(9998, 527, 6, 27, 4),
(9999, 527, 7, 31, 5),
(10000, 527, 8, 36, 5),
(10001, 527, 9, 42, 4),
(10002, 527, 10, 47, 4),
(10003, 527, 11, 51, 5),
(10004, 527, 12, 57, 4),
(10005, 527, 13, 62, 4),
(10006, 527, 14, 66, 5),
(10007, 527, 15, 72, 4),
(10008, 527, 16, 77, 4),
(10009, 527, 17, 81, 1),
(10010, 527, 18, 83, 1),
(10011, 527, 19, 89, 2),
(10012, 528, 1, 1, 5),
(10013, 528, 2, 6, 5),
(10014, 528, 3, 11, 5),
(10015, 528, 4, 16, 5),
(10016, 528, 5, 21, 5),
(10017, 528, 6, 26, 5),
(10018, 528, 7, 31, 5),
(10019, 528, 8, 36, 5),
(10020, 528, 9, 41, 5),
(10021, 528, 10, 46, 5),
(10022, 528, 11, 52, 4),
(10023, 528, 12, 57, 4),
(10024, 528, 13, 61, 5),
(10025, 528, 14, 66, 5),
(10026, 528, 15, 71, 5),
(10027, 528, 16, 76, 5),
(10028, 528, 17, 81, 1),
(10029, 528, 18, 83, 1),
(10030, 528, 19, 89, 2),
(10031, 529, 1, 2, 4),
(10032, 529, 2, 7, 4),
(10033, 529, 3, 11, 5),
(10034, 529, 4, 17, 4),
(10035, 529, 5, 22, 4),
(10036, 529, 6, 27, 4),
(10037, 529, 7, 31, 5),
(10038, 529, 8, 36, 5),
(10039, 529, 9, 42, 4),
(10040, 529, 10, 47, 4),
(10041, 529, 11, 51, 5),
(10042, 529, 12, 57, 4),
(10043, 529, 13, 62, 4),
(10044, 529, 14, 66, 5),
(10045, 529, 15, 72, 4),
(10046, 529, 16, 77, 4),
(10047, 529, 17, 81, 1),
(10048, 529, 18, 83, 1),
(10049, 529, 19, 89, 2),
(10050, 530, 1, 1, 5),
(10051, 530, 2, 6, 5),
(10052, 530, 3, 11, 5),
(10053, 530, 4, 16, 5),
(10054, 530, 5, 21, 5),
(10055, 530, 6, 26, 5),
(10056, 530, 7, 31, 5),
(10057, 530, 8, 36, 5),
(10058, 530, 9, 41, 5),
(10059, 530, 10, 46, 5),
(10060, 530, 11, 52, 4),
(10061, 530, 12, 57, 4),
(10062, 530, 13, 61, 5),
(10063, 530, 14, 66, 5),
(10064, 530, 15, 71, 5),
(10065, 530, 16, 76, 5),
(10066, 530, 17, 81, 1),
(10067, 530, 18, 83, 1),
(10068, 530, 19, 89, 2),
(10069, 531, 1, 2, 4),
(10070, 531, 2, 7, 4),
(10071, 531, 3, 11, 5),
(10072, 531, 4, 17, 4),
(10073, 531, 5, 22, 4),
(10074, 531, 6, 27, 4),
(10075, 531, 7, 31, 5),
(10076, 531, 8, 36, 5),
(10077, 531, 9, 42, 4),
(10078, 531, 10, 47, 4),
(10079, 531, 11, 51, 5),
(10080, 531, 12, 57, 4),
(10081, 531, 13, 62, 4),
(10082, 531, 14, 66, 5),
(10083, 531, 15, 72, 4),
(10084, 531, 16, 77, 4),
(10085, 531, 17, 81, 1),
(10086, 531, 18, 83, 1),
(10087, 531, 19, 89, 2),
(10126, 534, 1, 1, 5),
(10127, 534, 2, 6, 5),
(10128, 534, 3, 11, 5),
(10129, 534, 4, 16, 5),
(10130, 534, 5, 21, 5),
(10131, 534, 6, 26, 5),
(10132, 534, 7, 31, 5),
(10133, 534, 8, 36, 5),
(10134, 534, 9, 41, 5),
(10135, 534, 10, 46, 5),
(10136, 534, 11, 52, 4),
(10137, 534, 12, 57, 4),
(10138, 534, 13, 61, 5),
(10139, 534, 14, 66, 5),
(10140, 534, 15, 71, 5),
(10141, 534, 16, 76, 5),
(10142, 534, 17, 81, 1),
(10143, 534, 18, 83, 1),
(10144, 534, 19, 89, 2),
(10145, 535, 1, 2, 4),
(10146, 535, 2, 7, 4),
(10147, 535, 3, 11, 5),
(10148, 535, 4, 17, 4),
(10149, 535, 5, 22, 4),
(10150, 535, 6, 27, 4),
(10151, 535, 7, 31, 5),
(10152, 535, 8, 36, 5),
(10153, 535, 9, 42, 4),
(10154, 535, 10, 47, 4),
(10155, 535, 11, 51, 5),
(10156, 535, 12, 57, 4),
(10157, 535, 13, 62, 4),
(10158, 535, 14, 66, 5),
(10159, 535, 15, 72, 4),
(10160, 535, 16, 77, 4),
(10161, 535, 17, 81, 1),
(10162, 535, 18, 83, 1),
(10163, 535, 19, 89, 2),
(10164, 536, 1, 1, 5),
(10165, 536, 2, 6, 5),
(10166, 536, 3, 11, 5),
(10167, 536, 4, 16, 5),
(10168, 536, 5, 21, 5),
(10169, 536, 6, 26, 5),
(10170, 536, 7, 31, 5),
(10171, 536, 8, 37, 4),
(10172, 536, 9, 41, 5),
(10173, 536, 10, 46, 5),
(10174, 536, 11, 51, 5),
(10175, 536, 12, 56, 5),
(10176, 536, 13, 61, 5),
(10177, 536, 14, 66, 5),
(10178, 536, 15, 71, 5),
(10179, 536, 16, 76, 5),
(10180, 536, 17, 81, 1),
(10181, 536, 18, 83, 1),
(10182, 536, 19, 89, 2),
(10183, 537, 1, 2, 4),
(10184, 537, 2, 7, 4),
(10185, 537, 3, 12, 4),
(10186, 537, 4, 17, 4),
(10187, 537, 5, 22, 4),
(10188, 537, 6, 27, 4),
(10189, 537, 7, 32, 4),
(10190, 537, 8, 37, 4),
(10191, 537, 9, 42, 4),
(10192, 537, 10, 47, 4),
(10193, 537, 11, 52, 4),
(10194, 537, 12, 57, 4),
(10195, 537, 13, 62, 4),
(10196, 537, 14, 67, 4),
(10197, 537, 15, 72, 4),
(10198, 537, 16, 77, 4),
(10199, 537, 17, 81, 1),
(10200, 537, 18, 83, 1),
(10201, 537, 19, 88, 3),
(10202, 538, 1, 1, 5),
(10203, 538, 2, 7, 4),
(10204, 538, 3, 12, 4),
(10205, 538, 4, 18, 3),
(10206, 538, 5, 23, 3),
(10207, 538, 6, 27, 4),
(10208, 538, 7, 32, 4),
(10209, 538, 8, 36, 5),
(10210, 538, 9, 42, 4),
(10211, 538, 10, 47, 4),
(10212, 538, 11, 53, 3),
(10213, 538, 12, 58, 3),
(10214, 538, 13, 62, 4),
(10215, 538, 14, 68, 3),
(10216, 538, 15, 73, 3),
(10217, 538, 16, 76, 5),
(10218, 538, 17, 81, 1),
(10219, 538, 18, 83, 1),
(10220, 538, 19, 88, 3),
(10221, 539, 1, 1, 5),
(10222, 539, 2, 6, 5),
(10223, 539, 3, 11, 5),
(10224, 539, 4, 16, 5),
(10225, 539, 5, 21, 5),
(10226, 539, 6, 26, 5),
(10227, 539, 7, 31, 5),
(10228, 539, 8, 36, 5),
(10229, 539, 9, 41, 5),
(10230, 539, 10, 46, 5),
(10231, 539, 11, 51, 5),
(10232, 539, 12, 56, 5),
(10233, 539, 13, 61, 5),
(10234, 539, 14, 66, 5),
(10235, 539, 15, 71, 5),
(10236, 539, 16, 76, 5),
(10237, 539, 17, 81, 1),
(10238, 539, 18, 83, 1),
(10239, 539, 19, 89, 2),
(10240, 540, 1, 3, 3),
(10241, 540, 2, 7, 4),
(10242, 540, 3, 13, 3),
(10243, 540, 4, 17, 4),
(10244, 540, 5, 23, 3),
(10245, 540, 6, 28, 3),
(10246, 540, 7, 33, 3),
(10247, 540, 8, 38, 3),
(10248, 540, 9, 42, 4),
(10249, 540, 10, 48, 3),
(10250, 540, 11, 53, 3),
(10251, 540, 12, 58, 3),
(10252, 540, 13, 62, 4),
(10253, 540, 14, 68, 3),
(10254, 540, 15, 72, 4),
(10255, 540, 16, 77, 4),
(10256, 540, 17, 81, 1),
(10257, 540, 18, 83, 1),
(10258, 540, 19, 90, 1),
(10259, 541, 1, 2, 4),
(10260, 541, 2, 7, 4),
(10261, 541, 3, 12, 4),
(10262, 541, 4, 17, 4),
(10263, 541, 5, 22, 4),
(10264, 541, 6, 27, 4),
(10265, 541, 7, 32, 4),
(10266, 541, 8, 37, 4),
(10267, 541, 9, 42, 4),
(10268, 541, 10, 47, 4),
(10269, 541, 11, 52, 4),
(10270, 541, 12, 57, 4),
(10271, 541, 13, 62, 4),
(10272, 541, 14, 67, 4),
(10273, 541, 15, 72, 4),
(10274, 541, 16, 77, 4),
(10275, 541, 17, 81, 1),
(10276, 541, 18, 83, 1),
(10277, 541, 19, 90, 1),
(10278, 542, 1, 1, 5),
(10279, 542, 2, 6, 5),
(10280, 542, 3, 12, 4),
(10281, 542, 4, 16, 5),
(10282, 542, 5, 21, 5),
(10283, 542, 6, 26, 5),
(10284, 542, 7, 31, 5),
(10285, 542, 8, 36, 5),
(10286, 542, 9, 42, 4),
(10287, 542, 10, 46, 5),
(10288, 542, 11, 51, 5),
(10289, 542, 12, 57, 4),
(10290, 542, 13, 62, 4),
(10291, 542, 14, 66, 5),
(10292, 542, 15, 71, 5),
(10293, 542, 16, 76, 5),
(10294, 542, 17, 81, 1),
(10295, 542, 18, 83, 1),
(10296, 542, 19, 88, 3),
(10297, 543, 1, 1, 5),
(10298, 543, 2, 6, 5),
(10299, 543, 3, 11, 5),
(10300, 543, 4, 16, 5),
(10301, 543, 5, 21, 5),
(10302, 543, 6, 26, 5),
(10303, 543, 7, 31, 5),
(10304, 543, 8, 36, 5),
(10305, 543, 9, 41, 5),
(10306, 543, 10, 46, 5),
(10307, 543, 11, 51, 5),
(10308, 543, 12, 56, 5),
(10309, 543, 13, 61, 5),
(10310, 543, 14, 66, 5),
(10311, 543, 15, 71, 5),
(10312, 543, 16, 76, 5),
(10313, 543, 17, 81, 1),
(10314, 543, 18, 83, 1),
(10315, 543, 19, 90, 1),
(10316, 544, 1, 1, 5),
(10317, 544, 2, 6, 5),
(10318, 544, 3, 11, 5),
(10319, 544, 4, 16, 5),
(10320, 544, 5, 21, 5),
(10321, 544, 6, 26, 5),
(10322, 544, 7, 31, 5),
(10323, 544, 8, 36, 5),
(10324, 544, 9, 41, 5),
(10325, 544, 10, 46, 5),
(10326, 544, 11, 52, 4),
(10327, 544, 12, 57, 4),
(10328, 544, 13, 61, 5),
(10329, 544, 14, 66, 5),
(10330, 544, 15, 71, 5),
(10331, 544, 16, 76, 5),
(10332, 544, 17, 81, 1),
(10333, 544, 18, 83, 1),
(10334, 544, 19, 89, 2),
(10335, 545, 1, 2, 4),
(10336, 545, 2, 7, 4),
(10337, 545, 3, 11, 5),
(10338, 545, 4, 17, 4),
(10339, 545, 5, 22, 4),
(10340, 545, 6, 27, 4),
(10341, 545, 7, 31, 5),
(10342, 545, 8, 36, 5),
(10343, 545, 9, 42, 4),
(10344, 545, 10, 47, 4),
(10345, 545, 11, 51, 5),
(10346, 545, 12, 57, 4),
(10347, 545, 13, 62, 4),
(10348, 545, 14, 66, 5),
(10349, 545, 15, 72, 4),
(10350, 545, 16, 77, 4),
(10351, 545, 17, 81, 1),
(10352, 545, 18, 83, 1),
(10353, 545, 19, 89, 2),
(10354, 546, 1, 1, 5),
(10355, 546, 2, 6, 5),
(10356, 546, 3, 11, 5),
(10357, 546, 4, 16, 5),
(10358, 546, 5, 21, 5),
(10359, 546, 6, 26, 5),
(10360, 546, 7, 31, 5),
(10361, 546, 8, 36, 5),
(10362, 546, 9, 41, 5),
(10363, 546, 10, 46, 5),
(10364, 546, 11, 52, 4),
(10365, 546, 12, 57, 4),
(10366, 546, 13, 61, 5),
(10367, 546, 14, 66, 5),
(10368, 546, 15, 71, 5),
(10369, 546, 16, 76, 5),
(10370, 546, 17, 81, 1),
(10371, 546, 18, 83, 1),
(10372, 546, 19, 89, 2),
(10373, 547, 1, 2, 4),
(10374, 547, 2, 7, 4),
(10375, 547, 3, 11, 5),
(10376, 547, 4, 17, 4),
(10377, 547, 5, 22, 4),
(10378, 547, 6, 27, 4),
(10379, 547, 7, 31, 5),
(10380, 547, 8, 36, 5),
(10381, 547, 9, 42, 4),
(10382, 547, 10, 47, 4),
(10383, 547, 11, 51, 5),
(10384, 547, 12, 57, 4),
(10385, 547, 13, 62, 4),
(10386, 547, 14, 66, 5),
(10387, 547, 15, 72, 4),
(10388, 547, 16, 77, 4),
(10389, 547, 17, 81, 1),
(10390, 547, 18, 83, 1),
(10391, 547, 19, 89, 2),
(10392, 548, 1, 1, 5),
(10393, 548, 2, 6, 5),
(10394, 548, 3, 11, 5),
(10395, 548, 4, 16, 5),
(10396, 548, 5, 21, 5),
(10397, 548, 6, 26, 5),
(10398, 548, 7, 31, 5),
(10399, 548, 8, 37, 4),
(10400, 548, 9, 41, 5),
(10401, 548, 10, 46, 5),
(10402, 548, 11, 51, 5),
(10403, 548, 12, 56, 5),
(10404, 548, 13, 61, 5),
(10405, 548, 14, 66, 5),
(10406, 548, 15, 71, 5),
(10407, 548, 16, 76, 5),
(10408, 548, 17, 81, 1),
(10409, 548, 18, 83, 1),
(10410, 548, 19, 89, 2),
(10411, 549, 1, 2, 4),
(10412, 549, 2, 7, 4),
(10413, 549, 3, 12, 4),
(10414, 549, 4, 17, 4),
(10415, 549, 5, 22, 4),
(10416, 549, 6, 27, 4),
(10417, 549, 7, 32, 4),
(10418, 549, 8, 37, 4),
(10419, 549, 9, 42, 4),
(10420, 549, 10, 47, 4),
(10421, 549, 11, 52, 4),
(10422, 549, 12, 57, 4),
(10423, 549, 13, 62, 4),
(10424, 549, 14, 67, 4),
(10425, 549, 15, 72, 4),
(10426, 549, 16, 77, 4),
(10427, 549, 17, 81, 1),
(10428, 549, 18, 83, 1),
(10429, 549, 19, 88, 3),
(10430, 550, 1, 1, 5),
(10431, 550, 2, 7, 4),
(10432, 550, 3, 12, 4),
(10433, 550, 4, 18, 3),
(10434, 550, 5, 23, 3),
(10435, 550, 6, 27, 4),
(10436, 550, 7, 32, 4),
(10437, 550, 8, 36, 5),
(10438, 550, 9, 42, 4),
(10439, 550, 10, 47, 4),
(10440, 550, 11, 53, 3),
(10441, 550, 12, 58, 3),
(10442, 550, 13, 62, 4),
(10443, 550, 14, 68, 3),
(10444, 550, 15, 73, 3),
(10445, 550, 16, 76, 5),
(10446, 550, 17, 81, 1),
(10447, 550, 18, 83, 1),
(10448, 550, 19, 88, 3),
(10449, 551, 1, 1, 5),
(10450, 551, 2, 6, 5),
(10451, 551, 3, 11, 5),
(10452, 551, 4, 16, 5),
(10453, 551, 5, 21, 5),
(10454, 551, 6, 26, 5),
(10455, 551, 7, 31, 5),
(10456, 551, 8, 36, 5),
(10457, 551, 9, 41, 5),
(10458, 551, 10, 46, 5),
(10459, 551, 11, 51, 5),
(10460, 551, 12, 56, 5),
(10461, 551, 13, 61, 5),
(10462, 551, 14, 66, 5),
(10463, 551, 15, 71, 5),
(10464, 551, 16, 76, 5),
(10465, 551, 17, 81, 1),
(10466, 551, 18, 83, 1),
(10467, 551, 19, 89, 2),
(10468, 552, 1, 3, 3),
(10469, 552, 2, 7, 4),
(10470, 552, 3, 13, 3),
(10471, 552, 4, 17, 4),
(10472, 552, 5, 23, 3),
(10473, 552, 6, 28, 3),
(10474, 552, 7, 33, 3),
(10475, 552, 8, 38, 3),
(10476, 552, 9, 42, 4),
(10477, 552, 10, 48, 3),
(10478, 552, 11, 53, 3),
(10479, 552, 12, 58, 3),
(10480, 552, 13, 62, 4),
(10481, 552, 14, 68, 3),
(10482, 552, 15, 72, 4),
(10483, 552, 16, 77, 4),
(10484, 552, 17, 81, 1),
(10485, 552, 18, 83, 1),
(10486, 552, 19, 90, 1),
(10487, 553, 1, 2, 4),
(10488, 553, 2, 7, 4),
(10489, 553, 3, 12, 4),
(10490, 553, 4, 17, 4),
(10491, 553, 5, 22, 4),
(10492, 553, 6, 27, 4),
(10493, 553, 7, 32, 4),
(10494, 553, 8, 37, 4),
(10495, 553, 9, 42, 4),
(10496, 553, 10, 47, 4),
(10497, 553, 11, 52, 4),
(10498, 553, 12, 57, 4),
(10499, 553, 13, 62, 4),
(10500, 553, 14, 67, 4),
(10501, 553, 15, 72, 4),
(10502, 553, 16, 77, 4),
(10503, 553, 17, 81, 1),
(10504, 553, 18, 83, 1);
INSERT INTO `chitietkhaosatphieu` (`MaChiTietKhaoSatPhieu`, `MaPhieuKhaoSat`, `MaTieuChiDanhGia`, `MaHinhThucPhanLoai`, `DiemSo`) VALUES
(10505, 553, 19, 90, 1),
(10506, 554, 1, 1, 5),
(10507, 554, 2, 6, 5),
(10508, 554, 3, 12, 4),
(10509, 554, 4, 16, 5),
(10510, 554, 5, 21, 5),
(10511, 554, 6, 26, 5),
(10512, 554, 7, 31, 5),
(10513, 554, 8, 36, 5),
(10514, 554, 9, 42, 4),
(10515, 554, 10, 46, 5),
(10516, 554, 11, 51, 5),
(10517, 554, 12, 57, 4),
(10518, 554, 13, 62, 4),
(10519, 554, 14, 66, 5),
(10520, 554, 15, 71, 5),
(10521, 554, 16, 76, 5),
(10522, 554, 17, 81, 1),
(10523, 554, 18, 83, 1),
(10524, 554, 19, 88, 3),
(10525, 555, 1, 1, 5),
(10526, 555, 2, 6, 5),
(10527, 555, 3, 11, 5),
(10528, 555, 4, 16, 5),
(10529, 555, 5, 21, 5),
(10530, 555, 6, 26, 5),
(10531, 555, 7, 31, 5),
(10532, 555, 8, 36, 5),
(10533, 555, 9, 41, 5),
(10534, 555, 10, 46, 5),
(10535, 555, 11, 51, 5),
(10536, 555, 12, 56, 5),
(10537, 555, 13, 61, 5),
(10538, 555, 14, 66, 5),
(10539, 555, 15, 71, 5),
(10540, 555, 16, 76, 5),
(10541, 555, 17, 81, 1),
(10542, 555, 18, 83, 1),
(10543, 555, 19, 90, 1);

-- --------------------------------------------------------

--
-- Table structure for table `chucvu`
--

CREATE TABLE `chucvu` (
  `MaChucVu` int(11) NOT NULL,
  `TenChucVu` varchar(100) COLLATE utf8_unicode_ci NOT NULL,
  `PhanRole` varchar(100) COLLATE utf8_unicode_ci NOT NULL
) ENGINE=InnoDB DEFAULT CHARSET=utf8 COLLATE=utf8_unicode_ci;

--
-- Dumping data for table `chucvu`
--

INSERT INTO `chucvu` (`MaChucVu`, `TenChucVu`, `PhanRole`) VALUES
(1, 'admin', 'nv'),
(2, 'giaovien', 'gv'),
(3, 'nhanvien', 'nv'),
(5, 'truongkhoa', 'gv'),
(11, 'truongbomon', 'gv');

-- --------------------------------------------------------

--
-- Table structure for table `giaovien`
--

CREATE TABLE `giaovien` (
  `MaGiaoVien` int(11) NOT NULL,
  `TenGiaoVien` varchar(100) COLLATE utf8_unicode_ci NOT NULL,
  `MatKhau` varchar(100) COLLATE utf8_unicode_ci NOT NULL,
  `MaChucVu` int(11) NOT NULL,
  `MaBoMon` int(11) NOT NULL
) ENGINE=InnoDB DEFAULT CHARSET=utf8 COLLATE=utf8_unicode_ci;

--
-- Dumping data for table `giaovien`
--

INSERT INTO `giaovien` (`MaGiaoVien`, `TenGiaoVien`, `MatKhau`, `MaChucVu`, `MaBoMon`) VALUES
(2001010, 'Phạm Long ', '123', 2, 12),
(2001023, 'Phạm Thị Kim Ngoan', '123', 5, 12),
(2003011, 'Bùi Chí Thành', '123', 2, 12),
(2004006, 'Nguyễn Đình Cường', '123', 2, 12),
(2008022, 'Đoàn Vũ Thịnh', '123456', 2, 12);

-- --------------------------------------------------------

--
-- Table structure for table `hinhthucphanloai`
--

CREATE TABLE `hinhthucphanloai` (
  `MaHinhThucPhanLoai` int(11) NOT NULL,
  `MaTieuChiDanhGia` int(11) NOT NULL,
  `NoiDungHinhThucPhanLoai` varchar(100) COLLATE utf8_unicode_ci NOT NULL,
  `NoiDungChiTiet` varchar(100) COLLATE utf8_unicode_ci NOT NULL,
  `Diem` int(11) NOT NULL
) ENGINE=InnoDB DEFAULT CHARSET=utf8 COLLATE=utf8_unicode_ci;

--
-- Dumping data for table `hinhthucphanloai`
--

INSERT INTO `hinhthucphanloai` (`MaHinhThucPhanLoai`, `MaTieuChiDanhGia`, `NoiDungHinhThucPhanLoai`, `NoiDungChiTiet`, `Diem`) VALUES
(1, 1, 'RD', 'Rất đúng', 5),
(2, 1, 'D', 'Đúng', 4),
(3, 1, 'TDD', 'Tương đối đúng', 3),
(4, 1, 'KD', 'Không đúng', 2),
(5, 1, 'RKD', 'Rất không đúng', 1),
(6, 2, 'RD', 'Rất đúng', 5),
(7, 2, 'D', 'Đúng', 4),
(8, 2, 'TDD', 'Tương đối đúng', 3),
(9, 2, 'KD', 'Không đúng', 2),
(10, 2, 'RKD', 'Rất không đúng', 1),
(11, 3, 'RD', 'Rất đúng', 5),
(12, 3, 'D', 'Đúng', 4),
(13, 3, 'TDD', 'Tương đối đúng', 3),
(14, 3, 'KD', 'Không đúng', 2),
(15, 3, 'RKD', 'Rất không đúng', 1),
(16, 4, 'RD', 'Rất đúng', 5),
(17, 4, 'D', 'Đúng', 4),
(18, 4, 'TDD', 'Tương đối đúng', 3),
(19, 4, 'KD', 'Không đúng', 2),
(20, 4, 'RKD', 'Rất không đúng', 1),
(21, 5, 'RD', 'Rất đúng', 5),
(22, 5, 'D', 'Đúng', 4),
(23, 5, 'TDD', 'Tương đối đúng', 3),
(24, 5, 'KD', 'Không đúng', 2),
(25, 5, 'RKD', 'Rất không đúng', 1),
(26, 6, 'RD', 'Rất đúng', 5),
(27, 6, 'D', 'Đúng', 4),
(28, 6, 'TDD', 'Tương đối đúng', 3),
(29, 6, 'KD', 'Không đúng', 2),
(30, 6, 'RKD', 'Rất không đúng', 1),
(31, 7, 'RD', 'Rất đúng', 5),
(32, 7, 'D', 'Đúng', 4),
(33, 7, 'TDD', 'Tương đối đúng', 3),
(34, 7, 'KD', 'Không đúng', 2),
(35, 7, 'RKD', 'Rất không đúng', 1),
(36, 8, 'RD', 'Rất đúng', 5),
(37, 8, 'D', 'Đúng', 4),
(38, 8, 'TDD', 'Tương đối đúng', 3),
(39, 8, 'KD', 'Không đúng', 2),
(40, 8, 'RKD', 'Rất không đúng', 1),
(41, 9, 'RD', 'Rất đúng', 5),
(42, 9, 'D', 'Đúng', 4),
(43, 9, 'TDD', 'Tương đối đúng', 3),
(44, 9, 'KD', 'Không đúng', 2),
(45, 9, 'RKD', 'Rất không đúng', 1),
(46, 10, 'RD', 'Rất đúng', 5),
(47, 10, 'D', 'Đúng', 4),
(48, 10, 'TDD', 'Tương đối đúng', 3),
(49, 10, 'KD', 'Không đúng', 2),
(50, 10, 'RKD', 'Rất không đúng', 1),
(51, 11, 'RD', 'Rất đúng', 5),
(52, 11, 'D', 'Đúng', 4),
(53, 11, 'TDD', 'Tương đối đúng', 3),
(54, 11, 'KD', 'Không đúng', 2),
(55, 11, 'RKD', 'Rất không đúng', 1),
(56, 12, 'RD', 'Rất đúng', 5),
(57, 12, 'D', 'Đúng', 4),
(58, 12, 'TDD', 'Tương đối đúng', 3),
(59, 12, 'KD', 'Không đúng', 2),
(60, 12, 'RKD', 'Rất không đúng', 1),
(61, 13, 'RD', 'Rất đúng', 5),
(62, 13, 'D', 'Đúng', 4),
(63, 13, 'TDD', 'Tương đối đúng', 3),
(64, 13, 'KD', 'Không đúng', 2),
(65, 13, 'RKD', 'Rất không đúng', 1),
(66, 14, 'RD', 'Rất đúng', 5),
(67, 14, 'D', 'Đúng', 4),
(68, 14, 'TDD', 'Tương đối đúng', 3),
(69, 14, 'KD', 'Không đúng', 2),
(70, 14, 'RKD', 'Rất không đúng', 1),
(71, 15, 'RD', 'Rất đúng', 5),
(72, 15, 'D', 'Đúng', 4),
(73, 15, 'TDD', 'Tương đối đúng', 3),
(74, 15, 'KD', 'Không đúng', 2),
(75, 15, 'RKD', 'Rất không đúng', 1),
(76, 16, 'RHL', 'Rất hài lòng', 5),
(77, 16, 'KHL', 'Khá hài lòng', 4),
(78, 16, 'THL', 'Tạm hài lòng', 3),
(79, 16, 'KHHL', 'Không hài lòng', 2),
(80, 16, 'RKHHL', 'Rất không hài lòng', 1),
(81, 17, 'NAM', 'Nam', 1),
(82, 17, 'NU', 'Nữ', 1),
(83, 18, '80', 'Trên 80%', 1),
(84, 18, '50', 'Từ 50-80%', 1),
(85, 18, 'DUOI50', 'Dưới 50%', 1),
(86, 19, 'XS', 'Xuất sắc', 5),
(87, 19, 'GIOI', 'Giỏi', 4),
(88, 19, 'KHA', 'Khá', 3),
(89, 19, 'TB', 'Trung bình', 2),
(90, 19, 'YEU', 'Yếu', 1),
(91, 19, 'HK1', 'SV học kỳ đầu tiên', 0);

-- --------------------------------------------------------

--
-- Table structure for table `hoatdongkhaosat`
--

CREATE TABLE `hoatdongkhaosat` (
  `MaHoatDong` int(11) NOT NULL,
  `TenHoatDong` varchar(100) COLLATE utf8_unicode_ci NOT NULL,
  `NoiDungRutGon` varchar(100) COLLATE utf8_unicode_ci NOT NULL
) ENGINE=InnoDB DEFAULT CHARSET=utf8 COLLATE=utf8_unicode_ci;

--
-- Dumping data for table `hoatdongkhaosat`
--

INSERT INTO `hoatdongkhaosat` (`MaHoatDong`, `TenHoatDong`, `NoiDungRutGon`) VALUES
(1, 'ĐÁNH GIÁ HỌC PHẦN', 'DGHP'),
(2, 'ĐÁNH GIÁ GIẢNG DẠY', 'DGGD');

-- --------------------------------------------------------

--
-- Table structure for table `hocky`
--

CREATE TABLE `hocky` (
  `MaHocKy` int(11) NOT NULL,
  `TenHocKy` varchar(100) COLLATE utf8_unicode_ci NOT NULL
) ENGINE=InnoDB DEFAULT CHARSET=utf8 COLLATE=utf8_unicode_ci;

--
-- Dumping data for table `hocky`
--

INSERT INTO `hocky` (`MaHocKy`, `TenHocKy`) VALUES
(1, '1'),
(2, '2'),
(3, '3');

-- --------------------------------------------------------

--
-- Table structure for table `hocphan`
--

CREATE TABLE `hocphan` (
  `MaHocPhan` int(11) NOT NULL,
  `MaBoMon` int(11) NOT NULL,
  `MaKhoa` int(11) NOT NULL,
  `TenHocPhan` varchar(100) COLLATE utf8_unicode_ci NOT NULL,
  `MaDuLieuHocPhan` varchar(100) COLLATE utf8_unicode_ci NOT NULL
) ENGINE=InnoDB DEFAULT CHARSET=utf8 COLLATE=utf8_unicode_ci;

--
-- Dumping data for table `hocphan`
--

INSERT INTO `hocphan` (`MaHocPhan`, `MaBoMon`, `MaKhoa`, `TenHocPhan`, `MaDuLieuHocPhan`) VALUES
(8, 8, 3, 'Ngôn ngữ lập trình C/C+++++', 'SOT31633'),
(16, 12, 5, 'ngôn ngữ lập trình c/c++', 'SOT316'),
(17, 12, 5, 't.hành tin học cơ sở', 'SOT304'),
(18, 12, 5, 'tin học cơ sở', 'SOT303'),
(19, 12, 5, 'toán rời rạc', 'SOT228'),
(20, 12, 5, 'nhập môn lập trình', 'SOT315'),
(21, 12, 5, 'thiết kế và lập trình web', 'SOT246'),
(22, 12, 5, 'lập trình hướng đối tượng', 'SOT331'),
(23, 12, 5, 'tin học cơ sở', 'SOT203'),
(24, 12, 5, 'quản lý dự án phần mềm', 'SOT352'),
(25, 8, 3, 'cơ khí điện từ', 'COK303');

-- --------------------------------------------------------

--
-- Table structure for table `khoa`
--

CREATE TABLE `khoa` (
  `MaKhoa` int(11) NOT NULL,
  `TenKhoa` varchar(100) COLLATE utf8_unicode_ci NOT NULL
) ENGINE=InnoDB DEFAULT CHARSET=utf8 COLLATE=utf8_unicode_ci;

--
-- Dumping data for table `khoa`
--

INSERT INTO `khoa` (`MaKhoa`, `TenKhoa`) VALUES
(3, 'Cơ khí'),
(5, 'công nghệ thông tin');

-- --------------------------------------------------------

--
-- Table structure for table `loaiphieu`
--

CREATE TABLE `loaiphieu` (
  `MaLoaiPhieu` int(11) NOT NULL,
  `TenLoaiPhieu` varchar(100) COLLATE utf8_unicode_ci NOT NULL
) ENGINE=InnoDB DEFAULT CHARSET=utf8 COLLATE=utf8_unicode_ci;

--
-- Dumping data for table `loaiphieu`
--

INSERT INTO `loaiphieu` (`MaLoaiPhieu`, `TenLoaiPhieu`) VALUES
(1, 'PHIẾU THU THẬP THÔNG TIN DẠY VÀ HỌC'),
(2, 'PHIẾU THU THẬP THÔNG TIN SINH VIÊN');

-- --------------------------------------------------------

--
-- Table structure for table `lophocphan`
--

CREATE TABLE `lophocphan` (
  `MaLopHocPhan` int(11) NOT NULL,
  `MaHocPhan` int(11) NOT NULL,
  `MaNamHoc` int(11) NOT NULL,
  `MaHocKy` int(11) NOT NULL,
  `MaGiaoVien` int(11) NOT NULL,
  `MaNhomHocPhan` int(11) NOT NULL,
  `MaHoatDongKhaoSat` int(11) NOT NULL
) ENGINE=InnoDB DEFAULT CHARSET=utf8 COLLATE=utf8_unicode_ci;

--
-- Dumping data for table `lophocphan`
--

INSERT INTO `lophocphan` (`MaLopHocPhan`, `MaHocPhan`, `MaNamHoc`, `MaHocKy`, `MaGiaoVien`, `MaNhomHocPhan`, `MaHoatDongKhaoSat`) VALUES
(50, 17, 5, 2, 2008022, 27, 1),
(51, 17, 5, 2, 2008022, 28, 1),
(52, 17, 5, 2, 2008022, 29, 1),
(53, 17, 5, 2, 2008022, 30, 1),
(54, 17, 5, 2, 2008022, 31, 1),
(55, 17, 5, 2, 2008022, 32, 1),
(56, 17, 5, 2, 2008022, 33, 1),
(57, 17, 5, 2, 2008022, 34, 1),
(58, 17, 5, 2, 2008022, 35, 1),
(59, 17, 5, 2, 2008022, 36, 1),
(60, 17, 5, 2, 2008022, 39, 1),
(61, 17, 5, 2, 2008022, 40, 1),
(62, 17, 5, 2, 2008022, 41, 1),
(63, 17, 5, 2, 2008022, 42, 1),
(64, 17, 5, 2, 2008022, 43, 1),
(65, 17, 5, 2, 2008022, 44, 1),
(66, 17, 5, 2, 2008022, 47, 1),
(67, 17, 5, 2, 2008022, 49, 1),
(68, 17, 5, 2, 2008022, 51, 1),
(69, 17, 5, 2, 2008022, 52, 1),
(70, 16, 5, 2, 2004006, 2, 1),
(71, 20, 5, 2, 2004006, 2, 1),
(72, 18, 5, 2, 2004006, 4, 1),
(73, 18, 5, 2, 2004006, 12, 1),
(74, 19, 5, 2, 2004006, 2, 1),
(75, 20, 8, 2, 2004006, 52, 1),
(76, 22, 5, 2, 2001023, 2, 1),
(77, 18, 5, 2, 2003011, 3, 1),
(78, 21, 5, 2, 2003011, 1, 1),
(79, 22, 5, 2, 2001023, 3, 1),
(80, 22, 5, 2, 2001023, 4, 1),
(81, 20, 5, 2, 2001023, 3, 1),
(82, 18, 5, 2, 2001023, 11, 1),
(84, 16, 5, 2, 2001010, 2, 1),
(85, 16, 5, 2, 2001010, 3, 1),
(86, 25, 5, 2, 2008022, 52, 1);

-- --------------------------------------------------------

--
-- Table structure for table `namhoc`
--

CREATE TABLE `namhoc` (
  `MaNamHoc` int(11) NOT NULL,
  `ThoiGian` varchar(100) COLLATE utf8_unicode_ci NOT NULL
) ENGINE=InnoDB DEFAULT CHARSET=utf8 COLLATE=utf8_unicode_ci;

--
-- Dumping data for table `namhoc`
--

INSERT INTO `namhoc` (`MaNamHoc`, `ThoiGian`) VALUES
(5, '2023'),
(7, '2022'),
(8, '2026'),
(9, '2027');

-- --------------------------------------------------------

--
-- Table structure for table `nhanvien`
--

CREATE TABLE `nhanvien` (
  `MaNhanVien` varchar(100) COLLATE utf8_unicode_ci NOT NULL,
  `TenNhanVien` varchar(100) COLLATE utf8_unicode_ci NOT NULL,
  `MatKhau` varchar(100) COLLATE utf8_unicode_ci NOT NULL,
  `MaChucVu` int(11) NOT NULL
) ENGINE=InnoDB DEFAULT CHARSET=utf8 COLLATE=utf8_unicode_ci;

--
-- Dumping data for table `nhanvien`
--

INSERT INTO `nhanvien` (`MaNhanVien`, `TenNhanVien`, `MatKhau`, `MaChucVu`) VALUES
('NV00', 'Quang Huy', '123', 1),
('NV02', 'Thành Long', '123', 3),
('NV03', 'Lý tiểu long', '123', 1);

-- --------------------------------------------------------

--
-- Table structure for table `nhomhocphan`
--

CREATE TABLE `nhomhocphan` (
  `MaNhomHocPhan` int(11) NOT NULL,
  `TenNhomHocPhan` varchar(100) COLLATE utf8_unicode_ci NOT NULL
) ENGINE=InnoDB DEFAULT CHARSET=utf8 COLLATE=utf8_unicode_ci;

--
-- Dumping data for table `nhomhocphan`
--

INSERT INTO `nhomhocphan` (`MaNhomHocPhan`, `TenNhomHocPhan`) VALUES
(1, '01'),
(2, '02'),
(3, '03'),
(4, '04'),
(5, '05'),
(6, '06'),
(7, '07'),
(8, '08'),
(9, '09'),
(10, '10'),
(11, '11'),
(12, '12'),
(13, '13'),
(14, '14'),
(15, '15'),
(16, '16'),
(17, '17'),
(18, '18'),
(19, '19'),
(20, '20'),
(21, '21'),
(22, '22'),
(23, '23'),
(24, '24'),
(25, '25'),
(26, '26'),
(27, '27'),
(28, '28'),
(29, '29'),
(30, '30'),
(31, '31'),
(32, '32'),
(33, '33'),
(34, '34'),
(35, '35'),
(36, '36'),
(37, '37'),
(38, '38'),
(39, '39'),
(40, '40'),
(41, '41'),
(42, '42'),
(43, '43'),
(44, '44'),
(45, '45'),
(46, '46'),
(47, '47'),
(48, '48'),
(49, '49'),
(50, '50'),
(51, '51'),
(52, '52'),
(53, '53'),
(54, '54'),
(55, '55'),
(56, '56'),
(57, '57'),
(58, '58'),
(59, '59'),
(60, '60');

-- --------------------------------------------------------

--
-- Table structure for table `nhomtieuchi`
--

CREATE TABLE `nhomtieuchi` (
  `MaNhomTieuChi` int(11) NOT NULL,
  `TenNhom` varchar(100) COLLATE utf8_unicode_ci NOT NULL
) ENGINE=InnoDB DEFAULT CHARSET=utf8 COLLATE=utf8_unicode_ci;

--
-- Dumping data for table `nhomtieuchi`
--

INSERT INTO `nhomtieuchi` (`MaNhomTieuChi`, `TenNhom`) VALUES
(1, 'I. Thông tin sinh viên'),
(2, 'II. Thông tin về dạy và học'),
(3, 'III. Ý kiến khác'),
(4, 'Câu hỏi góp ý');

-- --------------------------------------------------------

--
-- Table structure for table `phieukhaosat`
--

CREATE TABLE `phieukhaosat` (
  `MaPhieuKhaoSat` int(11) NOT NULL,
  `MaLoaiPhieu` int(11) NOT NULL,
  `MaLopHocPhan` int(11) NOT NULL,
  `MaHoatDongKhaoSat` int(11) NOT NULL
) ENGINE=InnoDB DEFAULT CHARSET=utf8 COLLATE=utf8_unicode_ci;

--
-- Dumping data for table `phieukhaosat`
--

INSERT INTO `phieukhaosat` (`MaPhieuKhaoSat`, `MaLoaiPhieu`, `MaLopHocPhan`, `MaHoatDongKhaoSat`) VALUES
(308, 1, 50, 1),
(309, 1, 50, 1),
(310, 1, 50, 1),
(311, 1, 50, 1),
(312, 1, 50, 1),
(313, 1, 50, 1),
(314, 1, 50, 1),
(315, 1, 50, 1),
(316, 1, 50, 1),
(317, 1, 50, 1),
(318, 1, 51, 1),
(319, 1, 51, 1),
(320, 1, 51, 1),
(321, 1, 51, 1),
(322, 1, 51, 1),
(323, 1, 51, 1),
(324, 1, 51, 1),
(325, 1, 51, 1),
(326, 1, 51, 1),
(327, 1, 51, 1),
(328, 1, 52, 1),
(329, 1, 52, 1),
(330, 1, 52, 1),
(331, 1, 52, 1),
(332, 1, 52, 1),
(333, 1, 52, 1),
(334, 1, 52, 1),
(335, 1, 52, 1),
(336, 1, 52, 1),
(337, 1, 52, 1),
(338, 1, 53, 1),
(339, 1, 53, 1),
(340, 1, 53, 1),
(341, 1, 53, 1),
(342, 1, 53, 1),
(343, 1, 53, 1),
(344, 1, 53, 1),
(345, 1, 53, 1),
(346, 1, 53, 1),
(347, 1, 53, 1),
(348, 1, 54, 1),
(349, 1, 54, 1),
(350, 1, 54, 1),
(351, 1, 54, 1),
(352, 1, 54, 1),
(353, 1, 54, 1),
(354, 1, 54, 1),
(355, 1, 54, 1),
(356, 1, 54, 1),
(357, 1, 54, 1),
(358, 1, 55, 1),
(359, 1, 55, 1),
(360, 1, 55, 1),
(361, 1, 55, 1),
(362, 1, 55, 1),
(363, 1, 55, 1),
(364, 1, 55, 1),
(365, 1, 55, 1),
(366, 1, 55, 1),
(367, 1, 55, 1),
(368, 1, 56, 1),
(369, 1, 56, 1),
(370, 1, 56, 1),
(371, 1, 56, 1),
(372, 1, 56, 1),
(373, 1, 56, 1),
(374, 1, 56, 1),
(375, 1, 56, 1),
(376, 1, 56, 1),
(377, 1, 56, 1),
(378, 1, 57, 1),
(379, 1, 57, 1),
(380, 1, 57, 1),
(381, 1, 57, 1),
(382, 1, 57, 1),
(383, 1, 57, 1),
(384, 1, 57, 1),
(385, 1, 57, 1),
(386, 1, 57, 1),
(387, 1, 57, 1),
(388, 1, 58, 1),
(389, 1, 58, 1),
(390, 1, 58, 1),
(391, 1, 58, 1),
(392, 1, 58, 1),
(393, 1, 58, 1),
(394, 1, 58, 1),
(395, 1, 58, 1),
(396, 1, 58, 1),
(397, 1, 58, 1),
(398, 1, 59, 1),
(399, 1, 59, 1),
(400, 1, 59, 1),
(401, 1, 59, 1),
(402, 1, 59, 1),
(403, 1, 59, 1),
(404, 1, 59, 1),
(405, 1, 59, 1),
(406, 1, 60, 1),
(407, 1, 60, 1),
(408, 1, 60, 1),
(409, 1, 60, 1),
(410, 1, 60, 1),
(411, 1, 60, 1),
(412, 1, 60, 1),
(413, 1, 60, 1),
(414, 1, 60, 1),
(415, 1, 60, 1),
(416, 1, 61, 1),
(417, 1, 61, 1),
(418, 1, 61, 1),
(419, 1, 61, 1),
(420, 1, 61, 1),
(421, 1, 61, 1),
(422, 1, 61, 1),
(423, 1, 61, 1),
(424, 1, 61, 1),
(425, 1, 61, 1),
(426, 1, 62, 1),
(427, 1, 62, 1),
(428, 1, 62, 1),
(429, 1, 62, 1),
(430, 1, 62, 1),
(431, 1, 62, 1),
(432, 1, 62, 1),
(433, 1, 62, 1),
(434, 1, 62, 1),
(435, 1, 62, 1),
(436, 1, 63, 1),
(437, 1, 63, 1),
(438, 1, 63, 1),
(439, 1, 63, 1),
(440, 1, 63, 1),
(441, 1, 63, 1),
(442, 1, 63, 1),
(443, 1, 63, 1),
(444, 1, 63, 1),
(445, 1, 63, 1),
(446, 1, 64, 1),
(447, 1, 64, 1),
(448, 1, 64, 1),
(449, 1, 64, 1),
(450, 1, 64, 1),
(451, 1, 64, 1),
(452, 1, 64, 1),
(453, 1, 64, 1),
(454, 1, 64, 1),
(455, 1, 64, 1),
(456, 1, 65, 1),
(457, 1, 65, 1),
(458, 1, 65, 1),
(459, 1, 65, 1),
(460, 1, 65, 1),
(461, 1, 65, 1),
(462, 1, 65, 1),
(463, 1, 65, 1),
(464, 1, 65, 1),
(465, 1, 65, 1),
(466, 1, 66, 1),
(467, 1, 66, 1),
(468, 1, 66, 1),
(469, 1, 66, 1),
(470, 1, 66, 1),
(471, 1, 66, 1),
(472, 1, 66, 1),
(473, 1, 66, 1),
(474, 1, 66, 1),
(475, 1, 66, 1),
(476, 1, 67, 1),
(477, 1, 67, 1),
(478, 1, 67, 1),
(479, 1, 67, 1),
(480, 1, 67, 1),
(481, 1, 67, 1),
(482, 1, 67, 1),
(483, 1, 67, 1),
(484, 1, 67, 1),
(485, 1, 67, 1),
(486, 1, 68, 1),
(487, 1, 68, 1),
(488, 1, 68, 1),
(489, 1, 68, 1),
(490, 1, 68, 1),
(491, 1, 68, 1),
(492, 1, 68, 1),
(493, 1, 68, 1),
(494, 1, 68, 1),
(495, 1, 68, 1),
(496, 1, 69, 1),
(497, 1, 69, 1),
(498, 1, 69, 1),
(499, 1, 69, 1),
(500, 1, 69, 1),
(501, 1, 69, 1),
(502, 1, 69, 1),
(503, 1, 69, 1),
(504, 1, 69, 1),
(505, 1, 69, 1),
(506, 1, 70, 1),
(507, 1, 70, 1),
(508, 1, 71, 1),
(509, 1, 71, 1),
(510, 1, 72, 1),
(511, 1, 72, 1),
(512, 1, 73, 1),
(513, 1, 73, 1),
(514, 1, 74, 1),
(515, 1, 74, 1),
(516, 1, 75, 1),
(517, 1, 75, 1),
(518, 1, 76, 1),
(519, 1, 76, 1),
(520, 1, 77, 1),
(521, 1, 77, 1),
(522, 1, 78, 1),
(523, 1, 78, 1),
(524, 1, 79, 1),
(525, 1, 79, 1),
(526, 1, 80, 1),
(527, 1, 80, 1),
(528, 1, 81, 1),
(529, 1, 81, 1),
(530, 1, 82, 1),
(531, 1, 82, 1),
(534, 1, 84, 1),
(535, 1, 84, 1),
(536, 1, 84, 1),
(537, 1, 84, 1),
(538, 1, 84, 1),
(539, 1, 84, 1),
(540, 1, 84, 1),
(541, 1, 84, 1),
(542, 1, 84, 1),
(543, 1, 84, 1),
(544, 1, 85, 1),
(545, 1, 85, 1),
(546, 1, 86, 1),
(547, 1, 86, 1),
(548, 1, 86, 1),
(549, 1, 86, 1),
(550, 1, 86, 1),
(551, 1, 86, 1),
(552, 1, 86, 1),
(553, 1, 86, 1),
(554, 1, 86, 1),
(555, 1, 86, 1);

-- --------------------------------------------------------

--
-- Table structure for table `tieuchidanhgia`
--

CREATE TABLE `tieuchidanhgia` (
  `MaTieuChi` int(11) NOT NULL,
  `NoiDung` varchar(100) COLLATE utf8_unicode_ci NOT NULL,
  `MaNhomTieuChi` int(11) NOT NULL
) ENGINE=InnoDB DEFAULT CHARSET=utf8 COLLATE=utf8_unicode_ci;

--
-- Dumping data for table `tieuchidanhgia`
--

INSERT INTO `tieuchidanhgia` (`MaTieuChi`, `NoiDung`, `MaNhomTieuChi`) VALUES
(1, 'GV có phương pháp truyền đạt rõ ràng dễ hiểu.', 2),
(2, 'GV có tác phong và cách cư xử chuẩn mực.', 2),
(3, 'GV đảm bảo giờ lên lớp đúng theo thời khóa biểu.', 2),
(4, 'GV giới thiệu đầy đủ giáo trình/bài giảng và các tài liệu tham khảo.', 2),
(5, ' GV giới thiệu đề cương chi tiết học phần với đầy đủ thông tin.', 2),
(6, 'GV nhiệt tình và có trách nhiệm trong giảng dạy.', 2),
(7, 'GV phối hợp hiệu quả các phương pháp giảng dạy.', 2),
(8, 'GV thường xuyên có sự liên hệ giữa lý thuyết và thực tiễn trong giảng dạy.', 2),
(9, 'GV thường xuyên kiểm tra kết quả tự học, tự nghiên cứu của SV.', 2),
(10, 'SV cảm thấy hứng thú trong giờ học.', 2),
(11, 'SV được GV tư vấn học tập ngoài giờ lên lớp (thông qua gặp gỡ hoặc email).', 2),
(12, 'SV được kiểm tra-đánh giá công bằng, đúng thực chất trong quá trình học.', 2),
(13, 'SV được kiểm tra-đánh giá theo đúng kế hoạch và nội dung đã công bố.', 2),
(14, 'SV được tạo nhiều cơ hội để chia sẻ ý kiến, quan điểm, hiểu biết.', 2),
(15, 'SV nhận được nhiều kiến thức, kỹ năng cần thiết từ học phần.', 2),
(16, 'Cảm nhận chung của anh/chị về học phần này.', 3),
(17, 'Giới tính.', 1),
(18, 'Tỷ lệ thời gian tham dự lớp học của anh/chị đối với HP này.', 1),
(19, 'Xếp loại học lực của anh/chị trong học kỳ vừa qua (nếu có).', 1),
(20, 'Những ưu điểm nổi bật của GV trong quá trình giảng dạy học phần:', 4),
(21, 'Những góp ý cho GV nhằm nâng cao hơn nữa chất lượng giảng dạy của học phần:', 4),
(22, 'Những góp ý cho Nhà trường nhằm nâng cao hơn nữa chất lượng giảng dạy của học phần:', 4);

--
-- Indexes for dumped tables
--

--
-- Indexes for table `bomon`
--
ALTER TABLE `bomon`
  ADD PRIMARY KEY (`MaBoMon`),
  ADD KEY `fk_bomon_khoa` (`MaKhoa`);

--
-- Indexes for table `cauhoicuahoatdong`
--
ALTER TABLE `cauhoicuahoatdong`
  ADD PRIMARY KEY (`MaHoatDongCauHoi`),
  ADD KEY `fk_CauHoiHoatDong_MaHoatDong` (`MaHoatDongKhaoSat`),
  ADD KEY `fk_CauHoiHoatDong_MaTieuChi` (`MaCauHoi`);

--
-- Indexes for table `chitietkhaosatcauhoimo`
--
ALTER TABLE `chitietkhaosatcauhoimo`
  ADD PRIMARY KEY (`MaChiTietPhieuCauHoiMo`),
  ADD KEY `fk_CauHoiMo_TieuChiDanhGia` (`MaTieuChiDanhGia`),
  ADD KEY `fk_CauHoiMo_HoatDongKhaoSat` (`MaHoatDongKhaoSat`),
  ADD KEY `fk_CauHoiMo_LopHocPhan` (`MaLopHocPhan`);

--
-- Indexes for table `chitietkhaosatphieu`
--
ALTER TABLE `chitietkhaosatphieu`
  ADD PRIMARY KEY (`MaChiTietKhaoSatPhieu`),
  ADD KEY `fk_ChiTietKhaoSatPhieu_TieuChiDanhGia` (`MaTieuChiDanhGia`),
  ADD KEY `fk_ChitTietKhaoSatPhieu_MaHinhThucPhanLoai` (`MaHinhThucPhanLoai`),
  ADD KEY `fk_ChitietKhaoSatPhieu_PhieuKhaoSat` (`MaPhieuKhaoSat`);

--
-- Indexes for table `chucvu`
--
ALTER TABLE `chucvu`
  ADD PRIMARY KEY (`MaChucVu`);

--
-- Indexes for table `giaovien`
--
ALTER TABLE `giaovien`
  ADD PRIMARY KEY (`MaGiaoVien`),
  ADD KEY `fk_giaovien_bomon` (`MaBoMon`),
  ADD KEY `fk_giaovien_chucvu` (`MaChucVu`);

--
-- Indexes for table `hinhthucphanloai`
--
ALTER TABLE `hinhthucphanloai`
  ADD PRIMARY KEY (`MaHinhThucPhanLoai`),
  ADD KEY `fk_HinhThucPhanLoai_TieuChiDanhGia` (`MaTieuChiDanhGia`);

--
-- Indexes for table `hoatdongkhaosat`
--
ALTER TABLE `hoatdongkhaosat`
  ADD PRIMARY KEY (`MaHoatDong`);

--
-- Indexes for table `hocky`
--
ALTER TABLE `hocky`
  ADD PRIMARY KEY (`MaHocKy`);

--
-- Indexes for table `hocphan`
--
ALTER TABLE `hocphan`
  ADD PRIMARY KEY (`MaHocPhan`),
  ADD KEY `fk_hocphan_khoa` (`MaKhoa`),
  ADD KEY `fk_hocphan_bomon` (`MaBoMon`);

--
-- Indexes for table `khoa`
--
ALTER TABLE `khoa`
  ADD PRIMARY KEY (`MaKhoa`);

--
-- Indexes for table `loaiphieu`
--
ALTER TABLE `loaiphieu`
  ADD PRIMARY KEY (`MaLoaiPhieu`);

--
-- Indexes for table `lophocphan`
--
ALTER TABLE `lophocphan`
  ADD PRIMARY KEY (`MaLopHocPhan`),
  ADD KEY `fk_LopHocPhan_NhomHocPhan` (`MaNhomHocPhan`),
  ADD KEY `fk_LopHocPhan_HocKy` (`MaHocKy`),
  ADD KEY `fk_LopHocPhan_HocPhan` (`MaHocPhan`),
  ADD KEY `fk_lopHocPhan_NamHoc` (`MaNamHoc`),
  ADD KEY `fk_lopHocPhan_GiaoVien` (`MaGiaoVien`);

--
-- Indexes for table `namhoc`
--
ALTER TABLE `namhoc`
  ADD PRIMARY KEY (`MaNamHoc`);

--
-- Indexes for table `nhanvien`
--
ALTER TABLE `nhanvien`
  ADD PRIMARY KEY (`MaNhanVien`),
  ADD KEY `fk_nhanvien_chucvu` (`MaChucVu`);

--
-- Indexes for table `nhomhocphan`
--
ALTER TABLE `nhomhocphan`
  ADD PRIMARY KEY (`MaNhomHocPhan`);

--
-- Indexes for table `nhomtieuchi`
--
ALTER TABLE `nhomtieuchi`
  ADD PRIMARY KEY (`MaNhomTieuChi`);

--
-- Indexes for table `phieukhaosat`
--
ALTER TABLE `phieukhaosat`
  ADD PRIMARY KEY (`MaPhieuKhaoSat`),
  ADD KEY `fk_PhieuKhaoSat_LoaiPhieu` (`MaLoaiPhieu`),
  ADD KEY `fk_PhieuKhaoSat_HoatDongKhaoSat` (`MaHoatDongKhaoSat`),
  ADD KEY `fk_PhieuKhaoSat_LopHocPhan` (`MaLopHocPhan`);

--
-- Indexes for table `tieuchidanhgia`
--
ALTER TABLE `tieuchidanhgia`
  ADD PRIMARY KEY (`MaTieuChi`),
  ADD KEY `fk_TieuChiDanhGia_NhomTieuChi` (`MaNhomTieuChi`);

--
-- AUTO_INCREMENT for dumped tables
--

--
-- AUTO_INCREMENT for table `bomon`
--
ALTER TABLE `bomon`
  MODIFY `MaBoMon` int(11) NOT NULL AUTO_INCREMENT, AUTO_INCREMENT=13;

--
-- AUTO_INCREMENT for table `cauhoicuahoatdong`
--
ALTER TABLE `cauhoicuahoatdong`
  MODIFY `MaHoatDongCauHoi` int(11) NOT NULL AUTO_INCREMENT, AUTO_INCREMENT=77;

--
-- AUTO_INCREMENT for table `chitietkhaosatcauhoimo`
--
ALTER TABLE `chitietkhaosatcauhoimo`
  MODIFY `MaChiTietPhieuCauHoiMo` int(11) NOT NULL AUTO_INCREMENT, AUTO_INCREMENT=242;

--
-- AUTO_INCREMENT for table `chitietkhaosatphieu`
--
ALTER TABLE `chitietkhaosatphieu`
  MODIFY `MaChiTietKhaoSatPhieu` int(11) NOT NULL AUTO_INCREMENT, AUTO_INCREMENT=10544;

--
-- AUTO_INCREMENT for table `chucvu`
--
ALTER TABLE `chucvu`
  MODIFY `MaChucVu` int(11) NOT NULL AUTO_INCREMENT, AUTO_INCREMENT=16;

--
-- AUTO_INCREMENT for table `giaovien`
--
ALTER TABLE `giaovien`
  MODIFY `MaGiaoVien` int(11) NOT NULL AUTO_INCREMENT, AUTO_INCREMENT=2008022124;

--
-- AUTO_INCREMENT for table `hinhthucphanloai`
--
ALTER TABLE `hinhthucphanloai`
  MODIFY `MaHinhThucPhanLoai` int(11) NOT NULL AUTO_INCREMENT, AUTO_INCREMENT=1001;

--
-- AUTO_INCREMENT for table `hoatdongkhaosat`
--
ALTER TABLE `hoatdongkhaosat`
  MODIFY `MaHoatDong` int(11) NOT NULL AUTO_INCREMENT, AUTO_INCREMENT=3;

--
-- AUTO_INCREMENT for table `hocky`
--
ALTER TABLE `hocky`
  MODIFY `MaHocKy` int(11) NOT NULL AUTO_INCREMENT, AUTO_INCREMENT=4;

--
-- AUTO_INCREMENT for table `hocphan`
--
ALTER TABLE `hocphan`
  MODIFY `MaHocPhan` int(11) NOT NULL AUTO_INCREMENT, AUTO_INCREMENT=26;

--
-- AUTO_INCREMENT for table `khoa`
--
ALTER TABLE `khoa`
  MODIFY `MaKhoa` int(11) NOT NULL AUTO_INCREMENT, AUTO_INCREMENT=7;

--
-- AUTO_INCREMENT for table `loaiphieu`
--
ALTER TABLE `loaiphieu`
  MODIFY `MaLoaiPhieu` int(11) NOT NULL AUTO_INCREMENT, AUTO_INCREMENT=3;

--
-- AUTO_INCREMENT for table `lophocphan`
--
ALTER TABLE `lophocphan`
  MODIFY `MaLopHocPhan` int(11) NOT NULL AUTO_INCREMENT, AUTO_INCREMENT=87;

--
-- AUTO_INCREMENT for table `namhoc`
--
ALTER TABLE `namhoc`
  MODIFY `MaNamHoc` int(11) NOT NULL AUTO_INCREMENT, AUTO_INCREMENT=10;

--
-- AUTO_INCREMENT for table `nhomhocphan`
--
ALTER TABLE `nhomhocphan`
  MODIFY `MaNhomHocPhan` int(11) NOT NULL AUTO_INCREMENT, AUTO_INCREMENT=61;

--
-- AUTO_INCREMENT for table `nhomtieuchi`
--
ALTER TABLE `nhomtieuchi`
  MODIFY `MaNhomTieuChi` int(11) NOT NULL AUTO_INCREMENT, AUTO_INCREMENT=5;

--
-- AUTO_INCREMENT for table `phieukhaosat`
--
ALTER TABLE `phieukhaosat`
  MODIFY `MaPhieuKhaoSat` int(11) NOT NULL AUTO_INCREMENT, AUTO_INCREMENT=556;

--
-- AUTO_INCREMENT for table `tieuchidanhgia`
--
ALTER TABLE `tieuchidanhgia`
  MODIFY `MaTieuChi` int(11) NOT NULL AUTO_INCREMENT, AUTO_INCREMENT=23;

--
-- Constraints for dumped tables
--

--
-- Constraints for table `bomon`
--
ALTER TABLE `bomon`
  ADD CONSTRAINT `fk_bomon_khoa` FOREIGN KEY (`MaKhoa`) REFERENCES `khoa` (`MaKhoa`) ON DELETE CASCADE ON UPDATE CASCADE;

--
-- Constraints for table `cauhoicuahoatdong`
--
ALTER TABLE `cauhoicuahoatdong`
  ADD CONSTRAINT `fk_CauHoiHoatDong_MaHoatDong` FOREIGN KEY (`MaHoatDongKhaoSat`) REFERENCES `hoatdongkhaosat` (`MaHoatDong`),
  ADD CONSTRAINT `fk_CauHoiHoatDong_MaTieuChi` FOREIGN KEY (`MaCauHoi`) REFERENCES `tieuchidanhgia` (`MaTieuChi`);

--
-- Constraints for table `chitietkhaosatcauhoimo`
--
ALTER TABLE `chitietkhaosatcauhoimo`
  ADD CONSTRAINT `fk_CauHoiMo_HoatDongKhaoSat` FOREIGN KEY (`MaHoatDongKhaoSat`) REFERENCES `hoatdongkhaosat` (`MaHoatDong`),
  ADD CONSTRAINT `fk_CauHoiMo_LopHocPhan` FOREIGN KEY (`MaLopHocPhan`) REFERENCES `lophocphan` (`MaLopHocPhan`) ON DELETE CASCADE,
  ADD CONSTRAINT `fk_CauHoiMo_TieuChiDanhGia` FOREIGN KEY (`MaTieuChiDanhGia`) REFERENCES `tieuchidanhgia` (`MaTieuChi`);

--
-- Constraints for table `chitietkhaosatphieu`
--
ALTER TABLE `chitietkhaosatphieu`
  ADD CONSTRAINT `fk_ChiTietKhaoSatPhieu_TieuChiDanhGia` FOREIGN KEY (`MaTieuChiDanhGia`) REFERENCES `tieuchidanhgia` (`MaTieuChi`),
  ADD CONSTRAINT `fk_ChitTietKhaoSatPhieu_MaHinhThucPhanLoai` FOREIGN KEY (`MaHinhThucPhanLoai`) REFERENCES `hinhthucphanloai` (`MaHinhThucPhanLoai`),
  ADD CONSTRAINT `fk_ChitietKhaoSatPhieu_PhieuKhaoSat` FOREIGN KEY (`MaPhieuKhaoSat`) REFERENCES `phieukhaosat` (`MaPhieuKhaoSat`) ON DELETE CASCADE;

--
-- Constraints for table `giaovien`
--
ALTER TABLE `giaovien`
  ADD CONSTRAINT `fk_giaovien_bomon` FOREIGN KEY (`MaBoMon`) REFERENCES `bomon` (`MaBoMon`) ON DELETE CASCADE ON UPDATE CASCADE,
  ADD CONSTRAINT `fk_giaovien_chucvu` FOREIGN KEY (`MaChucVu`) REFERENCES `chucvu` (`MaChucVu`) ON DELETE CASCADE;

--
-- Constraints for table `hinhthucphanloai`
--
ALTER TABLE `hinhthucphanloai`
  ADD CONSTRAINT `fk_HinhThucPhanLoai_TieuChiDanhGia` FOREIGN KEY (`MaTieuChiDanhGia`) REFERENCES `tieuchidanhgia` (`MaTieuChi`);

--
-- Constraints for table `hocphan`
--
ALTER TABLE `hocphan`
  ADD CONSTRAINT `fk_hocphan_bomon` FOREIGN KEY (`MaBoMon`) REFERENCES `bomon` (`MaBoMon`) ON DELETE CASCADE ON UPDATE CASCADE,
  ADD CONSTRAINT `fk_hocphan_khoa` FOREIGN KEY (`MaKhoa`) REFERENCES `khoa` (`MaKhoa`);

--
-- Constraints for table `lophocphan`
--
ALTER TABLE `lophocphan`
  ADD CONSTRAINT `fk_LopHocPhan_HocKy` FOREIGN KEY (`MaHocKy`) REFERENCES `hocky` (`MaHocKy`),
  ADD CONSTRAINT `fk_LopHocPhan_HocPhan` FOREIGN KEY (`MaHocPhan`) REFERENCES `hocphan` (`MaHocPhan`) ON DELETE CASCADE ON UPDATE CASCADE,
  ADD CONSTRAINT `fk_LopHocPhan_NhomHocPhan` FOREIGN KEY (`MaNhomHocPhan`) REFERENCES `nhomhocphan` (`MaNhomHocPhan`),
  ADD CONSTRAINT `fk_lopHocPhan_GiaoVien` FOREIGN KEY (`MaGiaoVien`) REFERENCES `giaovien` (`MaGiaoVien`) ON DELETE CASCADE ON UPDATE CASCADE,
  ADD CONSTRAINT `fk_lopHocPhan_NamHoc` FOREIGN KEY (`MaNamHoc`) REFERENCES `namhoc` (`MaNamHoc`) ON DELETE CASCADE;

--
-- Constraints for table `nhanvien`
--
ALTER TABLE `nhanvien`
  ADD CONSTRAINT `fk_nhanvien_chucvu` FOREIGN KEY (`MaChucVu`) REFERENCES `chucvu` (`MaChucVu`) ON DELETE CASCADE;

--
-- Constraints for table `phieukhaosat`
--
ALTER TABLE `phieukhaosat`
  ADD CONSTRAINT `fk_PhieuKhaoSat_HoatDongKhaoSat` FOREIGN KEY (`MaHoatDongKhaoSat`) REFERENCES `hoatdongkhaosat` (`MaHoatDong`),
  ADD CONSTRAINT `fk_PhieuKhaoSat_LoaiPhieu` FOREIGN KEY (`MaLoaiPhieu`) REFERENCES `loaiphieu` (`MaLoaiPhieu`),
  ADD CONSTRAINT `fk_PhieuKhaoSat_LopHocPhan` FOREIGN KEY (`MaLopHocPhan`) REFERENCES `lophocphan` (`MaLopHocPhan`) ON DELETE CASCADE;

--
-- Constraints for table `tieuchidanhgia`
--
ALTER TABLE `tieuchidanhgia`
  ADD CONSTRAINT `fk_TieuChiDanhGia_NhomTieuChi` FOREIGN KEY (`MaNhomTieuChi`) REFERENCES `nhomtieuchi` (`MaNhomTieuChi`);
COMMIT;

/*!40101 SET CHARACTER_SET_CLIENT=@OLD_CHARACTER_SET_CLIENT */;
/*!40101 SET CHARACTER_SET_RESULTS=@OLD_CHARACTER_SET_RESULTS */;
/*!40101 SET COLLATION_CONNECTION=@OLD_COLLATION_CONNECTION */;
